qos_regime,load,algorithm,mean_latency_ms_n,mean_latency_ms_mean,mean_latency_ms_sd,mean_latency_ms_ci95,p95_latency_ms_n,p95_latency_ms_mean,p95_latency_ms_sd,p95_latency_ms_ci95,dmr_pct_n,dmr_pct_mean,dmr_pct_sd,dmr_pct_ci95,throughput_tasks_s_n,throughput_tasks_s_mean,throughput_tasks_s_sd,throughput_tasks_s_ci95,energy_j_n,energy_j_mean,energy_j_sd,energy_j_ci95,monetary_cost_n,monetary_cost_mean,monetary_cost_sd,monetary_cost_ci95,run_cost_index_n,run_cost_index_mean,run_cost_index_sd,run_cost_index_ci95,fairness_n,fairness_mean,fairness_sd,fairness_ci95,rejection_rate_pct_n,rejection_rate_pct_mean,rejection_rate_pct_sd,rejection_rate_pct_ci95,network_failure_rate_pct_n,network_failure_rate_pct_mean,network_failure_rate_pct_sd,network_failure_rate_pct_ci95,mean_packet_loss_pct_n,mean_packet_loss_pct_mean,mean_packet_loss_pct_sd,mean_packet_loss_pct_ci95,mean_jitter_ms_n,mean_jitter_ms_mean,mean_jitter_ms_sd,mean_jitter_ms_ci95,p95_jitter_ms_n,p95_jitter_ms_mean,p95_jitter_ms_sd,p95_jitter_ms_ci95,retransmission_overhead_pct_n,retransmission_overhead_pct_mean,retransmission_overhead_pct_sd,retransmission_overhead_pct_ci95,retransmission_energy_j_n,retransmission_energy_j_mean,retransmission_energy_j_sd,retransmission_energy_j_ci95,sla_success_pct_n,sla_success_pct_mean,sla_success_pct_sd,sla_success_pct_ci95,decision_median_us_n,decision_median_us_mean,decision_median_us_sd,decision_median_us_ci95,decision_p95_us_n,decision_p95_us_mean,decision_p95_us_sd,decision_p95_us_ci95
clean,high,DRL-OO,30,383.59440829426546,11.225164395246244,4.191540590052005,30,872.9970502468182,45.733989415766196,17.07733323374527,30,8.571136479618575,0.8812186971741237,0.32905210185450107,30,17.835925925925928,0.36443280204435935,0.1360812927392152,30,276.370910046337,25.47784805964104,9.51357419178541,30,21.960860457023724,1.6728754881327268,0.6246612756585439,30,0.36499438582930055,0.009855009843408386,0.003679917043486841,30,0.785377247376336,0.04005711877670299,0.014957557266973258,30,0.401606420984033,0.304318238201898,0.11363417076159345,30,0.0,0.0,0.0,30,0.11707186949148006,0.004940879659561525,0.0018449527253591867,30,3.8717666147263197,0.19541923981241743,0.07297066189050552,30,7.674444701602142,0.4498972488472279,0.16799420600864318,30,0.13013338591246076,0.04535042521707763,0.01693410816807276,30,0.005798798748226403,0.002188793962459131,0.0008173081848844456,30,91.42886352038143,0.8812186971741242,0.32905210185450123,30,274.59833333333336,19.674206303639313,7.346461164852472,30,496.8861666666665,95.32624106541134,35.595363653824585
clean,high,DT-KF-CostAware,30,388.2280472925003,12.637734402646544,4.719002310328979,30,757.734715878696,24.870709895748195,9.28686532872375,30,9.361065863988177,1.2699140566232798,0.47419317230385305,30,17.825555555555557,0.36755552312517475,0.1372473346519013,30,225.05951142233118,18.67447968723481,6.973157528124495,30,19.518876744388876,1.4922606654052197,0.5572186677847565,30,0.41899295311956825,0.012155499367804756,0.004538932990066685,30,0.9310871733357059,0.026235910574357976,0.009796639070690753,30,0.43471070534921036,0.2651668630956062,0.09901482336175753,30,0.0,0.0,0.0,30,0.12125916219943535,0.003992353962539479,0.0014907678047838605,30,3.7738014206064703,0.16512846238758458,0.06165991234511923,30,7.446359347347065,0.36386132691087913,0.13586790065569238,30,0.12183602772037212,0.03484474383036011,0.013011226648651203,30,0.005516276448537662,0.0022673491078469593,0.0008466411254861851,30,90.63893413601183,1.2699140566232803,0.4741931723038532,30,197.91833333333335,15.619337502691605,5.83234996183922,30,374.2629999999999,151.26630274977373,56.48370264860279
clean,high,DT-OPT,30,440.2995503675009,14.84087033313722,5.5416658681085345,30,1006.9425357179565,56.27834294284638,21.0146551515723,30,13.921426771686079,1.6879955274581502,0.6303071848251423,30,17.80740740740741,0.3633055437523445,0.13566036804536805,30,188.67513704719224,19.32729715509042,7.216923304558964,30,17.44146675923023,1.5837637573100332,0.5913864456746473,30,0.38392140332224495,0.010994411292825993,0.004105376061763715,30,0.9279075715807193,0.022742386494043955,0.008492137197100232,30,0.4859420656218155,0.3648352527373845,0.13623157012989856,30,0.0,0.0,0.0,30,0.1215592772222531,0.0038792301711695677,0.0014485267340492202,30,3.7700497747773216,0.15247926873363662,0.05693663108481052,30,7.485934149850303,0.34536533703902683,0.1289613922455446,30,0.12705519880370522,0.039796240596517,0.014860143862340044,30,0.006006910279749976,0.0024910142231713943,0.0009301589588515526,30,86.07857322831391,1.687995527458149,0.6303071848251419,30,201.84,61.225737488694094,22.862040572734116,30,389.52766666666656,269.28865686936325,100.55392473241032
clean,high,Fog-only,30,632.5791603972045,204.94419156931124,76.52733335664593,30,1399.1907115173517,487.76711718128644,182.13503144985927,30,43.39489497172742,19.065669090866084,7.1192298889367,30,17.815555555555555,0.35444750716316925,0.13235272651742594,30,117.88696491697435,12.766468363415871,4.767072307603256,30,13.955071337752342,0.8400912115303578,0.3136948634771611,30,0.41787526691486626,0.023792104836359313,0.008884108030222307,30,0.9851828341076655,0.010882279505506541,0.004063505411015508,30,0.0,0.0,0.0,30,0.0,0.0,0.0,30,0.12386785125755814,0.0038371839524666395,0.0014328264354926876,30,3.728101971304668,0.13697908422867763,0.05114877353384718,30,7.328493009002257,0.29986086686002084,0.11196976280759278,30,0.15407764348869532,0.03865159292768233,0.0144327258757259,30,0.00965364488227367,0.003248346978310858,0.0012129513413566414,30,56.60510502827258,19.065669090866084,7.1192298889367,30,22.873333333333335,2.3030614307966233,0.8599763111402994,30,38.61649999999999,7.9723539713705405,2.9769225725917647
clean,high,SemiGreedy,30,310.3478911718197,12.95150350121212,4.8361654864067045,30,533.4094840604828,34.50860087008069,12.885708944637166,30,1.2544592229372726,1.0766908662977208,0.40204252785254224,30,17.922592592592594,0.38052285659035356,0.14208941113739623,30,369.10663435545683,14.228994491996042,5.31318792926413,30,26.811749004235175,1.0596206436328135,0.39566840907246575,30,0.34947631594066303,0.010527212598722236,0.0039309213971367545,30,0.6647611086819596,0.03579636622514137,0.013366567893882082,30,0.0,0.0,0.0,30,0.0,0.0,0.0,30,0.11554855702189311,0.005405811307930912,0.002018560862142053,30,3.9365005352061178,0.2319213818773325,0.08660077051980367,30,7.810255998562705,0.551711847913153,0.2060123596514909,30,0.11647792920439043,0.033271599557020026,0.012423805579031477,30,0.0039247442572658406,0.0018030232996652114,0.0006732592128946231,30,98.74554077706271,1.0766908662977202,0.402042527852542,30,219.19833333333332,25.12454660195927,9.38164940669943,30,410.2316666666665,120.85246363982858,45.127001166116415
clean,low,DRL-OO,30,232.4289976991873,13.323226726744469,4.974969064975561,30,541.6749640216893,72.66226237856075,27.132504380401546,30,0.31695779844810207,0.30456445559127815,0.11372610974308403,30,4.972222222222222,0.2305295881605098,0.08608106678526307,30,85.85198573172569,10.287225996332639,3.841309027146817,30,3.914034756178109,0.3807376073175336,0.14216960028724063,30,0.25075949582680734,0.008912730010819096,0.00332806436441534,30,0.3706179035009422,0.03474304025967323,0.012973249953640143,30,0.0,0.0,0.0,30,0.0,0.0,0.0,30,0.07803186535385628,0.004458834905246867,0.0016649544569340756,30,2.3365220805684768,0.1484725444230907,0.05544049730988661,30,4.501374925069801,0.3706054945271588,0.13838621141840352,30,0.11182188724155583,0.05533529040048988,0.020662513938254034,30,0.0010527201920942353,0.0006224191485790742,0.00023241487014654712,30,99.6830422015519,0.30456445559127854,0.11372610974308417,30,294.97666666666663,19.822312981940904,7.401765045659936,30,594.6801666666665,92.40600348539955,34.50493023848874
clean,low,DT-KF-CostAware,30,217.46878283159074,9.657431931528642,3.606140321099382,30,461.83146738273155,39.7689213961955,14.84994271668165,30,0.12520802664775155,0.18163895341874423,0.06782502413164261,30,4.972222222222222,0.23032636440969625,0.08600518187432508,30,109.43829878106656,15.264282390935968,5.699770352291633,30,4.142469849832043,0.3155519779298131,0.11782891342991254,30,0.2729379215873657,0.0076888080045831204,0.0028710448867880424,30,0.6268931006145139,0.13122442867735615,0.04899995223592953,30,0.0,0.0,0.0,30,0.0,0.0,0.0,30,0.07822561551816125,0.003449067283866517,0.001287901451516318,30,2.376270238867489,0.1351308498272769,0.05045863223696939,30,4.661222055685922,0.3438276399074493,0.12838720734140696,30,0.08899735147655298,0.05680957875210447,0.021213021641272655,30,0.0006564394350995453,0.00043686182421262743,0.00016312670389102333,30,99.87479197335226,0.18163895341874478,0.06782502413164282,30,228.68166666666667,15.469728411528006,5.77648507147569,30,433.6266666666666,53.263538400940924,19.888909891768233
clean,low,DT-OPT,30,224.37894255077256,12.237961830253811,4.56972494520787,30,491.314946066722,56.27263525807032,21.012523869430527,30,0.40371084768113275,0.3188163695909822,0.11904785594761964,30,4.972222222222222,0.2305295881605098,0.08608106678526307,30,96.58757813237658,14.625878101275957,5.461386539034835,30,3.6222463663104323,0.32396243494047916,0.12096942618320669,30,0.2492315985644848,0.008535965095223518,0.003187378189939786,30,0.38346956113114267,0.035946603634957636,0.01342266740202433,30,0.0,0.0,0.0,30,0.0,0.0,0.0,30,0.07887674637005822,0.0041690239551609,0.0015567373905326868,30,2.3697222124433486,0.15087118298654745,0.05633616266903722,30,4.620865010426652,0.35058468555023914,0.1309103268328758,30,0.09079281739988881,0.06351097609711408,0.023715361740057315,30,0.0008087586842682546,0.0005469625053256881,0.00020423892796439224,30,99.59628915231886,0.3188163695909811,0.11904785594761924,30,223.91833333333335,14.589288012533158,5.447723590612983,30,434.17483333333325,53.422932204401626,19.948428449669375
clean,low,Fog-only,30,213.48296944493163,10.650228680209004,3.976856305582219,30,461.7467206528808,53.127317193985434,19.83804411394304,30,0.0,0.0,0.0,30,4.973333333333333,0.2303790350425652,0.08602484938989995,30,111.08469364233133,17.429664760356992,6.508336514427747,30,3.9307408315522645,0.3928826251858324,0.14670461942544047,30,0.25163853199615915,0.01112975130184522,0.004155912795239291,30,0.33699744419604133,0.022196886360656476,0.008288444327181935,30,0.0,0.0,0.0,30,0.0,0.0,0.0,30,0.07814336610030638,0.004959829120034743,0.0018520285622856123,30,2.368116843775948,0.16736368532679163,0.06249455737548238,30,4.672252467219598,0.35447248652580415,0.13236205395430892,30,0.10131214902179268,0.06361085895442757,0.02375265857028077,30,0.0008931012151887301,0.0005344630321020249,0.0001995715531691117,30,100.0,0.0,0.0,30,24.33833333333333,1.705350774582114,0.6367877333684923,30,44.758333333333326,5.3217903283435115,1.9871869477871185
clean,low,SemiGreedy,30,167.18364854829542,4.242355528784196,1.5841198195601496,30,274.85053049790497,17.940364360406438,6.699034666148101,30,0.0,0.0,0.0,30,4.975925925925925,0.23158592790515042,0.08647551008788601,30,234.68103913404047,15.84510011710773,5.916651013362544,30,8.396198424662874,0.5421225760656824,0.2024316706956358,30,0.2703818635808081,0.008288037245228481,0.0030948005126722167,30,0.21709482608695474,0.02567021011546075,0.009585403283686783,30,0.0,0.0,0.0,30,0.0,0.0,0.0,30,0.07131638605014629,0.004851859372267814,0.0018117120409120444,30,2.5756772012810796,0.2133400115235538,0.0796623805493516,30,5.1164335150618525,0.48257311482909504,0.1801955612632796,30,0.06778747327468514,0.04721485228377728,0.017630295898790775,30,0.00037634047041735336,0.00037036876616399145,0.0001382978156935754,30,100.0,0.0,0.0,30,230.39,14.31763682099567,5.3462874819224435,30,465.54333333333324,59.73153349511597,22.30409625509429
clean,medium,DRL-OO,30,296.5956123275833,14.04105083135043,5.243008691392776,30,679.2965119808192,59.56914447509449,22.243459266197537,30,2.358747409427862,0.6270991639831074,0.23416241466681986,30,9.952222222222222,0.3822492862199566,0.1427340698357948,30,124.44470824855145,11.501433359342403,4.294701001428348,30,7.926620615161351,0.5382123759449118,0.20097157960526593,30,0.2923276012141442,0.009977902822383549,0.00372580598475036,30,0.5802332829460688,0.03129243018927868,0.01168477241680994,30,0.0,0.0,0.0,30,0.0,0.0,0.0,30,0.10079943051286407,0.004619686005678022,0.0017250171778593248,30,3.069539033408184,0.16146026191449633,0.060290185307365664,30,5.997391548565227,0.32082121815582365,0.11979647786891634,30,0.12197917139811829,0.04406109368680366,0.016452664400045103,30,0.002921909998661222,0.0011367154161562002,0.00042445603809368985,30,97.64125259057214,0.627099163983107,0.23416241466681975,30,296.3933333333333,67.93501424832071,25.36732289000486,30,512.7333333333332,236.64092961967586,88.36307664131563
clean,medium,DT-KF-CostAware,30,274.58793473078157,11.709223269518759,4.372290942389595,30,559.8735909980294,28.075953707536634,10.48372170116261,30,1.1900422080380615,0.5818562884275724,0.21726846615752177,30,9.952962962962964,0.3781233863475861,0.141193435224434,30,157.34287030491106,12.895537119111813,4.815267319218067,30,9.094780843504969,0.7233783733890882,0.2701136221497311,30,0.3204751146642474,0.010865480842696191,0.004057232694238372,30,0.716677358952637,0.07080291294102802,0.0264382126654571,30,0.0036873156342182895,0.02019625949502825,0.0075413988125184244,30,0.0,0.0,0.0,30,0.10053386515099963,0.004045705883977462,0.0015106897174071866,30,3.062664196475432,0.14036844589012848,0.05241438056445368,30,6.007170843811493,0.29388472948071687,0.10973823892829104,30,0.11520989677935131,0.05185352950343342,0.019362404504574077,30,0.002019531718799578,0.0010221373588909573,0.00038167193615573034,30,98.80995779196195,0.5818562884275723,0.21726846615752174,30,226.47666666666666,24.82860812871304,9.271144288102242,30,389.74366666666657,94.08020298122504,35.130085906192726
clean,medium,DT-OPT,30,298.13677114080707,16.066504779582523,5.999324780704684,30,672.4203803719637,56.16793196022588,20.973427059141216,30,2.5889621815557047,0.7904761720637214,0.29516832395587717,30,9.952222222222222,0.3809887206714158,0.14226336744987986,30,124.80168285173086,13.460506469740281,5.026230106212742,30,7.518865243140556,0.5627128355846291,0.21012019137065768,30,0.29315292236147705,0.010016671593142094,0.0037402824654983557,30,0.6213565280913083,0.029581765163115434,0.01104600031150499,30,0.0,0.0,0.0,30,0.0,0.0,0.0,30,0.10140773402506739,0.004441240770093532,0.0016583847062341844,30,3.052962031217411,0.1640003061857273,0.06123865236660112,30,6.010884785603313,0.32389057415206746,0.12094259295378972,30,0.12892726899834075,0.050851308533038875,0.018988169461799195,30,0.0027144423945823573,0.0011142761039488734,0.00041607707056875174,30,97.4110378184443,0.7904761720637224,0.29516832395587755,30,218.895,19.80427222282763,7.395028523018838,30,376.7851666666666,115.34048796769693,43.0687979231507
clean,medium,Fog-only,30,282.3794361583718,15.59350359567382,5.822703433195903,30,606.5542441115205,51.58405276996867,19.261780350965203,30,0.06236685256278995,0.08937665845136054,0.03337375547575437,30,9.952962962962964,0.3818206405643204,0.14257401109624446,30,131.2701833307874,16.09137224111563,6.008610433076217,30,7.773666105936818,0.6056906466541396,0.22616835184532552,30,0.28914514832927746,0.010996603260069161,0.004106194554869766,30,0.5966042616143185,0.03412893831715387,0.012743940775808434,30,0.0,0.0,0.0,30,0.0,0.0,0.0,30,0.10084971243186949,0.004866163376981665,0.0018170532380871872,30,3.0632849578153105,0.1759267196395778,0.06569204336608857,30,5.9879956771259595,0.3536795969924179,0.13206598446743142,30,0.12396036620102306,0.03697234287365009,0.013805684300699703,30,0.0032457704643889043,0.0013969029037945863,0.0005216115341790571,30,99.93763314743721,0.08937665845136018,0.03337375547575424,30,24.041666666666668,2.187585794705068,0.8168570481346896,30,37.87383333333332,9.835134036859314,3.6724953036372456
clean,medium,SemiGreedy,30,218.21809360712894,5.64711093388258,2.108663522640202,30,361.87731836927793,13.153950779932392,4.911760458223861,30,0.0,0.0,0.0,30,9.960370370370372,0.3791914425917457,0.1415922535349925,30,319.8962170437572,13.60941774208102,5.081834427036482,30,15.705042186755644,0.7703815049879585,0.2876648603337933,30,0.29198116635405374,0.008021507780411424,0.0029952768860339605,30,0.35723405750148074,0.028806820281104886,0.010756631460089695,30,0.0,0.0,0.0,30,0.0,0.0,0.0,30,0.09307514720384624,0.0054059745065407954,0.0020186218014364354,30,3.257507848746053,0.21418510091789156,0.07997794176287727,30,6.424963250675776,0.43166522779107586,0.1611862650641072,30,0.11195646460092644,0.055646103159434884,0.020778573200207984,30,0.0015237538289666155,0.0007974239499502788,0.00029776266395810505,30,100.0,0.0,0.0,30,229.72333333333333,29.704021942158434,11.091651692074949,30,401.4151666666666,140.95544875453365,52.63357079151824
impaired,high,DRL-OO,30,482.770394033916,16.4803480808021,6.153856236450452,30,1054.4521162275264,62.63636828068,23.388778178883573,30,25.364421107714165,2.392402172857449,0.8933366552303962,30,16.951851851851853,0.4644568490280376,0.1734308439930843,30,265.60649990313425,25.311871736911208,9.451597683538967,30,21.117281363078124,1.5310148054837764,0.5716896853531604,30,0.4449559715495069,0.018358799105882482,0.006855280593441039,30,0.7804612310224595,0.05514654672772602,0.020592035971281876,30,5.2230524004354075,2.1855876571644366,0.8161109321482183,30,0.008217196006299233,0.02131088536955924,0.007957606489423131,30,5.848379634671911,0.24920176618234086,0.09305336485836091,30,64.02557315475228,3.0834566063149444,1.1513803333255839,30,126.66344582209243,6.99187924147749,2.6108077004026837,30,6.896691953643246,0.7984728421783792,0.29815432631545413,30,0.2927554833077279,0.05409595051195786,0.020199737335191332,30,74.63557889228584,2.392402172857448,0.8933366552303958,30,583.7516666666667,195.93946174658188,73.16491573624955,30,1247.8636666666664,521.3552651089096,194.67703800104397
impaired,high,DT-KF-CostAware,30,475.6380948753065,14.226338580514273,5.3121961967257505,30,938.6694409388987,46.38026063060419,17.31865460186019,30,24.85872752161788,2.8148729505771515,1.0510896600481154,30,17.167407407407406,0.42207028253601137,0.1576034576254062,30,235.08041768551237,21.567760038859983,8.053524960192808,30,19.812032338536092,1.5256413086768195,0.5696831909105121,30,0.492571105351842,0.015167054921881485,0.005663465059232186,30,0.9317773969297388,0.0471631766700066,0.017610999929038442,30,4.00030286313375,1.6006267696811414,0.597683190945833,30,0.014429376488849465,0.026608000694588393,0.009935579649838405,30,5.981395568013803,0.20359521714952447,0.0760236185925332,30,63.04710598729199,2.637470250377693,0.9848464770987625,30,125.06892361189573,5.377548631089549,2.0080074169547144,30,6.734565301513746,0.6991759200771478,0.26107628765164587,30,0.2684877669601213,0.04076035627746372,0.015220150172083283,30,75.1412724783821,2.814872950577152,1.0510896600481157,30,367.70166666666665,109.91905602049529,41.04440422495918,30,769.9506666666665,270.1646186785884,100.8810138822367
impaired,high,DT-OPT,30,508.0123617351091,15.931278278562324,5.948830431765178,30,1103.7948324024874,61.07919733231916,22.80732164017414,30,27.539679904042558,2.379424620633931,0.888490763002089,30,17.06037037037037,0.47689648143889474,0.17807587388659,30,221.12926816340675,22.945908444079485,8.568133457333332,30,18.799710895806516,1.5601053965010139,0.582552278429213,30,0.4459135647140968,0.017441631247390555,0.00651280486913111,30,0.88089256043931,0.04161039386651871,0.0155375590698187,30,4.5712708818712935,2.0924403062810417,0.781329178551014,30,0.016484431243454816,0.03230296925476603,0.0120621134838697,30,5.97007934175279,0.2143035796278641,0.0800221823908468,30,63.048668795398825,2.769510910422153,1.0341512147957888,30,124.34523107280098,6.547269012481378,2.444787697846753,30,6.914786896189726,0.7011206191171785,0.26180244939633945,30,0.30522116923295545,0.049587288500076834,0.018516177151642648,30,72.46032009595744,2.3794246206339307,0.8884907630020887,30,363.085,115.21194573331002,43.02079951760424,30,770.9453333333332,373.2794352042941,139.38467616145445
impaired,high,Fog-only,30,697.4064600080732,206.45865345268365,77.09284208620451,30,1472.0026859864163,489.0376695570054,182.60946297416447,30,57.26311908982514,16.380606048415082,6.116611991060022,30,17.79703703703704,0.34943161698015673,0.13047976443357048,30,117.946705417384,12.633196414959379,4.717307799770545,30,13.940922156977118,0.8343566017895897,0.3115535273995606,30,0.4441044254760586,0.01433600504166305,0.005353146280580837,30,0.9888450417029969,0.008259777535733077,0.0030842481755088314,30,0.0,0.0,0.0,30,0.016325640392461586,0.03193878883365585,0.011926126431614857,30,6.199312061377435,0.19442419379215872,0.07259910601515011,30,61.82659412731423,2.328097439943256,0.86932490015477,30,122.1269832968097,5.4068025292421344,2.0189309898491783,30,7.965549433779765,0.6491110150899723,0.24238176577188503,30,0.5145456079723603,0.13074242943352768,0.04881997096138027,30,42.73688091017486,16.380606048415082,6.116611991060022,30,41.42333333333333,12.19130366521445,4.552302519510244,30,79.95416666666665,29.358850016334234,10.962762520683281
impaired,high,SemiGreedy,30,395.99124589753006,16.769775221984105,6.26192998641182,30,685.1426236452663,44.65923050714799,16.676012109940526,30,12.810895501660385,3.9587303001413714,1.4782125369262635,30,17.90037037037037,0.37912182964609786,0.1415662596629206,30,347.3983026448077,12.845289478931216,4.796504562971887,30,25.714382084565365,1.0104681702900604,0.3773145943875915,30,0.40798555435015355,0.010001393476675025,0.0037345775294229085,30,0.7490988348009406,0.04029376817429748,0.015045923505604804,30,0.0,0.0,0.0,30,0.008165080100524792,0.021174938120426177,0.0079068430090158,30,5.822586419338628,0.2519433864253633,0.09407710153842265,30,65.01625821163503,3.420835730636287,1.277359628063395,30,129.25124683032396,7.4529790871262165,2.782985020132793,30,6.552418263050637,0.7006361543364782,0.26162154747622,30,0.2200745520698901,0.037823453251820224,0.014123493784026775,30,87.18910449833962,3.9587303001413714,1.4782125369262635,30,411.68666666666667,124.69488688832415,46.561783984713635,30,787.6766666666664,270.9180014777767,101.16233132859698
impaired,low,DRL-OO,30,277.8315930903339,14.241109690465452,5.317711813668226,30,613.8956280398572,71.56433698520853,26.722532758691173,30,1.1547637466136549,0.6754964839566457,0.2522342507643589,30,4.9692592592592595,0.2295289813620186,0.08570743448350952,30,85.80183474940667,10.340462384714275,3.861187799066087,30,3.9100109023118836,0.38239589434278043,0.14278881414741557,30,0.2883943735856232,0.008865421889143337,0.003310399241192108,30,0.39244369185211586,0.0338668504347975,0.012646075661465635,30,0.0,0.0,0.0,30,0.0,0.0,0.0,30,3.874688124575298,0.22705043616225482,0.08478193152931777,30,37.947462294813064,2.5376443347183635,0.9475709092146624,30,73.7970262554363,6.157458579156045,2.2992302524341195,30,5.010479413113334,0.8027353201402195,0.29974595996661224,30,0.04618547949661056,0.01344625838764167,0.005020909790861991,30,98.84523625338635,0.6754964839566464,0.2522342507643591,30,266.57166666666666,10.513879851901953,3.9259428732143986,30,503.3539999999999,58.283483618934646,21.76338614887935
impaired,low,DT-KF-CostAware,30,262.3395175294894,11.080874795975813,4.137662028387423,30,541.4816133296139,46.94224011841572,17.52850095697782,30,0.42732533137566125,0.4747210201915323,0.17726354421378213,30,4.970370370370371,0.2305772889785682,0.0860988785435617,30,107.38681615091092,14.246138472884809,5.319589589786872,30,4.1326440201610035,0.3188347546548164,0.11905472103561286,30,0.31647659367718367,0.009097832765122313,0.003397182791609237,30,0.6914691846265819,0.14018291954391182,0.05234510396561647,30,0.0,0.0,0.0,30,0.0,0.0,0.0,30,3.8859135691013,0.16451827125900859,0.06143206348758276,30,38.66535833695684,2.2191066387120384,0.8286271115774901,30,75.58002346534725,5.39274017452492,2.0136800261649515,30,4.690542375692024,0.8674926477164736,0.32392671647776966,30,0.03612628590811837,0.007013155290521491,0.0026187522988088893,30,99.57267466862434,0.4747210201915323,0.17726354421378213,30,209.67666666666668,4.7692031672570545,1.7808477411901642,30,407.05866666666657,39.8112851556832,14.865761586783464
impaired,low,DT-OPT,30,273.41023118466563,13.813776797789219,5.158143267315771,30,571.1892607201438,58.32984900047426,21.78069924754353,30,1.566890428416363,0.5962356142062615,0.22263778864909087,30,4.9692592592592595,0.22941767089036305,0.08566587051672792,30,93.93563230701913,13.34413855902696,4.982777662759799,30,3.6200811074006025,0.33588581021999114,0.12542168271101864,30,0.2877977287736172,0.00840184492050689,0.0031372969495699183,30,0.38976906338772027,0.035866779166224785,0.013392860488825375,30,0.0,0.0,0.0,30,0.007309941520467836,0.04003819864803845,0.014950492382711962,30,3.94636197562951,0.1975267723519589,0.07375762659527942,30,38.59373496782657,2.0449985423288983,0.7636141525373826,30,75.79888723675508,5.3056685427520245,1.9811669808350574,30,4.974982281433686,0.815610393963397,0.3045535861740839,30,0.04425462362218098,0.01352485787651242,0.005050259289573887,30,98.43310957158364,0.596235614206261,0.22263778864909073,30,205.25,4.6020235429270855,1.7184219132436738,30,397.0688333333332,39.798093410478835,14.86083571367098
impaired,low,Fog-only,30,255.30436446828577,11.30316771689007,4.220667476511454,30,514.8112158211067,52.61351411356145,19.646187104899777,30,0.029462365750556493,0.07641753586019598,0.02853474497758032,30,4.9692592592592595,0.2295289813620186,0.08570743448350952,30,110.51748895144952,17.215965122056144,6.428539847182788,30,3.92681004241758,0.38336116239898277,0.14314925076067053,30,0.28685572990346925,0.011372173331532254,0.004246434567712069,30,0.354788125127028,0.022845320585442887,0.008530573375583415,30,0.0,0.0,0.0,30,0.0,0.0,0.0,30,3.9055350555578143,0.24323268619397304,0.09082447624920108,30,39.464444934197864,2.6741131289728215,0.9985291375534169,30,77.7186793273021,5.9570636409044075,2.224401636286777,30,5.006536392034546,0.7563196075904602,0.28241406741536423,30,0.049358368555334556,0.017242204956188296,0.006438337951332401,30,99.97053763424944,0.07641753586019677,0.028534744977580614,30,22.009999999999998,1.181568215667577,0.4412043299769711,30,39.91866666666667,6.633566021448755,2.4770114945904362
impaired,low,SemiGreedy,30,216.56573612499724,6.847341849725275,2.556836611608098,30,368.21519162886887,25.048717139561735,9.353334251716424,30,0.0300763164065157,0.07811180572965,0.029167395037594232,30,4.971481481481481,0.2301217278952517,0.08592876942936666,30,230.68718551987342,15.867460790342424,5.925000616645308,30,8.25691529754089,0.5339557715245574,0.19938213916809375,30,0.3082735531883091,0.00930452327643714,0.0034743622107473297,30,0.23331922052444948,0.025658918076733254,0.009581186771838567,30,0.0,0.0,0.0,30,0.0,0.0,0.0,30,3.5768016417812833,0.2375127009365471,0.08868860103732862,30,42.747258597837046,3.5064177690300586,1.309316450705458,30,85.10476201182436,7.576821133230102,2.8292283484905814,30,3.9980482699683244,0.5534932171901424,0.20667753312846332,30,0.021002386005274973,0.006438350164158184,0.0024041167768968806,30,99.96992368359348,0.07811180572964944,0.02916739503759403,30,212.10833333333332,9.260214149357134,3.4578169292595797,30,410.73283333333325,62.70113795760135,23.412963546710824
impaired,medium,DRL-OO,30,363.49058664201584,16.156156819422122,6.032801365165914,30,796.6320939204411,59.988943013011074,22.40021444138829,30,6.77261988690476,1.4702101802554315,0.5489848905070875,30,9.942592592592593,0.3839709099832346,0.14337693399621937,30,123.9484467426549,11.384339608400552,4.2509775250824635,30,7.925209272622144,0.5362202669374895,0.20022771470757633,30,0.34260106254103406,0.010621174813613857,0.003966007425615429,30,0.6040405176399338,0.03157303539395756,0.01178955200522198,30,0.0038446751249519417,0.021058152922151716,0.007863234748000757,30,0.007370574904842577,0.02804966315639292,0.01047390465899079,30,5.00210851767425,0.23091797618795346,0.08622609309618372,30,49.58729862916667,2.3038144423417086,0.8602574899582541,30,97.42584365147091,4.715453212993923,1.7607772008332883,30,6.143671087633596,0.7138614922182287,0.26655996428657747,30,0.1383730521245236,0.02922788831716987,0.010913860673150243,30,93.22738011309524,1.4702101802554306,0.5489848905070872,30,274.26166666666666,15.021901730779481,5.6092640274381855,30,544.5643333333333,63.63788544046174,23.76275041475003
impaired,medium,DT-KF-CostAware,30,340.9278183057877,17.056303404689732,6.36892124869686,30,682.1582554713974,46.42718581513839,17.336176734164464,30,3.872236546664859,1.7946862558753802,0.6701461130578923,30,9.944444444444445,0.3816792008292816,0.14252119669018443,30,150.68983445907398,12.484167046059326,4.661659381016078,30,8.943972889652406,0.6531841210773761,0.24390268684463273,30,0.38034076654242915,0.012804260370655277,0.004781184059266385,30,0.8041123758787624,0.09126296689636496,0.034078113838286885,30,0.0036469730123997084,0.01997529385503888,0.0074588889786834315,30,0.0,0.0,0.0,30,5.008821606683634,0.18916864326866106,0.07063665338936598,30,50.0440859209838,2.19802902888935,0.820756611511541,30,99.0550879390301,4.335927111560234,1.6190599837725572,30,5.629183227217203,0.6228348886376782,0.23257010986234916,30,0.10286982758643702,0.01826676735642666,0.006820915411797825,30,96.12776345333513,1.7946862558753802,0.6701461130578923,30,206.86499999999998,5.359074643488625,2.0011091243183787,30,400.5336666666665,44.43693898590201,16.59300718446064
impaired,medium,DT-OPT,30,367.64351030902435,19.288708329075124,7.202514016207333,30,797.6215477834048,67.94926741609764,25.372645104376982,30,7.561546795297109,1.7645707564630468,0.6589008133249155,30,9.94148148148148,0.3827477156319607,0.14292018622911692,30,123.60451224009695,13.096160796884252,4.890181348010804,30,7.531771860907581,0.5592150733284338,0.20881410693795188,30,0.34340366880182244,0.0105230052173295,0.003929350336859636,30,0.638867476857595,0.030662455158771144,0.011449536137133731,30,0.0,0.0,0.0,30,0.0036913990402362494,0.02021862523090314,0.007549750306219995,30,5.056915746530148,0.21162159922682908,0.07902071556890672,30,49.64622420870041,2.2529559715219754,0.8412666460576369,30,97.46877590201825,4.794426608696793,1.7902663184949417,30,6.190889616461312,0.7836514749294012,0.2926199430105229,30,0.13444931162957383,0.021078774994718965,0.007870935147849978,30,92.4384532047029,1.7645707564630455,0.658900813324915,30,204.79166666666666,8.735047157890717,3.261716570834611,30,400.0253333333332,41.60700007279389,15.536291807830278
impaired,medium,Fog-only,30,337.1098070775483,16.452820375716637,6.143577233920604,30,674.7443884669045,55.500461282699774,20.724189690403435,30,0.8101703147956472,0.5866945925854455,0.2190751166038467,30,9.946296296296298,0.38213715677013427,0.14269220005788139,30,130.0935300317809,15.756997936321492,5.88375315513661,30,7.76819174670557,0.5898160317173492,0.22024067982947676,30,0.3350125435843303,0.011507595899593454,0.004297002129206133,30,0.6350800676938441,0.03578971269614236,0.013364083428097489,30,0.0,0.0,0.0,30,0.0036913990402362494,0.02021862523090314,0.007549750306219995,30,5.04151084910141,0.23355217664041303,0.08720971861203751,30,50.80678127204978,2.547212730773956,0.9511438030304263,30,99.93999254614907,5.645227876195647,2.1079603781293272,30,6.3937741911725805,0.7289056349052995,0.272177533214307,30,0.16232149898557832,0.05259004358671273,0.01963742307592948,30,99.18982968520436,0.5866945925854465,0.21907511660384707,30,22.933333333333334,1.467952675487621,0.548141925314478,30,41.69149999999999,5.752929111510838,2.1481766354175984
impaired,medium,SemiGreedy,30,284.2695987207784,8.668606460938433,3.2369072345700323,30,487.20285538213426,20.892336777169035,7.801318051041274,30,0.4176611894434242,0.26248722458718343,0.09801423101591383,30,9.95037037037037,0.37987622430541224,0.1418479549436395,30,307.1566587865778,12.813641290747194,4.784686948485001,30,15.189356290320822,0.6994050822034603,0.2611618581003556,30,0.3416407691077785,0.008920895153542583,0.0033311132754106705,30,0.4050070000860643,0.03051823734072161,0.0113956843789876,30,0.0,0.0,0.0,30,0.0,0.0,0.0,30,4.681154049587027,0.26018123012048633,0.09715315949239214,30,53.9150602442086,3.3117867031184702,1.2366400974576608,30,106.23847080611107,6.836793427844295,2.552897770543655,30,5.2343190718652775,0.569389533720376,0.21261330864343092,30,0.0700480927910079,0.01508172147939868,0.005631601063725179,30,99.58233881055658,0.262487224587183,0.09801423101591368,30,217.59,10.563465014068456,3.9444582563809227,30,442.42699999999974,64.24069603371804,23.98784333818348
moderate,high,DRL-OO,30,412.6586801216021,12.887995105237815,4.812451088099261,30,933.9365616426562,51.208505725484954,19.121548936528708,30,11.974714871830104,1.1556910216434602,0.43154163771790083,30,17.745555555555555,0.3495828566891293,0.13053623820595056,30,272.80324076381476,26.074069701724255,9.736206763163839,30,21.75381465256218,1.6927657234032991,0.6320884032752757,30,0.384281543961957,0.011059299044836976,0.004129605519504792,30,0.792212373326913,0.046194059476838335,0.017249126026024398,30,0.8602069040403688,0.5942423115945398,0.22189347805272877,30,0.0,0.0,0.0,30,1.7587933749539084,0.07490271756041389,0.027969103160095744,30,20.576515924763033,1.0879704501208192,0.4062543889682185,30,40.512398496757825,2.368347709309475,0.8843545809566369,30,2.036808091714719,0.24309267273319266,0.09077219442210702,30,0.08942600369330043,0.015621022691304708,0.005832979220906169,30,88.02528512816988,1.1556910216434615,0.4315416377179013,30,277.85999999999996,32.652705965915786,12.192707172211254,30,525.2406666666665,80.17761714418519,29.93878083565738
moderate,high,DT-KF-CostAware,30,413.95468069977625,13.583095518915645,5.072005558350621,30,814.699183035358,30.92953466868377,11.54926515375678,30,12.303085382826971,1.7584188440066573,0.6566036540264446,30,17.772592592592595,0.3629819892320863,0.13553955093686038,30,227.2344353643681,19.263397782281857,7.1930629132653285,30,19.616517510622327,1.4819622943227464,0.5533731971186979,30,0.43799894010028356,0.01264775005286321,0.004722742211406659,30,0.9345460309225376,0.028732953803765157,0.010729049294955013,30,0.6952979095439672,0.42610385449291394,0.15910961646504088,30,0.0,0.0,0.0,30,1.813469183302596,0.05941398746579801,0.02218552275147062,30,20.107635345975698,0.8975352935477127,0.3351448122668632,30,39.65937262851983,1.9280190437756828,0.7199333386869075,30,1.9332120569705826,0.2211508582324858,0.08257899538637148,30,0.07730232810914642,0.013841343882036334,0.005168436974249819,30,87.69691461717302,1.758418844006658,0.6566036540264449,30,194.09833333333333,8.538437264484656,3.188301312082027,30,381.1178333333331,85.47242923773034,31.91589395626267
moderate,high,DT-OPT,30,459.0204488335056,14.087783746523472,5.26045902921787,30,1030.149465062493,63.01641810769184,23.530690958070757,30,16.191913072662476,1.503519201686134,0.561422669627795,30,17.755185185185187,0.35817382868753933,0.1337441562881646,30,199.27398890672308,20.871994639721184,7.793722180566789,30,17.95223702393142,1.6324691056297318,0.6095733013184804,30,0.3971671189875977,0.010279835451326444,0.00383854935536961,30,0.9188750797618929,0.026259533656441663,0.009805460064658362,30,0.7628428769884735,0.44148772978678696,0.16485404349132787,30,0.0,0.0,0.0,30,1.8143403457430056,0.060686054800835096,0.02266051997025035,30,20.07401166652694,0.8334387015847575,0.3112107782129384,30,39.72524782574381,1.8806508547928886,0.7022457859876599,30,2.0256494697603413,0.27688532680823885,0.10339056473845866,30,0.09189954349208013,0.018209192567685578,0.006799416656369877,30,83.80808692733753,1.5035192016861356,0.5614226696277955,30,201.81333333333333,46.35044532266325,17.30752139533964,30,415.23766666666654,202.9850731718338,75.79578734140699
moderate,high,Fog-only,30,649.9714761274679,206.38887018575525,77.06678461519228,30,1422.0685478772089,494.97490809482093,184.8264618035637,30,46.35638645100472,18.76337153539971,7.006350252666303,30,17.81259259259259,0.35366756082347706,0.13206149009310533,30,117.98016352888148,12.766526256095231,4.76709392506086,30,13.95573264702551,0.8368958330159664,0.31250169086319707,30,0.4254818894862996,0.02113928347502182,0.007893529360487003,30,0.9859654801163781,0.011141931208762886,0.004160460842148082,30,0.0,0.0,0.0,30,0.0,0.0,0.0,30,1.8585503888924981,0.05807129223474048,0.021684152672344626,30,19.84045816132726,0.7183893953400171,0.26825070921061944,30,38.8765302246109,1.507037455959996,0.5627364058971062,30,2.27821594238477,0.2232990146732811,0.08338112928823115,30,0.14717267996857128,0.038330701762395246,0.01431290327919809,30,53.64361354899528,18.763371535399706,7.0063502526663015,30,23.478333333333335,4.491556894144094,1.677173034749118,30,42.0945,9.763774739063395,3.6458493336846036
moderate,high,SemiGreedy,30,333.34616807850347,13.687388017624578,5.110948973893075,30,573.6671664808131,35.90076450526383,13.405550808809389,30,2.3869798094107426,1.6507182480304605,0.6163876354710107,30,17.9162962962963,0.37947257131784146,0.141697228609296,30,362.7011564427229,13.927881886795976,5.200750760200763,30,26.48676653717116,1.0590121461107527,0.39544119261728905,30,0.36609044123031376,0.010497836517751257,0.00391995220047905,30,0.6881515914302685,0.03605435438587719,0.013462902148722485,30,0.0,0.0,0.0,30,0.0,0.0,0.0,30,1.737297893463482,0.07985426886153119,0.029818040737450723,30,20.872916619109997,1.1835067868132976,0.44192820353087936,30,41.28455078636653,2.6658919621744124,0.9954593068480678,30,1.9124079943927499,0.21151424026147647,0.07898062711718017,30,0.06205590553994155,0.010727703338795505,0.004005785786232254,30,97.61302019058925,1.650718248030461,0.6163876354710108,30,222.44,30.20929977843658,11.280325326192095,30,444.8919999999999,119.80946887483044,44.737540955221604
moderate,low,DRL-OO,30,244.94365275921683,13.58838805388505,5.073981821180047,30,559.902726319817,72.06650890113012,26.910046624382165,30,0.5410750692790219,0.3809987213038988,0.1422671017432499,30,4.971481481481481,0.2306022125773725,0.0861081851579114,30,85.79389548378361,10.300441374672587,3.8462437250073003,30,3.91306594439388,0.3789837271664751,0.1415146914071211,30,0.26119728511216883,0.008815230658549347,0.0032916575486082148,30,0.3755015998268331,0.03686649617555819,0.013766160538218055,30,0.0,0.0,0.0,30,0.0,0.0,0.0,30,1.1689783877192714,0.06653407048452356,0.02484420247558823,30,12.360021177261105,0.7528973577234895,0.2811361797407051,30,23.93308497088361,1.9776362258886486,0.7384606782845863,30,1.473662365972378,0.3087225646607431,0.1152787714528677,30,0.013726881767593879,0.004824124693829692,0.0018013557533484825,30,99.45892493072098,0.38099872130389884,0.1422671017432499,30,268.98333333333335,5.565539496316371,2.0782042812866903,30,497.8484999999999,38.550440986564894,14.39495516235124
moderate,low,DT-KF-CostAware,30,229.7306790273977,9.921610671069969,3.7047861734741754,30,482.6119614120223,44.57487018887588,16.644511484579798,30,0.20345656751780614,0.2622542667475217,0.09792724322612911,30,4.971481481481481,0.23030664832647474,0.08599781977607956,30,108.83097837931443,14.901855577438226,5.564438107149431,30,4.14017147283933,0.31538460896979525,0.11776641690293725,30,0.2847813776252664,0.007614266936566695,0.002843210825636208,30,0.6434314011369036,0.13080464015823398,0.04884320080181391,30,0.0,0.0,0.0,30,0.0,0.0,0.0,30,1.1734451399558772,0.04938158966145306,0.018439368028759492,30,12.556914823534642,0.7501582291828468,0.2801133734765638,30,24.656653066336613,1.6756348321697248,0.6256916305046514,30,1.3573266531228334,0.2932314081947297,0.10949428502328457,30,0.010611751668224262,0.0031141973591171353,0.0011628591062506116,30,99.7965434324822,0.26225426674752184,0.09792724322612915,30,211.06666666666666,4.041537206126621,1.5091331092539866,30,389.77616666666654,36.350705862409356,13.573561485108904
moderate,low,DT-OPT,30,238.14718893747082,13.152488831293292,4.911214558240075,30,511.74782226749045,54.234812640166,20.251589248117604,30,0.7122577198658167,0.3917147456325368,0.1462685265202886,30,4.971111111111111,0.23019417276131307,0.08595582075671876,30,95.67725968267327,14.300221161083,5.339784374898246,30,3.619220880426634,0.328416194758361,0.12263248557349055,30,0.2600770191295325,0.008587385863119136,0.003206578998784724,30,0.38651296481824793,0.03632834628028134,0.013565212289251616,30,0.0,0.0,0.0,30,0.0,0.0,0.0,30,1.182294197439823,0.0618871797292906,0.023109026888641377,30,12.585030048585724,0.7483205949375634,0.2794271903386102,30,24.65350875176717,1.790276548818397,0.6684995032204977,30,1.4287762139383593,0.31218541339796146,0.11657181897789175,30,0.013031133605173094,0.005128391801851838,0.0019149708318085058,30,99.28774228013418,0.3917147456325372,0.14626852652028877,30,206.76000000000002,5.703226552000918,2.1296174154115617,30,388.0394999999999,33.6180014726819,12.553154035663736
moderate,low,Fog-only,30,224.51396615005427,10.71420297293183,4.000744672400361,30,473.2457949612957,52.57765068927587,19.632795497142578,30,0.0,0.0,0.0,30,4.971481481481481,0.22997368449106012,0.08587348917547377,30,110.9494545685912,17.37177149114199,6.486718836569216,30,3.9294802659115473,0.3906186367493359,0.14585923319385868,30,0.26101057177012976,0.011093942899373575,0.004142541732942121,30,0.3418825770560963,0.021436270235638204,0.008004425915584123,30,0.0,0.0,0.0,30,0.0,0.0,0.0,30,1.1718292506100776,0.07418676911040187,0.027701763913832136,30,12.6413419533514,0.897693375628454,0.3352038410199983,30,24.975860043233542,1.7833966591729493,0.6659305130758023,30,1.418595505689313,0.31282308353699717,0.11680992865510627,30,0.013617707123057075,0.00517832869082311,0.0019336175517757116,30,100.0,0.0,0.0,30,22.32,0.7643568402980017,0.2854152160791308,30,39.02983333333332,5.131997406961286,1.9163171853794476
moderate,low,SemiGreedy,30,180.7623493036041,4.733259787013063,1.7674262774207636,30,298.96105456380025,21.12688568101373,7.888899953292395,30,0.0,0.0,0.0,30,4.975185185185185,0.23144985735450266,0.08642470056598785,30,233.68639060867855,15.852737779273259,5.919502960100489,30,8.360637957394859,0.5422496986710263,0.20247913900357778,30,0.2807093896361275,0.008562925111951563,0.003197445214389953,30,0.22036432088121194,0.02518173271575141,0.009403003028678327,30,0.0,0.0,0.0,30,0.0,0.0,0.0,30,1.070822877915624,0.07265344339150119,0.027129211320191315,30,13.722119817869025,1.152833242278406,0.4304745265572741,30,27.26507504228492,2.5470234271931034,0.9510731159905713,30,1.1489315647217617,0.21691370205142937,0.08099681703299172,30,0.005816670923938114,0.002253670851592752,0.0008415335863649833,30,100.0,0.0,0.0,30,212.91333333333333,4.2945220386243115,1.6035990927126027,30,399.4344999999999,36.66281100718109,13.69010333132265
moderate,medium,DRL-OO,30,315.77937324318526,14.49476637679565,5.412428671190719,30,706.757362129864,54.81366485508727,20.467735976045393,30,3.5982827618959132,0.8970166219901554,0.33495113734061205,30,9.948888888888888,0.38232111346565434,0.14276089054017055,30,124.22862278588482,11.244674166334889,4.198825650167055,30,7.923145886915705,0.550524791732251,0.20556910608390577,30,0.3069988580941206,0.010320297756384956,0.0038536582115117654,30,0.5850959682899478,0.03226582338730805,0.0120482430044967,30,0.0,0.0,0.0,30,0.0,0.0,0.0,30,1.508061958013314,0.06908503529642077,0.02579674732717096,30,16.192084112287787,0.8529728824053274,0.31850495306150534,30,31.6093653891892,1.6626362507246342,0.6208378858447275,30,1.8212873108930006,0.2516230201228164,0.0939574749286441,30,0.04134522488528565,0.009906379513943474,0.003699098772285094,30,96.40171723810408,0.8970166219901567,0.33495113734061255,30,272.80333333333334,5.782403946655653,2.1591827074486596,30,519.2758333333333,48.976768227453995,18.288205389836474
moderate,medium,DT-KF-CostAware,30,293.0286044493514,13.400752766861205,5.003917731782874,30,595.7784881326413,35.942726435442154,13.421219633548729,30,1.7808953556016602,0.9020280051977406,0.33682241649406425,30,9.952222222222222,0.3805191273780511,0.14208801862819243,30,155.66225150673293,12.528146385501264,4.678081517913477,30,9.062554299220961,0.6864395434488882,0.2563204517700665,30,0.3370781596718388,0.011738129838354119,0.004383084820530379,30,0.7316778784180151,0.07659405439701103,0.02860065800886476,30,0.0,0.0,0.0,30,0.0,0.0,0.0,30,1.5071478594996521,0.06007598694003098,0.022432717141604955,30,16.236672283565518,0.8202806893114425,0.3062975011698549,30,32.093544917240415,1.9507891084901647,0.7284358110898311,30,1.6665352543075642,0.26012433256590956,0.09713191362007473,30,0.029919656521554896,0.005896726412998971,0.0022018713702744623,30,98.21910464439834,0.9020280051977404,0.3368224164940642,30,211.21166666666667,4.283059721123746,1.5993189977965738,30,393.65849999999983,33.04908640685222,12.340717896044518
moderate,medium,DT-OPT,30,317.9642182722964,16.885784448862942,6.305248495269393,30,705.7221712540525,57.582907517707525,21.50178702557765,30,3.9508327660252927,0.9226352671129788,0.3445172859611104,30,9.95111111111111,0.38178626121823994,0.1425611736517776,30,124.48036944796081,13.226392990533144,4.9388107940117925,30,7.520578624820744,0.5606267155853126,0.20934122223087764,30,0.3077424086675555,0.010118919424302873,0.0037784623904833906,30,0.6283111554357027,0.03154507125320015,0.011779110035115933,30,0.0,0.0,0.0,30,0.0,0.0,0.0,30,1.519878844550756,0.0655215937228613,0.024466137861693667,30,16.1130127397576,0.8282649895122899,0.30927888453286245,30,31.693902974385743,1.7042295143222468,0.6363690483741562,30,1.8269091701635065,0.3012107348702841,0.11247381124350053,30,0.039137111994628174,0.008704256979282033,0.0032502193420307366,30,96.0491672339747,0.9226352671129797,0.34451728596111075,30,206.875,4.048110457468034,1.5115875989020686,30,384.8298333333332,29.91409120393716,11.17009275596179
moderate,medium,Fog-only,30,296.644808456696,15.661411331585843,5.8480605701991095,30,623.0458853841352,50.87612908773955,18.997437598891203,30,0.06623970098984308,0.08908558821603835,0.033265068185043004,30,9.950740740740741,0.38102819974696417,0.1422781091624991,30,130.92209329364067,15.97209347245024,5.96407105861466,30,7.774064311060846,0.6002839709364773,0.22414946820764559,30,0.30128531243039525,0.010999781601937875,0.004107381365902789,30,0.6060364810378424,0.03526421962353065,0.013167861309107775,30,0.0,0.0,0.0,30,0.0,0.0,0.0,30,1.5127158987504439,0.07194035622411381,0.0268629404932255,30,16.31347930833033,0.8630654393917683,0.32227357156690517,30,31.926189501356454,1.7852232397941752,0.6666125687273091,30,1.9081573458150183,0.2393854065834515,0.08938788003724629,30,0.048456411927821824,0.015865680563599844,0.005924335869797219,30,99.93376029901016,0.08908558821603821,0.033265068185042955,30,22.56,0.5297038860500762,0.19779446081230165,30,38.930833333333325,1.676694245220047,0.6260872213971943
moderate,medium,SemiGreedy,30,236.08488809987284,6.344926872109175,2.3692319852901282,30,391.95484513410895,13.169216151034332,4.917460635107068,30,0.0,0.0,0.0,30,9.958888888888888,0.37936504501285767,0.14165707767199404,30,316.6741193661381,13.316513992188279,4.972462491497275,30,15.572113285763127,0.74387484865694,0.27776712324897385,30,0.3053359243058533,0.008336063115917326,0.0031127336474822626,30,0.3693750916498356,0.02943328859048358,0.01099055831003891,30,0.0,0.0,0.0,30,0.0,0.0,0.0,30,1.398182004426733,0.08036273149733973,0.030007903593928704,30,17.314852322739856,1.1184226352648163,0.4176254090791487,30,34.15553772330964,2.352068498854617,0.8782758306601663,30,1.5158350782275238,0.19310067935965325,0.07210489815591237,30,0.01995828062540711,0.0048102080144037124,0.0017961591856512256,30,100.0,0.0,0.0,30,215.98833333333332,3.005273621524317,1.122186359619496,30,406.57116666666656,25.60610907318439,9.561467587860378
