qos_regime,load,metric,comparator,n_pairs,mean_improvement,improvement_sd,improvement_ci95,normality_test,normality_p,test,statistic,raw_p,holm_p,effect_name,effect_size,effect_ci95_low,effect_ci95_high
clean,low,mean_latency_ms,DRL-OO-2025,30,8.122444203171147,5.632280572971437,2.1031257810503776,Jarque-Bera,0.15616026678084166,paired_t,7.898835746044557,1.0356633550756555e-08,3.314122736242098e-07,cohens_dz,1.4421235053789174,1.170051116510053,1.9294834499318843
clean,low,mean_latency_ms,DT-OPT,30,0.07238905475640157,0.3982477232823805,0.14870797774158379,Jarque-Bera,4.104181611440304e-128,wilcoxon_signed_rank,111.0,0.2651566336259561,1.0,rank_biserial,0.26,-0.1738333333333333,0.6842719298245613
clean,low,mean_latency_ms,Fog-only,30,-10.823584051084545,5.817473039847363,2.172277707432056,Jarque-Bera,0.26621619312567507,paired_t,-10.190543380649167,4.293432276369913e-11,1.5027012967294695e-09,cohens_dz,-1.8605301609388343,-2.455124051195966,-1.5340275056917576
clean,low,mean_latency_ms,SemiGreedy,30,-57.12290494772075,9.06031450651145,3.383173259249774,Jarque-Bera,0.7815282252885386,paired_t,-34.532469670456216,0.0,0.0,cohens_dz,-6.304737534957287,-8.221874426044014,-5.291194516244671
clean,low,p95_latency_ms,DRL-OO-2025,30,50.36001795496735,30.493983979138616,11.386628035049922,Jarque-Bera,0.5383449815082819,paired_t,9.04549495702856,6.106450900489335e-10,2.076193306166374e-08,cohens_dz,1.6514738772545883,1.3151698349347727,2.226595330242675
clean,low,p95_latency_ms,DT-OPT,30,0.0,0.0,0.0,Jarque-Bera,1.0,paired_t,0.0,1.0,1.0,cohens_dz,0.0,0.0,0.0
clean,low,p95_latency_ms,Fog-only,30,-29.568225413841212,17.977768612708374,6.713001627899726,Jarque-Bera,0.16568305754488438,paired_t,-9.008450599987187,6.673235297682822e-10,2.2021676482353314e-08,cohens_dz,-1.6447105339279768,-2.2645815120868233,-1.3239851403224236
clean,low,p95_latency_ms,SemiGreedy,30,-216.46441556881703,44.82658353297587,16.73850268699815,Jarque-Bera,0.6217498368918976,paired_t,-26.44913664165266,0.0,0.0,cohens_dz,-4.828929588389864,-6.219842705638449,-4.069014673432845
clean,low,dmr_pct,DRL-OO-2025,30,-0.08635873703483113,0.2690763787768053,0.10047465887847659,Jarque-Bera,0.9087685376030058,paired_t,-1.7578885417834818,0.08931872322128398,1.0,cohens_dz,-0.32094506930489186,-0.7179858638588636,-0.007838083959422707
clean,low,dmr_pct,DT-OPT,30,0.00039431219819950993,0.05605735735551084,0.02093213786928415,Jarque-Bera,3.658186516405051e-40,wilcoxon_signed_rank,1.0,0.6547208460185772,1.0,rank_biserial,0.3333333333333333,-1.0,1.0
clean,low,dmr_pct,Fog-only,30,-0.40331653548293317,0.3231398004742346,0.12066224976826703,Jarque-Bera,0.010697604717392159,wilcoxon_signed_rank,0.0,1.8215297148849174e-05,0.0005100283201677769,rank_biserial,-1.0,-1.0,-1.0
clean,low,dmr_pct,SemiGreedy,30,-0.40331653548293317,0.3231398004742346,0.12066224976826703,Jarque-Bera,0.010697604717392159,wilcoxon_signed_rank,0.0,1.8215297148849174e-05,0.0005100283201677769,rank_biserial,-1.0,-1.0,-1.0
clean,low,throughput_tasks_s,DRL-OO-2025,30,0.0,0.0,0.0,Jarque-Bera,1.0,paired_t,0.0,1.0,1.0,cohens_dz,0.0,0.0,0.0
clean,low,throughput_tasks_s,DT-OPT,30,0.0,0.0,0.0,Jarque-Bera,1.0,paired_t,0.0,1.0,1.0,cohens_dz,0.0,0.0,0.0
clean,low,throughput_tasks_s,Fog-only,30,-0.0011111111111111072,0.005340671835004677,0.0019942374103714463,Jarque-Bera,1.6359066413593497e-21,wilcoxon_signed_rank,2.0,0.25683925795785667,1.0,rank_biserial,-0.6,-1.0,0.5
clean,low,throughput_tasks_s,SemiGreedy,30,-0.0037037037037036904,0.007343272802791827,0.0027420200660724214,Jarque-Bera,1.0599592002232551e-19,wilcoxon_signed_rank,0.0,0.006655605482949412,0.15307892610783647,rank_biserial,-1.0,-1.0,-1.0
clean,low,energy_j,DRL-OO-2025,30,-10.788566324737003,10.387440538811665,3.8787297105082312,Jarque-Bera,3.7773209110787794e-08,wilcoxon_signed_rank,2.0,2.1266360108462834e-06,6.37990803253885e-05,rank_biserial,-0.9913978494623656,-1.0,-0.9483870967741935
clean,low,energy_j,DT-OPT,30,-0.05297392408611567,0.30627423082336436,0.11436454959419125,Jarque-Bera,1.6168667996788684e-78,wilcoxon_signed_rank,113.0,0.29044639432372943,1.0,rank_biserial,-0.24666666666666667,-0.7246884057971015,0.21938888888888888
clean,low,energy_j,Fog-only,30,14.444141585868637,10.682378618513836,3.988861276434088,Jarque-Bera,0.35203446073261185,paired_t,7.406011762836535,3.681962823520735e-08,1.1414084752914277e-06,cohens_dz,1.3521465678847235,1.0854565816949462,1.8548212917586935
clean,low,energy_j,SemiGreedy,30,138.04048707757778,13.358463831058577,4.988126801273038,Jarque-Bera,0.503660780037769,paired_t,56.59923893763934,0.0,0.0,cohens_dz,10.333559967923266,8.990722200633947,13.15077785324059
clean,low,run_cost_index,DRL-OO-2025,30,0.001523764755362041,0.002689339486891431,0.0010042147466908242,Jarque-Bera,0.683546660374489,paired_t,3.103365465428217,0.004241961781176418,0.10180708274823402,cohens_dz,0.5665944231991845,0.2623842745739775,0.9815869684808811
clean,low,run_cost_index,DT-OPT,30,-4.132506960510818e-06,0.00017575810124516308,6.562908029316307e-05,Jarque-Bera,1.4843207534342181e-05,wilcoxon_signed_rank,129.0,0.5485062355001471,1.0,rank_biserial,-0.14,-0.593536231884058,0.3263245614035088
clean,low,run_cost_index,Fog-only,30,0.0024028009247138438,0.005547145297066777,0.002071335782077108,Jarque-Bera,0.2987572383737397,paired_t,2.3725145046335028,0.024516482200348078,0.5393626084076577,cohens_dz,0.4331599040653214,0.0889684149527124,0.7479868182478077
clean,low,run_cost_index,SemiGreedy,30,0.02114613250936283,0.004972061706604681,0.001856596280077873,Jarque-Bera,0.6436933906982031,paired_t,23.294589775476865,0.0,0.0,cohens_dz,4.2529907626192935,3.5594308562325048,5.558518200933151
clean,low,fairness,DRL-OO-2025,30,0.012814566559025142,0.03461485307728012,0.012925384126538968,Jarque-Bera,0.8084376715466374,paired_t,2.027692318485188,0.05186830515010721,1.0,cohens_dz,0.37020427417142904,-0.00429425618069886,0.8270562823723265
clean,low,fairness,DT-OPT,30,-3.709107117531955e-05,0.0011790163884553841,0.00044025146310018527,Jarque-Bera,0.1516282868081013,paired_t,-0.17230987256561747,0.8643908225451677,1.0,cohens_dz,-0.03145933469500975,-0.35940404022825007,0.3563178234379236
clean,low,fairness,Fog-only,30,0.046435025863926005,0.041180448888725095,0.015377015155943,Jarque-Bera,0.005182634194741599,wilcoxon_signed_rank,11.0,5.216493446980053e-06,0.00015127830996242153,rank_biserial,0.9526881720430107,0.832258064516129,1.0
clean,low,fairness,SemiGreedy,30,0.16633764397301262,0.04561130968988509,0.017031523922406824,Jarque-Bera,0.808818635644109,paired_t,19.97462479935901,0.0,0.0,cohens_dz,3.6468508601036778,2.8917790290284655,5.041784429396457
clean,low,network_failure_rate_pct,DRL-OO-2025,30,0.0,0.0,0.0,Jarque-Bera,1.0,paired_t,0.0,1.0,1.0,cohens_dz,0.0,0.0,0.0
clean,low,network_failure_rate_pct,DT-OPT,30,0.0,0.0,0.0,Jarque-Bera,1.0,paired_t,0.0,1.0,1.0,cohens_dz,0.0,0.0,0.0
clean,low,network_failure_rate_pct,Fog-only,30,0.0,0.0,0.0,Jarque-Bera,1.0,paired_t,0.0,1.0,1.0,cohens_dz,0.0,0.0,0.0
clean,low,network_failure_rate_pct,SemiGreedy,30,0.0,0.0,0.0,Jarque-Bera,1.0,paired_t,0.0,1.0,1.0,cohens_dz,0.0,0.0,0.0
clean,low,retransmission_overhead_pct,DRL-OO-2025,30,0.019887130406928005,0.05994495043056252,0.022383787359476475,Jarque-Bera,0.9240503032322716,paired_t,1.8171055025792182,0.07954892302970551,1.0,cohens_dz,0.33175655770979984,-0.007957214079306416,0.7545186840088889
clean,low,retransmission_overhead_pct,DT-OPT,30,-0.001141939434739017,0.006254659877112575,0.0023355257730559003,Jarque-Bera,3.412626851628609e-200,wilcoxon_signed_rank,0.0,0.31731050786291437,1.0,rank_biserial,-1.0,-1.0,0.0
clean,low,retransmission_overhead_pct,Fog-only,30,0.009377392187164853,0.06393556269233151,0.02387390480323058,Jarque-Bera,0.10517672543664124,paired_t,0.8033415231205807,0.42831305689999244,1.0,cohens_dz,0.14666942453123333,-0.18654932660771797,0.582749432463179
clean,low,retransmission_overhead_pct,SemiGreedy,30,-0.024147283559942685,0.06964554042284998,0.026006043147315493,Jarque-Bera,0.9076876626864748,paired_t,-1.8990464899766852,0.06754767687582364,1.0,cohens_dz,-0.34671686677041297,-0.7942442160367873,0.010358161875056882
clean,low,sla_success_pct,DRL-OO-2025,30,-0.08635873703483081,0.2690763787768047,0.10047465887847637,Jarque-Bera,0.908768537603018,paired_t,-1.7578885417834793,0.08931872322128465,1.0,cohens_dz,-0.3209450693048914,-0.6802038863640779,0.062215870310050096
clean,low,sla_success_pct,DT-OPT,30,0.00039431219819903164,0.05605735735551058,0.020932137869284058,Jarque-Bera,3.658186516412069e-40,wilcoxon_signed_rank,1.0,0.6547208460185772,1.0,rank_biserial,0.3333333333333333,-1.0,1.0
clean,low,sla_success_pct,Fog-only,30,-0.4033165354829336,0.3231398004742334,0.12066224976826662,Jarque-Bera,0.010697604717393906,wilcoxon_signed_rank,0.0,1.8215297148849174e-05,0.0005100283201677769,rank_biserial,-1.0,-1.0,-1.0
clean,low,sla_success_pct,SemiGreedy,30,-0.4033165354829336,0.3231398004742334,0.12066224976826662,Jarque-Bera,0.010697604717393906,wilcoxon_signed_rank,0.0,1.8215297148849174e-05,0.0005100283201677769,rank_biserial,-1.0,-1.0,-1.0
clean,medium,mean_latency_ms,DRL-OO-2025,30,-1.6960248252329886,4.44272982107422,1.658940726387337,Jarque-Bera,0.47431121979857405,paired_t,-2.0909465402608056,0.04540601567513103,1.0,cohens_dz,-0.3817528622127424,-0.8109029251083772,-0.03585566748843312
clean,medium,mean_latency_ms,DT-OPT,30,-0.15486601200922603,0.6495649432546978,0.24255126514493838,Jarque-Bera,0.004287175705238597,wilcoxon_signed_rank,213.0,0.6883592982254605,1.0,rank_biserial,-0.08387096774193549,-0.4881720430107527,0.3377419354838709
clean,medium,mean_latency_ms,Fog-only,30,-15.912200994444474,3.9319474106607193,1.468211652803393,Jarque-Bera,0.5139956429966583,paired_t,-22.165788384104655,0.0,0.0,cohens_dz,-4.046900767620035,-5.328765933292974,-3.420648142314019
clean,medium,mean_latency_ms,SemiGreedy,30,-80.07354354568731,11.51015467569206,4.297957590836852,Jarque-Bera,0.8946239511411352,paired_t,-38.10381988347011,0.0,0.0,cohens_dz,-6.956773892430149,-9.39089543714591,-5.728445157636252
clean,medium,p95_latency_ms,DRL-OO-2025,30,6.5309141912641815,29.924473451999777,11.173969546771987,Jarque-Bera,0.5558437619162439,paired_t,1.1953857866284197,0.241620335462724,1.0,cohens_dz,0.21824658675248093,-0.12198264943549192,0.6214223096408458
clean,medium,p95_latency_ms,DT-OPT,30,-0.3452174175913342,2.8431617692735256,1.0616528667536393,Jarque-Bera,2.4679273929560525e-16,wilcoxon_signed_rank,5.0,0.5001842570707944,1.0,rank_biserial,-0.3333333333333333,-1.0,0.6
clean,medium,p95_latency_ms,Fog-only,30,-66.2113536780346,26.023888294177947,9.717468738562136,Jarque-Bera,0.3651588588312003,paired_t,-13.935447140896883,2.19824158875781e-14,6.814548925149211e-13,cohens_dz,-2.5442529159966987,-3.379677587043056,-2.0982939793688895
clean,medium,p95_latency_ms,SemiGreedy,30,-310.8882794202771,47.44573718433231,17.716509641256444,Jarque-Bera,0.9739766052308918,paired_t,-35.88953056855137,0.0,0.0,cohens_dz,-6.552501823555598,-9.39532023512428,-5.312092685578096
clean,medium,dmr_pct,DRL-OO-2025,30,-0.21908085085242526,0.5836886781080081,0.21795269094496375,Jarque-Bera,0.6765152106433506,paired_t,-2.0558137998882646,0.04890138066437966,1.0,cohens_dz,-0.37533853074307133,-0.754660628913241,-0.04252379564391664
clean,medium,dmr_pct,DT-OPT,30,0.011133921275417161,0.10955417495367166,0.040908155547587435,Jarque-Bera,0.15965851130940867,paired_t,0.5566469592429062,0.5820392543765327,1.0,cohens_dz,0.10162936538133287,-0.26867796991147447,0.4574955414437692
clean,medium,dmr_pct,Fog-only,30,-2.5154614077174973,0.7516621679262013,0.2806749528054502,Jarque-Bera,0.5258357982171536,paired_t,-18.32970999913147,0.0,0.0,cohens_dz,-3.346531879684102,-4.236502703566756,-2.8417353196907915
clean,medium,dmr_pct,SemiGreedy,30,-2.577828260280287,0.7819022662582183,0.2919667784877085,Jarque-Bera,0.4345640616197129,paired_t,-18.057687622349583,0.0,0.0,cohens_dz,-3.296867615714232,-4.14261751613578,-2.843802798359981
clean,medium,throughput_tasks_s,DRL-OO-2025,30,0.00037037037037036905,0.003553799055274943,0.0013270088939972826,Jarque-Bera,4.878410285323995e-14,wilcoxon_signed_rank,2.0,0.5637028616507731,1.0,rank_biserial,0.3333333333333333,-1.0,1.0
clean,medium,throughput_tasks_s,DT-OPT,30,0.00037037037037036905,0.002028602064833941,0.0007574916140574036,Jarque-Bera,3.412626851629385e-200,wilcoxon_signed_rank,0.0,0.31731050786291437,1.0,rank_biserial,1.0,0.0,1.0
clean,medium,throughput_tasks_s,Fog-only,30,-0.00037037037037036905,0.00617837129741704,0.002307039181047798,Jarque-Bera,2.236530010527987e-09,wilcoxon_signed_rank,9.0,0.7388826803635273,1.0,rank_biserial,-0.14285714285714285,-1.0,0.7222222222222222
clean,medium,throughput_tasks_s,SemiGreedy,30,-0.00777777777777775,0.008826408765664243,0.003295831517740629,Jarque-Bera,0.06661117372788579,paired_t,-4.826497898809562,4.108082397569213e-05,0.0011091822473436874,cohens_dz,-0.8811939243097612,-1.2245852331125753,-0.6509564441938054
clean,medium,energy_j,DRL-OO-2025,30,-0.26821327077623686,5.44544340254704,2.033359712956446,Jarque-Bera,0.9929862417464344,paired_t,-0.26977868975311065,0.7892409821724873,1.0,cohens_dz,-0.04925462463732217,-0.4537600595734987,0.2992368309394356
clean,medium,energy_j,DT-OPT,30,0.08876133240317709,0.4191162681698675,0.15650041176493468,Jarque-Bera,1.6777214535396812e-156,wilcoxon_signed_rank,212.0,0.6732798065233045,1.0,rank_biserial,0.08817204301075268,-0.35913978494623655,0.4624731182795698
clean,medium,energy_j,Fog-only,30,6.557261811459716,6.545335155597109,2.4440655846250356,Jarque-Bera,0.24205557984840476,paired_t,5.487205963062754,6.555274704833636e-06,0.0001835476917353418,cohens_dz,1.0018221612154434,0.740503734107905,1.3815416849928523
clean,medium,energy_j,SemiGreedy,30,195.18329552442952,16.5731997724781,6.188527589208527,Jarque-Bera,0.7246125860074074,paired_t,64.50552414414182,0.0,0.0,cohens_dz,11.7770435524802,9.805259633444559,16.578766743318738
clean,medium,run_cost_index,DRL-OO-2025,30,-0.000834508160802148,0.0019923731180260104,0.0007439635180996654,Jarque-Bera,0.1174489988624016,paired_t,-2.2941433005598193,0.02921468954344375,0.7303672385860938,cohens_dz,-0.4188513452886557,-1.0515757131554846,-0.03330821228879373
clean,medium,run_cost_index,DT-OPT,30,-9.187013469269533e-06,0.00021092185178004584,7.875942586991404e-05,Jarque-Bera,0.34730051108107546,paired_t,-0.23856866753048114,0.8131178756210091,1.0,cohens_dz,-0.043556480240131604,-0.40571819286240735,0.37363530362669883
clean,medium,run_cost_index,Fog-only,30,-0.004016961045668827,0.0025709126294435132,0.0009599934807505708,Jarque-Bera,0.24151638866132527,paired_t,-8.557973352087801,1.992414455642688e-09,5.977243366928064e-08,cohens_dz,-1.5624650171555299,-2.4650645520159333,-1.0762747506821237
clean,medium,run_cost_index,SemiGreedy,30,-0.0011809430208926035,0.004494573939705992,0.001678299616818605,Jarque-Bera,0.2511973100245546,paired_t,-1.4391333646932627,0.16081981791561062,1.0,cohens_dz,-0.26274860236693626,-0.5994489654410726,0.10059971429559915
clean,medium,fairness,DRL-OO-2025,30,0.041904933165649215,0.027023745363141054,0.010090821087021648,Jarque-Bera,0.757925927489281,paired_t,8.493373829994018,2.335889259796886e-09,6.77407885341097e-08,cohens_dz,1.550670812003924,1.1305174695659386,2.195600429488727
clean,medium,fairness,DT-OPT,30,0.0007816880204097358,0.0021595287334664043,0.0008063803809894641,Jarque-Bera,0.5674781540116429,paired_t,1.9825999769066358,0.05695680607089404,1.0,cohens_dz,0.3619715766203286,0.03274310080231658,0.7523629843505025
clean,medium,fairness,Fog-only,30,0.025533954497399577,0.03315947005299217,0.012381935780877412,Jarque-Bera,0.7571085181569476,paired_t,4.217655721935833,0.00022089834013860887,0.005743356843603831,cohens_dz,0.7700350595649974,0.4407715666562973,1.2199208655990468
clean,medium,fairness,SemiGreedy,30,0.2649041586102373,0.04141710110401471,0.015465382446718023,Jarque-Bera,0.4747487870961229,paired_t,35.03238502457354,0.0,0.0,cohens_dz,6.3960091737217,5.336022056025317,8.741553779539345
clean,medium,network_failure_rate_pct,DRL-OO-2025,30,0.0,0.0,0.0,Jarque-Bera,1.0,paired_t,0.0,1.0,1.0,cohens_dz,0.0,0.0,0.0
clean,medium,network_failure_rate_pct,DT-OPT,30,0.0,0.0,0.0,Jarque-Bera,1.0,paired_t,0.0,1.0,1.0,cohens_dz,0.0,0.0,0.0
clean,medium,network_failure_rate_pct,Fog-only,30,0.0,0.0,0.0,Jarque-Bera,1.0,paired_t,0.0,1.0,1.0,cohens_dz,0.0,0.0,0.0
clean,medium,network_failure_rate_pct,SemiGreedy,30,0.0,0.0,0.0,Jarque-Bera,1.0,paired_t,0.0,1.0,1.0,cohens_dz,0.0,0.0,0.0
clean,medium,retransmission_overhead_pct,DRL-OO-2025,30,-0.00839993689107561,0.05442216345681772,0.020321547114650732,Jarque-Bera,0.7388411271493321,paired_t,-0.8453972838680964,0.4048104326812565,1.0,cohens_dz,-0.1543477208093849,-0.5324908363884434,0.24213354534144402
clean,medium,retransmission_overhead_pct,DT-OPT,30,-0.0014518392908531492,0.00579816618137286,0.002165068416047732,Jarque-Bera,0.0010592859065518244,wilcoxon_signed_rank,5.0,0.24886387493792217,1.0,rank_biserial,-0.5238095238095238,-1.0,0.4
clean,medium,retransmission_overhead_pct,Fog-only,30,-0.006418742088170839,0.05224401278467186,0.01950821319524597,Jarque-Bera,6.833030328625841e-09,wilcoxon_signed_rank,166.0,0.8093375031796222,1.0,rank_biserial,-0.05413105413105413,-0.4928888888888889,0.3599069512862615
clean,medium,retransmission_overhead_pct,SemiGreedy,30,-0.018422643688267463,0.049180300074732904,0.01836420534575686,Jarque-Bera,0.6173714679731928,paired_t,-2.051735654644449,0.049322136357302426,1.0,cohens_dz,-0.3745939666954647,-0.8609665694213918,-0.0312895471260667
clean,medium,sla_success_pct,DRL-OO-2025,30,-0.21908085085242418,0.583688678108008,0.2179526909449637,Jarque-Bera,0.6765152106433464,paired_t,-2.055813799888255,0.04890138066438077,1.0,cohens_dz,-0.37533853074306955,-0.7764893423848375,-0.025896330033090734
clean,medium,sla_success_pct,DT-OPT,30,0.011133921275417435,0.109554174953672,0.04090815554758756,Jarque-Bera,0.15965851130940456,paired_t,0.5566469592429183,0.5820392543765243,1.0,cohens_dz,0.10162936538133506,-0.23352163430338654,0.4697977472906226
clean,medium,sla_success_pct,Fog-only,30,-2.515461407717497,0.751662167926203,0.28067495280545085,Jarque-Bera,0.5258357982171553,paired_t,-18.329709999131424,0.0,0.0,cohens_dz,-3.346531879684093,-4.276332831972877,-2.8360555626044435
clean,medium,sla_success_pct,SemiGreedy,30,-2.5778282602802864,0.7819022662582199,0.29196677848770913,Jarque-Bera,0.43456406161971484,paired_t,-18.057687622349544,0.0,0.0,cohens_dz,-3.2968676157142247,-4.17042251286518,-2.8643477763589043
clean,high,mean_latency_ms,DRL-OO-2025,30,-55.761108420608615,6.227821037856468,2.3255039969668574,Jarque-Bera,0.9021241129631661,paired_t,-49.04061424984464,0.0,0.0,cohens_dz,-8.9535502195164,-12.974017776070719,-7.077486459374512
clean,high,mean_latency_ms,DT-OPT,30,0.9440336526268293,4.695456835575469,1.7533104391314336,Jarque-Bera,0.8514080744148733,paired_t,1.101210264931206,0.27986161146845223,1.0,cohens_dz,0.20105256755302056,-0.15673776903433242,0.645492738785747
clean,high,mean_latency_ms,Fog-only,30,193.22364368233048,194.53105831057718,72.63900983756335,Jarque-Bera,3.453349428605511e-08,wilcoxon_signed_rank,0.0,1.7343976281836149e-06,3.642235019185591e-05,rank_biserial,1.0,1.0,1.0
clean,high,mean_latency_ms,SemiGreedy,30,-129.00762554305436,7.7938329296558395,2.910261794524013,Jarque-Bera,0.6589131038863898,paired_t,-90.66192108281535,0.0,0.0,cohens_dz,-16.552526427937053,-21.806637402556632,-14.110236191109445
clean,high,p95_latency_ms,DRL-OO-2025,30,-127.48290315898413,40.16070825231864,14.996238169671582,Jarque-Bera,0.04338421902612286,wilcoxon_signed_rank,0.0,1.7343976281836149e-06,3.642235019185591e-05,rank_biserial,-1.0,-1.0,-1.0
clean,high,p95_latency_ms,DT-OPT,30,6.462582312154234,37.05502093876578,13.8365567631098,Jarque-Bera,0.8169262931213802,paired_t,0.9552557311869289,0.34734408330684774,1.0,cohens_dz,0.17440503738572405,-0.20131645285106525,0.5448324595457695
clean,high,p95_latency_ms,Fog-only,30,398.71075811154935,474.4063645106452,177.14604998279452,Jarque-Bera,0.014762757234155495,wilcoxon_signed_rank,18.0,1.0246327832641455e-05,0.00019468022882018765,rank_biserial,0.9225806451612903,0.7505376344086021,1.0
clean,high,p95_latency_ms,SemiGreedy,30,-467.0704693453194,42.11588709299765,15.726313131868794,Jarque-Bera,0.22237942251720205,paired_t,-60.743118491143214,0.0,0.0,cohens_dz,-11.09012540360277,-15.461711083566009,-9.278753434444715
clean,high,dmr_pct,DRL-OO-2025,30,-5.253494446177578,1.1936918681791067,0.44573137116874934,Jarque-Bera,0.281671788869669,paired_t,-24.105529162135692,0.0,0.0,cohens_dz,-4.401047360900108,-6.498744431385874,-3.5014258821149364
clean,high,dmr_pct,DT-OPT,30,0.09679584588992712,0.604822124714243,0.2258440407852604,Jarque-Bera,0.5887341067290931,paired_t,0.8765762048098948,0.3879205930494849,1.0,cohens_dz,0.1600401869155493,-0.1970376730924434,0.5977336588684857
clean,high,dmr_pct,Fog-only,30,29.57026404593126,18.02656130403611,6.731221097922338,Jarque-Bera,0.3537346364014794,paired_t,8.984686749831877,7.064899776310085e-10,1.6249269485513196e-08,cohens_dz,1.6403718683335649,1.3572267167418477,2.1417984783330453
clean,high,dmr_pct,SemiGreedy,30,-12.57017170285888,1.3301593854778797,0.4966891226849474,Jarque-Bera,0.7272188352298119,paired_t,-51.76046320866584,0.0,0.0,cohens_dz,-9.450124428767502,-12.469363018397257,-7.917389243350337
clean,high,throughput_tasks_s,DRL-OO-2025,30,-0.028888888888888787,0.03484442098677785,0.01301110609701101,Jarque-Bera,0.4421109628882506,paired_t,-4.541070179271745,9.063629218797331e-05,0.0016314532593835196,cohens_dz,-0.8290821908003877,-1.345454883901822,-0.45061116325142636
clean,high,throughput_tasks_s,DT-OPT,30,-0.0003703703703706651,0.02551860285776091,0.009528792266509658,Jarque-Bera,0.05444368818076787,paired_t,-0.07949502863236138,0.9371849223662534,1.0,cohens_dz,-0.014513740130487795,-0.3605377436001906,0.44315557851009046
clean,high,throughput_tasks_s,Fog-only,30,-0.008518518518518429,0.08292663636365279,0.030965280335843875,Jarque-Bera,0.002382967943596603,wilcoxon_signed_rank,164.0,0.37402983255676503,1.0,rank_biserial,-0.1921182266009852,-0.6257224958949097,0.2195359923724772
clean,high,throughput_tasks_s,SemiGreedy,30,-0.1155555555555555,0.06957879723821782,0.0259811208604211,Jarque-Bera,0.28791313958448767,paired_t,-9.096504529407746,5.405524916568538e-10,1.2973259799764492e-08,cohens_dz,-1.6607869084015126,-2.1898056196704676,-1.3787700829586869
clean,high,energy_j,DRL-OO-2025,30,87.19619123277944,8.473531858159616,3.1640652621191028,Jarque-Bera,0.789709234384444,paired_t,56.362944833608545,0.0,0.0,cohens_dz,10.29041876426222,8.332770468740145,14.16235816850834
clean,high,energy_j,DT-OPT,30,-0.4995817663652957,2.9285712438440252,1.0935452530770746,Jarque-Bera,0.33551236693251824,paired_t,-0.9343539220079896,0.35783667513251904,1.0,cohens_dz,-0.17058890659239953,-0.5300833101111901,0.21677334576953045
clean,high,energy_j,Fog-only,30,-71.2877538965832,27.735649485127656,10.356650158068115,Jarque-Bera,0.3934530328324408,paired_t,-14.077878689652648,1.709743457922741e-14,4.616307336391401e-13,cohens_dz,-2.5702572400480084,-3.305244558652215,-2.2203315957413294
clean,high,energy_j,SemiGreedy,30,179.9319155418993,10.18773867652468,3.804159892890294,Jarque-Bera,0.32475024921778944,paired_t,96.73664793199399,0.0,0.0,cohens_dz,17.661614736596196,14.993503985820892,23.342819582289597
clean,high,run_cost_index,DRL-OO-2025,30,-0.018637231570118793,0.00250508516542253,0.000935413129170064,Jarque-Bera,0.5355340422598395,paired_t,-40.74924190722956,0.0,0.0,cohens_dz,-7.4397596646081565,-9.516668947313278,-6.469560326639965
clean,high,run_cost_index,DT-OPT,30,0.0002897859228255806,0.0012783195078084088,0.00047733181585325973,Jarque-Bera,0.5152255551276889,paired_t,1.241648005913171,0.2243154834477088,1.0,cohens_dz,0.2266928737733172,-0.13860206905537523,0.6317343125664889
clean,high,run_cost_index,Fog-only,30,0.034243649515446874,0.013492405317290696,0.005038141318340741,Jarque-Bera,0.5610433373200174,paired_t,13.9011679903175,2.353672812205332e-14,6.119549311733863e-13,cohens_dz,2.5379944279885502,2.0795153647766114,3.2898362019811067
clean,high,run_cost_index,SemiGreedy,30,-0.034155301458756344,0.0034492656952017603,0.0012879755394437562,Jarque-Bera,0.5332065568676132,paired_t,-54.23655560478845,0.0,0.0,cohens_dz,-9.90219498204196,-13.452632457307365,-8.195484913186215
clean,high,fairness,DRL-OO-2025,30,0.14195899628007222,0.029280864274362387,0.0109336421985739,Jarque-Bera,0.9175139299534706,paired_t,26.554593394112057,0.0,0.0,cohens_dz,4.848183269110948,4.01649255386067,6.82247226900216
clean,high,fairness,DT-OPT,30,-0.0005713279243112046,0.0036541957870998374,0.001364497607902517,Jarque-Bera,0.7413524961027489,paired_t,-0.8563558443763848,0.39882200129378376,1.0,cohens_dz,-0.1563484710721098,-0.5943121379412103,0.18873329621356408
clean,high,fairness,Fog-only,30,-0.057846590451257444,0.02366603618102261,0.00883703327324139,Jarque-Bera,0.26962769320204877,paired_t,-13.387912628276727,6.061817714453355e-14,1.5154544286133387e-12,cohens_dz,-2.4442872481384796,-3.3252962917883937,-2.0091583144088907
clean,high,fairness,SemiGreedy,30,0.2625751349744485,0.029610230118593164,0.011056629288692126,Jarque-Bera,0.9360615888046587,paired_t,48.57048523076529,0.0,0.0,cohens_dz,8.867716796620556,7.2170351574425835,12.644637858786297
clean,high,network_failure_rate_pct,DRL-OO-2025,30,0.0,0.0,0.0,Jarque-Bera,1.0,paired_t,0.0,1.0,1.0,cohens_dz,0.0,0.0,0.0
clean,high,network_failure_rate_pct,DT-OPT,30,0.0,0.0,0.0,Jarque-Bera,1.0,paired_t,0.0,1.0,1.0,cohens_dz,0.0,0.0,0.0
clean,high,network_failure_rate_pct,Fog-only,30,0.0,0.0,0.0,Jarque-Bera,1.0,paired_t,0.0,1.0,1.0,cohens_dz,0.0,0.0,0.0
clean,high,network_failure_rate_pct,SemiGreedy,30,0.0,0.0,0.0,Jarque-Bera,1.0,paired_t,0.0,1.0,1.0,cohens_dz,0.0,0.0,0.0
clean,high,retransmission_overhead_pct,DRL-OO-2025,30,0.00583665351921534,0.04385033365860316,0.01637396540002538,Jarque-Bera,0.020364211840741466,wilcoxon_signed_rank,200.0,0.5038329688781413,1.0,rank_biserial,0.13978494623655913,-0.27322580645161293,0.5268817204301075
clean,high,retransmission_overhead_pct,DT-OPT,30,0.0027584664104597927,0.03181511937048511,0.011879947546711435,Jarque-Bera,0.13214145960708945,paired_t,0.4748919089490424,0.6384210591654105,1.0,cohens_dz,0.08670300363602666,-0.26516900761521733,0.4761828718094695
clean,high,retransmission_overhead_pct,Fog-only,30,0.029780911095449895,0.04942930753469422,0.018457186155560912,Jarque-Bera,0.9332096063795426,paired_t,3.3000010729635854,0.002566907120499895,0.043637421048498215,cohens_dz,0.6024950091511357,0.27765600837365406,1.027554269352547
clean,high,retransmission_overhead_pct,SemiGreedy,30,-0.007818803188855,0.02372812832564387,0.008860218835193036,Jarque-Bera,0.8323514292862618,paired_t,-1.80483467572995,0.08149482814361697,1.0,cohens_dz,-0.3295162214882718,-0.7244056139190844,0.021248086857290727
clean,high,sla_success_pct,DRL-OO-2025,30,-5.253494446177577,1.1936918681791053,0.4457313711687489,Jarque-Bera,0.2816717888696647,paired_t,-24.105529162135717,0.0,0.0,cohens_dz,-4.4010473609001135,-6.0793008081322055,-3.5340238818343304
clean,high,sla_success_pct,DT-OPT,30,0.09679584588992801,0.6048221247142415,0.22584404078525985,Jarque-Bera,0.5887341067290873,paired_t,0.8765762048099052,0.387920593049478,1.0,cohens_dz,0.1600401869155512,-0.17831153700867525,0.5597345539097064
clean,high,sla_success_pct,Fog-only,30,29.57026404593126,18.02656130403611,6.731221097922338,Jarque-Bera,0.3537346364014801,paired_t,8.984686749831878,7.064899776310085e-10,1.6249269485513196e-08,cohens_dz,1.6403718683335649,1.3371494749733466,2.185693934023899
clean,high,sla_success_pct,SemiGreedy,30,-12.570171702858879,1.3301593854778788,0.4966891226849471,Jarque-Bera,0.7272188352298137,paired_t,-51.76046320866586,0.0,0.0,cohens_dz,-9.450124428767506,-12.492425643483841,-8.021617784549296
moderate,low,mean_latency_ms,DRL-OO-2025,30,6.864148608591139,6.369865287718877,2.3785441323197003,Jarque-Bera,0.1783216324979121,paired_t,5.902242608241155,2.083429163635131e-06,5.4169158254513405e-05,cohens_dz,1.0775971388006027,0.8022463466472274,1.4731124612562607
moderate,low,mean_latency_ms,DT-OPT,30,0.06768478684513374,0.4977738881444229,0.18587161696348464,Jarque-Bera,6.993739114125153e-17,wilcoxon_signed_rank,173.0,0.33593285118039273,1.0,rank_biserial,0.2045977011494253,-0.1971182266009852,0.5828809788654059
moderate,low,mean_latency_ms,Fog-only,30,-13.565538000571415,6.443315110865319,2.4059707163954607,Jarque-Bera,0.3702377843054268,paired_t,-11.531565723174209,2.368771845340234e-12,8.053824274156796e-11,cohens_dz,-2.1053662233119628,-2.719708366463803,-1.7665736739611742
moderate,low,mean_latency_ms,SemiGreedy,30,-57.31715484702157,9.674969005513901,3.6126887648327397,Jarque-Bera,0.5849043530964216,paired_t,-32.44857799941111,0.0,0.0,cohens_dz,-5.924272709747774,-7.632458161985993,-5.010983033811283
moderate,low,p95_latency_ms,DRL-OO-2025,30,48.19797209556662,33.02958476849159,12.333435872736626,Jarque-Bera,0.46322753294797003,paired_t,7.99256688444043,8.164723563908183e-09,2.367769833533373e-07,cohens_dz,1.4592363916589366,1.1653708484147645,1.9822752681661737
moderate,low,p95_latency_ms,DT-OPT,30,0.04306804324001708,7.408616602063987,2.766419814469288,Jarque-Bera,1.3496843929275216e-36,wilcoxon_signed_rank,6.0,0.6858304344516057,1.0,rank_biserial,0.2,-1.0,1.0
moderate,low,p95_latency_ms,Fog-only,30,-38.458959262954714,16.738307062259988,6.250179595581577,Jarque-Bera,0.716720111714164,paired_t,-12.584808874720451,2.8266278206956486e-13,9.89319737243477e-12,cohens_dz,-2.2976612341918656,-3.303123208840548,-1.7501819026352714
moderate,low,p95_latency_ms,SemiGreedy,30,-212.7436996604502,40.093482207399674,14.971135579984265,Jarque-Bera,0.5507582960953336,paired_t,-29.063208495675863,0.0,0.0,cohens_dz,-5.306191628852485,-6.789643078581481,-4.56253619811531
moderate,low,dmr_pct,DRL-OO-2025,30,-0.17962191839781105,0.42886204111676307,0.16013953912645848,Jarque-Bera,9.420147060286786e-08,wilcoxon_signed_rank,57.0,0.0026154002107299235,0.06015420484678824,rank_biserial,-0.6752136752136753,-0.9493119511672735,-0.3
moderate,low,dmr_pct,DT-OPT,30,-0.008439267811016204,0.10697458796484281,0.03994492301142742,Jarque-Bera,0.3139329517113466,paired_t,-0.4321005050694809,0.6688643720919198,1.0,cohens_dz,-0.0788903979119767,-0.43886635786818046,0.300142700040169
moderate,low,dmr_pct,Fog-only,30,-0.7206969876768329,0.39452040042895614,0.14731617406884887,Jarque-Bera,0.1605487093700609,paired_t,-10.005616866641802,6.516298611813909e-11,2.15037854189859e-09,cohens_dz,-1.8267673532046247,-2.4216665818941068,-1.5173721957491686
moderate,low,dmr_pct,SemiGreedy,30,-0.7206969876768329,0.39452040042895614,0.14731617406884887,Jarque-Bera,0.1605487093700609,paired_t,-10.005616866641802,6.516298611813909e-11,2.15037854189859e-09,cohens_dz,-1.8267673532046247,-2.418731893494624,-1.5344097773989325
moderate,low,throughput_tasks_s,DRL-OO-2025,30,-0.00037037037037036905,0.003553799055274943,0.0013270088939972826,Jarque-Bera,4.8784102853240646e-14,wilcoxon_signed_rank,2.0,0.5637028616507731,1.0,rank_biserial,-0.3333333333333333,-1.0,1.0
moderate,low,throughput_tasks_s,DT-OPT,30,0.0,0.0,0.0,Jarque-Bera,1.0,paired_t,0.0,1.0,1.0,cohens_dz,0.0,0.0,0.0
moderate,low,throughput_tasks_s,Fog-only,30,-0.00037037037037036905,0.002028602064833941,0.0007574916140574036,Jarque-Bera,3.412626851629773e-200,wilcoxon_signed_rank,0.0,0.31731050786291437,1.0,rank_biserial,-1.0,-1.0,0.0
moderate,low,throughput_tasks_s,SemiGreedy,30,-0.00407407407407406,0.007982171136490393,0.0029805883581990144,Jarque-Bera,1.4164893040520885e-11,wilcoxon_signed_rank,0.0,0.008386320961798255,0.16961290059351475,rank_biserial,-1.0,-1.0,-1.0
moderate,low,energy_j,DRL-OO-2025,30,-9.99285753317408,10.033570955534536,3.7465927840754194,Jarque-Bera,1.5556973160596583e-08,wilcoxon_signed_rank,5.0,2.8785992194357846e-06,7.196498048589461e-05,rank_biserial,-0.978494623655914,-1.0,-0.9096774193548387
moderate,low,energy_j,DT-OPT,30,-0.10949333428443045,0.35986931974384456,0.13437726234633365,Jarque-Bera,5.024670143429775e-156,wilcoxon_signed_rank,95.0,0.008076804790167369,0.16961290059351475,rank_biserial,-0.5632183908045977,-0.8410456062291435,-0.19546162402669656
moderate,low,energy_j,Fog-only,30,15.16270155163351,10.814232330155983,4.0380962065283965,Jarque-Bera,0.37471907150443556,paired_t,7.6796516100264585,1.8138635704545436e-08,5.078817997272722e-07,cohens_dz,1.4021061401974526,1.1280957643480585,1.9221090104778076
moderate,low,energy_j,SemiGreedy,30,137.89963759172088,13.215928446605664,4.934903273454945,Jarque-Bera,0.5841225233738845,paired_t,57.151294731905104,0.0,0.0,cohens_dz,10.434351105096864,9.024883578159471,13.50260742328741
moderate,low,run_cost_index,DRL-OO-2025,30,0.0010936148974510682,0.0030165191314286957,0.0011263854973390288,Jarque-Bera,0.7304968726695169,paired_t,1.9857243480300735,0.05659063063637726,1.0,cohens_dz,0.3625420061344368,0.03367673821323168,0.7369705246917861
moderate,low,run_cost_index,DT-OPT,30,-2.6651085185254903e-05,0.0002697486166670201,0.0001007256763516995,Jarque-Bera,0.10246562048120805,paired_t,-0.5411483001588479,0.5925384781141765,1.0,cohens_dz,-0.09879971031752581,-0.4456703643125171,0.32731463545037226
moderate,low,run_cost_index,Fog-only,30,0.0009069015554120236,0.005829379398490532,0.0021767236098505266,Jarque-Bera,0.3147680574875265,paired_t,0.8521154747009789,0.401132514915314,1.0,cohens_dz,0.15557428903098297,-0.26398124747692603,0.4929138614106145
moderate,low,run_cost_index,SemiGreedy,30,0.020605719421409756,0.005571088326056401,0.002080276246049404,Jarque-Bera,0.6433728568718533,paired_t,20.258550358898344,0.0,0.0,cohens_dz,3.698688337974334,2.9572498881914764,4.976184678808015
moderate,low,fairness,DRL-OO-2025,30,0.01148473792431844,0.0363897040820328,0.013588123643375439,Jarque-Bera,0.7165055706638577,paired_t,1.7286345648768657,0.09450917251710766,1.0,cohens_dz,0.31560404828872896,-0.05500963757306577,0.7594251314540857
moderate,low,fairness,DT-OPT,30,0.000473372932903617,0.0021061549076498154,0.0007864502891458791,Jarque-Bera,0.028635400769717795,wilcoxon_signed_rank,123.0,0.11281874216705878,1.0,rank_biserial,0.3492063492063492,-0.09532019704433496,0.7339901477832512
moderate,low,fairness,Fog-only,30,0.04510376069505522,0.04159104885425609,0.01553033553159166,Jarque-Bera,0.16543961145019004,paired_t,5.939823072884252,1.878943937771993e-06,5.073148631984381e-05,cohens_dz,1.084458361536119,0.7918869543340616,1.5692060548298317
moderate,low,fairness,SemiGreedy,30,0.16662201686993958,0.04561364865594704,0.0170323973057126,Jarque-Bera,0.981673102049512,paired_t,20.007747660145476,0.0,0.0,cohens_dz,3.6528982394442946,2.8900386260638795,5.035651388739228
moderate,low,network_failure_rate_pct,DRL-OO-2025,30,0.0,0.0,0.0,Jarque-Bera,1.0,paired_t,0.0,1.0,1.0,cohens_dz,0.0,0.0,0.0
moderate,low,network_failure_rate_pct,DT-OPT,30,0.0,0.0,0.0,Jarque-Bera,1.0,paired_t,0.0,1.0,1.0,cohens_dz,0.0,0.0,0.0
moderate,low,network_failure_rate_pct,Fog-only,30,0.0,0.0,0.0,Jarque-Bera,1.0,paired_t,0.0,1.0,1.0,cohens_dz,0.0,0.0,0.0
moderate,low,network_failure_rate_pct,SemiGreedy,30,0.0,0.0,0.0,Jarque-Bera,1.0,paired_t,0.0,1.0,1.0,cohens_dz,0.0,0.0,0.0
moderate,low,retransmission_overhead_pct,DRL-OO-2025,30,0.04707506335871295,0.31529963659080257,0.11773468773060264,Jarque-Bera,0.5461157343629304,paired_t,0.8177641552760394,0.4201603296465346,1.0,cohens_dz,0.1493026248546147,-0.22320814258905997,0.5352266614627713
moderate,low,retransmission_overhead_pct,DT-OPT,30,0.0021889113246942094,0.03218362115569395,0.012017548221037738,Jarque-Bera,0.20107055919280728,paired_t,0.3725236831224072,0.7122117319494423,1.0,cohens_dz,0.06801320815034965,-0.30714013713885563,0.46606535820137474
moderate,low,retransmission_overhead_pct,Fog-only,30,-0.007991796924352191,0.2783530153041211,0.10393860801759745,Jarque-Bera,0.8268631282732016,paired_t,-0.1572566923942101,0.8761323406391095,1.0,cohens_dz,-0.028711012580986652,-0.41586186080769194,0.3436170707824002
moderate,low,retransmission_overhead_pct,SemiGreedy,30,-0.2776557378919033,0.3202083546382813,0.1195676311260545,Jarque-Bera,0.23531765971245963,paired_t,-4.749354870391509,5.089215386266943e-05,0.0012214116927040664,cohens_dz,-0.8671095987034848,-1.2551761964854036,-0.5816848060965053
moderate,low,sla_success_pct,DRL-OO-2025,30,-0.17962191839781194,0.42886204111676285,0.1601395391264584,Jarque-Bera,9.420147060286318e-08,wilcoxon_signed_rank,57.0,0.0026154002107299235,0.06015420484678824,rank_biserial,-0.6752136752136753,-0.9317460317460318,-0.300313628899836
moderate,low,sla_success_pct,DT-OPT,30,-0.008439267811016766,0.10697458796484238,0.039944923011427255,Jarque-Bera,0.3139329517113207,paired_t,-0.4321005050695114,0.6688643720918981,1.0,cohens_dz,-0.07889039791198227,-0.438849962622817,0.30509903861316645
moderate,low,sla_success_pct,Fog-only,30,-0.7206969876768345,0.39452040042895603,0.14731617406884884,Jarque-Bera,0.16054870937004517,paired_t,-10.005616866641828,6.516298611813909e-11,2.15037854189859e-09,cohens_dz,-1.8267673532046294,-2.4441542635909834,-1.5340103626060984
moderate,low,sla_success_pct,SemiGreedy,30,-0.7206969876768345,0.39452040042895603,0.14731617406884884,Jarque-Bera,0.16054870937004517,paired_t,-10.005616866641828,6.516298611813909e-11,2.15037854189859e-09,cohens_dz,-1.8267673532046294,-2.4484205507529095,-1.5316924408901529
moderate,medium,mean_latency_ms,DRL-OO-2025,30,-2.2460303045679137,4.399889290089939,1.6429438270816983,Jarque-Bera,0.5342068017977143,paired_t,-2.7959827658002236,0.009086535984923927,0.19081725568340246,cohens_dz,-0.5104742770748221,-1.0330017131637559,-0.14220935173653002
moderate,medium,mean_latency_ms,DT-OPT,30,-0.06118527545672426,0.8787773296198303,0.32814048124577394,Jarque-Bera,0.00239070174044631,wilcoxon_signed_rank,185.0,0.3285710735610372,1.0,rank_biserial,-0.20430107526881722,-0.6,0.221505376344086
moderate,medium,mean_latency_ms,Fog-only,30,-21.380595091057202,4.1630534121929434,1.554507955638581,Jarque-Bera,0.7609833329157432,paired_t,-28.129915868861065,0.0,0.0,cohens_dz,-5.135796487365913,-6.737642295992993,-4.291425449956212
moderate,medium,mean_latency_ms,SemiGreedy,30,-81.94051544788032,11.596588681981089,4.330232543164026,Jarque-Bera,0.7917888095623008,paired_t,-38.70161296152607,0.0,0.0,cohens_dz,-7.065915476954047,-9.722291146378888,-5.8223404780045325
moderate,medium,p95_latency_ms,DRL-OO-2025,30,0.29871511466544687,28.03394357393626,10.468034876989766,Jarque-Bera,0.5727348300534747,paired_t,0.058362465537000634,0.95386021836168,1.0,cohens_dz,0.010655479628744366,-0.3775590050196729,0.34745746312556136
moderate,medium,p95_latency_ms,DT-OPT,30,-0.7364757611460504,8.148677382131412,3.042762742691509,Jarque-Bera,3.4843775339737906e-19,wilcoxon_signed_rank,19.0,0.386270720366483,1.0,rank_biserial,-0.3090909090909091,-1.0,0.4666666666666667
moderate,medium,p95_latency_ms,Fog-only,30,-83.4127616310634,24.69389664712961,9.220842250366196,Jarque-Bera,0.8044003693044168,paired_t,-18.50135350527817,0.0,0.0,cohens_dz,-3.3778695530727103,-4.468326295999025,-2.806326745535808
moderate,medium,p95_latency_ms,SemiGreedy,30,-314.5038018810896,51.104015892440394,19.08253183521663,Jarque-Bera,0.9306340835191032,paired_t,-33.70788453767882,0.0,0.0,cohens_dz,-6.154189575688763,-8.76743406553231,-4.950238869916249
moderate,medium,dmr_pct,DRL-OO-2025,30,-0.38201068431227536,0.7058148639005105,0.26355530724823056,Jarque-Bera,0.5081404536321783,paired_t,-2.9644582412097154,0.0060079604023992594,0.14419104965758223,cohens_dz,-0.5412335498308839,-1.0071402010440482,-0.1810753900268214
moderate,medium,dmr_pct,DT-OPT,30,-0.029460680182896035,0.14487577136070842,0.054097441675835876,Jarque-Bera,0.6387267154035183,paired_t,-1.1138010824074813,0.2745111792267394,1.0,cohens_dz,-0.2033513258027493,-0.6314734474062521,0.13917140579155166
moderate,medium,dmr_pct,Fog-only,30,-3.9140537452183457,0.9045680349492453,0.3377708781315509,Jarque-Bera,0.43253841896959955,paired_t,-23.699881542508347,0.0,0.0,cohens_dz,-4.326986577010717,-5.394661973268787,-3.786416022267795
moderate,medium,dmr_pct,SemiGreedy,30,-3.9802934462081887,0.9339580528546856,0.34874527892029816,Jarque-Bera,0.4536063565776879,paired_t,-23.342552690826274,0.0,0.0,cohens_dz,-4.261747552839488,-5.4129210530463,-3.6969306346680084
moderate,medium,throughput_tasks_s,DRL-OO-2025,30,0.0018518518518518452,0.005896318116724784,0.002201718910110338,Jarque-Bera,0.8990294434173303,paired_t,1.7202277969703277,0.09604701694825435,1.0,cohens_dz,0.3140691894826885,-0.08094282565985417,0.6952217871538068
moderate,medium,throughput_tasks_s,DT-OPT,30,-0.00037037037037036905,0.002028602064833941,0.0007574916140574036,Jarque-Bera,3.412626851629773e-200,wilcoxon_signed_rank,0.0,0.31731050786291437,1.0,rank_biserial,-1.0,-1.0,0.0
moderate,medium,throughput_tasks_s,Fog-only,30,0.0,0.005835841460432093,0.0021791365807407306,Jarque-Bera,0.7035878743456284,paired_t,0.0,1.0,1.0,cohens_dz,0.0,-0.3614285968633785,0.3614285968633785
moderate,medium,throughput_tasks_s,SemiGreedy,30,-0.00814814814814812,0.009196466519940716,0.003434013199816502,Jarque-Bera,0.13439566971917527,paired_t,-4.852868797986384,3.8179359306056426e-05,0.000992663341957467,cohens_dz,-0.8860085697567077,-1.215275500288072,-0.660088861914986
moderate,medium,energy_j,DRL-OO-2025,30,-0.21874426145196726,5.034554765256622,1.8799315456216936,Jarque-Bera,0.8743521096999702,paired_t,-0.23797768006987446,0.813571852940967,1.0,cohens_dz,-0.043448581185672616,-0.41223634559811406,0.3186048197174381
moderate,medium,energy_j,DT-OPT,30,0.033002400624021294,0.6444595096899428,0.24064486705017668,Jarque-Bera,1.5929433448973385e-20,wilcoxon_signed_rank,208.0,0.614314563788587,1.0,rank_biserial,0.1053763440860215,-0.3247311827956989,0.4970967741935481
moderate,medium,energy_j,Fog-only,30,6.474726246303899,6.188073595529949,2.310662074657647,Jarque-Bera,0.22048258469300122,paired_t,5.730949323765572,3.3400927077487097e-06,9.352259581696387e-05,cohens_dz,1.0463234068484606,0.7890538772727416,1.434566146228557
moderate,medium,energy_j,SemiGreedy,30,192.22675231880126,15.58692777812947,5.8202479853129665,Jarque-Bera,0.6929489179428822,paired_t,67.54822367798323,0.0,0.0,cohens_dz,12.332561942611997,10.344811176435059,17.00547679052396
moderate,medium,run_cost_index,DRL-OO-2025,30,-0.0007183954938768389,0.002521360851573936,0.0009414905634714677,Jarque-Bera,0.5426386967279624,paired_t,-1.560591443944971,0.1294680037572189,1.0,cohens_dz,-0.28492371229940655,-0.7809287546767144,0.07115042765761947
moderate,medium,run_cost_index,DT-OPT,30,2.5155079558057217e-05,0.00037366948957187607,0.00013953032469331373,Jarque-Bera,0.7085858792969297,paired_t,0.36872168839823877,0.7150134528763934,1.0,cohens_dz,0.06731906205903543,-0.3391632406435185,0.4078449236427947
moderate,medium,run_cost_index,Fog-only,30,-0.006431941157602163,0.002569074666116609,0.0009593071747316576,Jarque-Bera,0.15574676098908652,paired_t,-13.712794365333918,3.3084646133829665e-14,9.9253938401489e-13,cohens_dz,-2.503602266774375,-3.902293131668475,-1.8529874405177453
moderate,medium,run_cost_index,SemiGreedy,30,-0.0023813292821441142,0.004542265872096377,0.0016961080571579708,Jarque-Bera,0.2615102489984739,paired_t,-2.8714914569189296,0.007557763906522963,0.16627080594350518,cohens_dz,-0.5242602148792905,-0.8496504605247132,-0.21821920976052533
moderate,medium,fairness,DRL-OO-2025,30,0.04345017744780107,0.02666857043867417,0.009958196738722386,Jarque-Bera,0.8023073473894897,paired_t,8.923853781547518,8.178260291202832e-10,2.3716954844488214e-08,cohens_dz,1.629265338677118,1.2395617210917664,2.2679340595644315
moderate,medium,fairness,DT-OPT,30,0.00023499030204618965,0.0035619584293906065,0.0013300556509614576,Jarque-Bera,0.2761777418202741,paired_t,0.3613447258778666,0.7204611091684598,1.0,cohens_dz,0.06597221913294275,-0.26769727833199175,0.5038089964333596
moderate,medium,fairness,Fog-only,30,0.022509664699906413,0.03316199241264954,0.012382877644400679,Jarque-Bera,0.6204633809101449,paired_t,3.717825806302766,0.0008557581098196376,0.02139395274549094,cohens_dz,0.6787790196622857,0.3516980527546986,1.1084348329556288
moderate,medium,fairness,SemiGreedy,30,0.2591710540879132,0.04015575702739727,0.01499438935396629,Jarque-Bera,0.35252140290219014,paired_t,35.350804737534894,0.0,0.0,cohens_dz,6.454144393569451,5.32060886203336,8.87054584701769
moderate,medium,network_failure_rate_pct,DRL-OO-2025,30,0.0,0.0,0.0,Jarque-Bera,1.0,paired_t,0.0,1.0,1.0,cohens_dz,0.0,0.0,0.0
moderate,medium,network_failure_rate_pct,DT-OPT,30,0.0,0.0,0.0,Jarque-Bera,1.0,paired_t,0.0,1.0,1.0,cohens_dz,0.0,0.0,0.0
moderate,medium,network_failure_rate_pct,Fog-only,30,0.0,0.0,0.0,Jarque-Bera,1.0,paired_t,0.0,1.0,1.0,cohens_dz,0.0,0.0,0.0
moderate,medium,network_failure_rate_pct,SemiGreedy,30,0.0,0.0,0.0,Jarque-Bera,1.0,paired_t,0.0,1.0,1.0,cohens_dz,0.0,0.0,0.0
moderate,medium,retransmission_overhead_pct,DRL-OO-2025,30,0.0032393263503835384,0.22319238815509337,0.08334131433646537,Jarque-Bera,0.2596013024869467,paired_t,0.07949429314735607,0.9371855022638582,1.0,cohens_dz,0.014513605849911754,-0.32886971311114227,0.402481664620333
moderate,medium,retransmission_overhead_pct,DT-OPT,30,0.008861185620889733,0.051797666097411994,0.01934154478924229,Jarque-Bera,0.8378814614597596,paired_t,0.9370057796955884,0.35649394101538645,1.0,cohens_dz,0.17107306735066333,-0.19293493299965422,0.5255617216101162
moderate,medium,retransmission_overhead_pct,Fog-only,30,0.09010936127240145,0.1860921342764704,0.06948786733489284,Jarque-Bera,0.41037984470642186,paired_t,2.6521771058819628,0.012831376810939155,0.2566275362187831,cohens_dz,0.48421907579677287,0.1275890587097578,0.8940643712840247
moderate,medium,retransmission_overhead_pct,SemiGreedy,30,-0.3022129063150931,0.2753695678523065,0.10282457167458728,Jarque-Bera,0.019891642068629714,wilcoxon_signed_rank,8.0,3.882182386005795e-06,0.00010481892442215646,rank_biserial,-0.9655913978494624,-1.0,-0.8794623655913979
moderate,medium,sla_success_pct,DRL-OO-2025,30,-0.3820106843122744,0.7058148639005118,0.26355530724823106,Jarque-Bera,0.5081404536321765,paired_t,-2.9644582412097007,0.0060079604023994815,0.14419104965758223,cohens_dz,-0.5412335498308813,-1.0333679147650277,-0.18082100795046543
moderate,medium,sla_success_pct,DT-OPT,30,-0.02946068018289386,0.14487577136070753,0.05409744167583555,Jarque-Bera,0.6387267154034776,paired_t,-1.1138010824074058,0.27451117922677115,1.0,cohens_dz,-0.20335132580273554,-0.6409986325727687,0.17956691211564535
moderate,medium,sla_success_pct,Fog-only,30,-3.9140537452183453,0.9045680349492461,0.33777087813155116,Jarque-Bera,0.4325384189695968,paired_t,-23.699881542508322,0.0,0.0,cohens_dz,-4.326986577010713,-5.329724258361253,-3.77168223231944
moderate,medium,sla_success_pct,SemiGreedy,30,-3.9802934462081883,0.9339580528546862,0.3487452789202984,Jarque-Bera,0.45360635657768683,paired_t,-23.342552690826256,0.0,0.0,cohens_dz,-4.261747552839484,-5.418732765914833,-3.7090435441485936
moderate,high,mean_latency_ms,DRL-OO-2025,30,-45.925070589982255,7.808750834816203,2.9158322256372258,Jarque-Bera,0.6863640098700012,paired_t,-32.212831026695746,0.0,0.0,cohens_dz,-5.881231398141186,-7.854511907846487,-4.852931189162835
moderate,high,mean_latency_ms,DT-OPT,30,0.43669812192119933,4.447390171310697,1.6606809278215648,Jarque-Bera,0.5581033590096851,paired_t,0.5378197166944096,0.5948052280889058,1.0,cohens_dz,0.09819199690152199,-0.2717451286314923,0.48772774599182417
moderate,high,mean_latency_ms,Fog-only,30,191.38772541588344,198.36801638143282,74.07175192757052,Jarque-Bera,4.4738302275450183e-07,wilcoxon_signed_rank,0.0,1.7343976281836149e-06,3.642235019185591e-05,rank_biserial,1.0,1.0,1.0
moderate,high,mean_latency_ms,SemiGreedy,30,-125.23758263308095,9.494942452672026,3.54546582029899,Jarque-Bera,0.4358550046304793,paired_t,-72.24419673681312,0.0,0.0,cohens_dz,-13.18992540053122,-18.28258524383992,-10.95821849600728
moderate,high,p95_latency_ms,DRL-OO-2025,30,-89.98406538440844,42.008472549612165,15.686203926986872,Jarque-Bera,0.6711767962661535,paired_t,-11.732467151442599,1.5638601524869955e-12,3.909650381217489e-11,cohens_dz,-2.142045638011164,-3.0241872574697872,-1.632616623676149
moderate,high,p95_latency_ms,DT-OPT,30,6.228838035428377,34.12403728092514,12.74211070084804,Jarque-Bera,0.9615397130635548,paired_t,0.9997864763081139,0.3256835755613674,1.0,cohens_dz,0.18253520192085276,-0.18321432867083282,0.5520260102002057
moderate,high,p95_latency_ms,Fog-only,30,398.14792085014415,481.7464287108457,179.88687193830702,Jarque-Bera,0.018477241263149743,wilcoxon_signed_rank,27.0,2.3704477025487947e-05,0.000450385063484271,rank_biserial,0.8838709677419355,0.6903225806451613,0.9870967741935484
moderate,high,p95_latency_ms,SemiGreedy,30,-450.2534605462515,44.6638819392389,16.677748981288193,Jarque-Bera,0.12454443687497366,paired_t,-55.21552678099945,0.0,0.0,cohens_dz,-10.08092984749467,-15.079272188222308,-8.228676791010956
moderate,high,dmr_pct,DRL-OO-2025,30,-4.1198342770794,1.2273970309397129,0.45831707172786273,Jarque-Bera,0.5050890045907208,paired_t,-18.384647427505573,0.0,0.0,cohens_dz,-3.3565620359413746,-4.5402392521805375,-2.7457462135846957
moderate,high,dmr_pct,DT-OPT,30,0.09736392375297344,0.7718717644376923,0.28822133173619996,Jarque-Bera,0.22229412029194956,paired_t,0.6908973716063612,0.49512357227602743,1.0,cohens_dz,0.1261400251166111,-0.28332166975008893,0.4251343402482642
moderate,high,dmr_pct,Fog-only,30,30.261837302095216,18.21437393953185,6.801351410253303,Jarque-Bera,0.44737566864347306,paired_t,9.100005839857511,5.360543120502825e-10,1.2329249177156498e-08,cohens_dz,1.6614261573062343,1.3566458879964545,2.180397453708556
moderate,high,dmr_pct,SemiGreedy,30,-13.70756933949876,1.5748958405544387,0.5880751148360525,Jarque-Bera,0.9851843527126305,paired_t,-47.67264439003476,0.0,0.0,cohens_dz,-8.703794236114716,-12.450940359572586,-7.0629538449208225
moderate,high,throughput_tasks_s,DRL-OO-2025,30,-0.008888888888889094,0.05173861015075746,0.01931949296097764,Jarque-Bera,0.7304806063427373,paired_t,-0.9410080675563548,0.3544737695796827,1.0,cohens_dz,-0.17180378179832026,-0.5920373941991903,0.18278130216596444
moderate,high,throughput_tasks_s,DT-OPT,30,-0.018518518518518927,0.03565758031492293,0.01331474444118911,Jarque-Bera,0.13821071064014562,paired_t,-2.8445593432275187,0.008072884745744968,0.12109327118617452,cohens_dz,-0.519343106149264,-0.9019733883024202,-0.21499487181243948
moderate,high,throughput_tasks_s,Fog-only,30,-0.07592592592592608,0.09460020211598867,0.035324256557366145,Jarque-Bera,0.14699114699846963,paired_t,-4.396009881470158,0.0001352898940938374,0.002299928199595236,cohens_dz,-0.8025979250322722,-1.49106441337822,-0.427778905024668
moderate,high,throughput_tasks_s,SemiGreedy,30,-0.1796296296296301,0.09968376277696253,0.037222487184748965,Jarque-Bera,0.29677720594550305,paired_t,-9.869932414628371,8.874945223169561e-11,2.1299868535606947e-09,cohens_dz,-1.801994874847797,-2.342796718919159,-1.5315770531616066
moderate,high,energy_j,DRL-OO-2025,30,73.49411454609721,8.163699897170552,3.048372235731797,Jarque-Bera,0.822403700765712,paired_t,49.308995783538926,0.0,0.0,cohens_dz,9.002549759523797,7.438043777691895,12.17638414019422
moderate,high,energy_j,DT-OPT,30,-0.03513731099446507,3.2417382223422018,1.2104835940776704,Jarque-Bera,0.004156023205201229,wilcoxon_signed_rank,226.0,0.8936443871266051,1.0,rank_biserial,0.02795698924731183,-0.37215053763440864,0.4366666666666666
moderate,high,energy_j,Fog-only,30,-81.3289626888361,29.975104252047284,11.192875377104041,Jarque-Bera,0.42615595826621944,paired_t,-14.860901589734782,4.218847493575595e-15,1.1390888232654106e-13,cohens_dz,-2.7132170085207075,-3.5207458112049927,-2.3435536936001307
moderate,high,energy_j,SemiGreedy,30,163.39203022500533,12.051056425150186,4.499933397894432,Jarque-Bera,0.3067033515934448,paired_t,74.26195473123097,0.0,0.0,cohens_dz,13.558315923574233,11.693529566969756,17.055119153464176
moderate,high,run_cost_index,DRL-OO-2025,30,-0.013295057431291842,0.002993301633808883,0.0011177159509300609,Jarque-Bera,0.2021649748359831,paired_t,-24.327661389671277,0.0,0.0,cohens_dz,-4.441602971490145,-6.635083628429371,-3.326459956810969
moderate,high,run_cost_index,DT-OPT,30,-0.00040948240565116996,0.0016448921731456543,0.0006142121457854708,Jarque-Bera,0.6655224768972176,paired_t,-1.363510351245173,0.18321376316393723,1.0,cohens_dz,-0.24894179225625784,-0.7000129783713207,0.09718277560997811
moderate,high,run_cost_index,Fog-only,30,0.027905288093050755,0.011199174490856254,0.004181835811097646,Jarque-Bera,0.5811338755066555,paired_t,13.647752139877257,3.730349362740526e-14,9.698908343125368e-13,cohens_dz,2.491727235416725,2.0302501996232714,3.2265491894784115
moderate,high,run_cost_index,SemiGreedy,30,-0.031486160162935116,0.003554441632846134,0.0013272488361377333,Jarque-Bera,0.42540170815994494,paired_t,-48.51867593237432,0.0,0.0,cohens_dz,-8.858257756148136,-12.003809458137777,-7.3147537203733215
moderate,high,fairness,DRL-OO-2025,30,0.12639741205970548,0.03132796707750137,0.011698042094133566,Jarque-Bera,0.5501762922516161,paired_t,22.098693357314982,0.0,0.0,cohens_dz,4.034650947730329,3.466409428076424,5.21942829251332
moderate,high,fairness,DT-OPT,30,-0.0002652943752743867,0.005711270847209818,0.0021326212012537315,Jarque-Bera,0.2739425087803499,paired_t,-0.2544227328809156,0.8009644538690199,1.0,cohens_dz,-0.04645102331366294,-0.38878109407237094,0.39396081803574556
moderate,high,fairness,Fog-only,30,-0.06735569472975952,0.028116831439225286,0.010498985679984585,Jarque-Bera,0.024716341086978674,wilcoxon_signed_rank,0.0,1.7343976281836149e-06,3.642235019185591e-05,rank_biserial,-1.0,-1.0,-1.0
moderate,high,fairness,SemiGreedy,30,0.23045819395634998,0.031190073885168194,0.01164655198740505,Jarque-Bera,0.20365197448382738,paired_t,40.47029572822472,0.0,0.0,cohens_dz,7.388831293084547,5.732949784608821,11.469965070205713
moderate,high,network_failure_rate_pct,DRL-OO-2025,30,0.0,0.0,0.0,Jarque-Bera,1.0,paired_t,0.0,1.0,1.0,cohens_dz,0.0,0.0,0.0
moderate,high,network_failure_rate_pct,DT-OPT,30,0.0,0.0,0.0,Jarque-Bera,1.0,paired_t,0.0,1.0,1.0,cohens_dz,0.0,0.0,0.0
moderate,high,network_failure_rate_pct,Fog-only,30,0.0,0.0,0.0,Jarque-Bera,1.0,paired_t,0.0,1.0,1.0,cohens_dz,0.0,0.0,0.0
moderate,high,network_failure_rate_pct,SemiGreedy,30,0.0,0.0,0.0,Jarque-Bera,1.0,paired_t,0.0,1.0,1.0,cohens_dz,0.0,0.0,0.0
moderate,high,retransmission_overhead_pct,DRL-OO-2025,30,0.03938635900662028,0.17250015434419944,0.06441254428577894,Jarque-Bera,0.12311779253248578,paired_t,1.250595825142119,0.22107868646653772,1.0,cohens_dz,0.22832651458404163,-0.12109265160012266,0.6631284849604547
moderate,high,retransmission_overhead_pct,DT-OPT,30,0.028227737052242626,0.11756424299927423,0.043899160771211615,Jarque-Bera,0.3440761495900644,paired_t,1.3151080580626133,0.19877807612325116,1.0,cohens_dz,0.24010478298590238,-0.11558926915212887,0.5758967188479952
moderate,high,retransmission_overhead_pct,Fog-only,30,0.2807942096766715,0.3196325230382531,0.11935261231300488,Jarque-Bera,0.6171414221412517,paired_t,4.811691914040366,4.280516340759988e-05,0.0007704929413367978,cohens_dz,0.878490733695039,0.48589627283650816,1.5084719085536047
moderate,high,retransmission_overhead_pct,SemiGreedy,30,-0.08501373831534895,0.15758167669140855,0.05884189940061911,Jarque-Bera,0.7505064624949171,paired_t,-2.9549084100903316,0.006152085149750963,0.09843336239601541,cohens_dz,-0.5394899971894002,-0.9887172773779772,-0.18397131620483162
moderate,high,sla_success_pct,DRL-OO-2025,30,-4.119834277079401,1.2273970309397113,0.4583170717278622,Jarque-Bera,0.5050890045907157,paired_t,-18.384647427505595,0.0,0.0,cohens_dz,-3.356562035941379,-4.740736049123114,-2.7926201571634897
moderate,high,sla_success_pct,DT-OPT,30,0.09736392375297243,0.7718717644376931,0.28822133173620024,Jarque-Bera,0.22229412029194331,paired_t,0.6908973716063533,0.49512357227603365,1.0,cohens_dz,0.12614002511660968,-0.265353982721289,0.44680787147273093
moderate,high,sla_success_pct,Fog-only,30,30.261837302095216,18.21437393953185,6.801351410253303,Jarque-Bera,0.447375668643473,paired_t,9.100005839857511,5.360543120502825e-10,1.2329249177156498e-08,cohens_dz,1.6614261573062343,1.3404962182709248,2.215063260533832
moderate,high,sla_success_pct,SemiGreedy,30,-13.707569339498765,1.5748958405544389,0.5880751148360525,Jarque-Bera,0.9851843527126313,paired_t,-47.672644390034755,0.0,0.0,cohens_dz,-8.703794236114716,-12.533389917466103,-6.983787004737483
impaired,low,mean_latency_ms,DRL-OO-2025,30,4.571660981832224,7.72345633697921,2.8839827722837175,Jarque-Bera,0.10757111041260894,paired_t,3.2420741903165684,0.002979565342783763,0.06853000288402655,cohens_dz,0.5919190557138939,0.30340471497002464,0.9741837666352144
impaired,low,mean_latency_ms,DT-OPT,30,0.15029907616395805,0.9652036109001326,0.3604125490105055,Jarque-Bera,0.09691341536240876,paired_t,0.8528997763530387,0.40070452424692116,1.0,cohens_dz,0.15571748226655685,-0.2029435720950543,0.5267905329604112
impaired,low,mean_latency_ms,Fog-only,30,-17.95556764021591,6.796717564991227,2.537933214131356,Jarque-Bera,0.47285498201272724,paired_t,-14.469733860963743,8.43769498715119e-15,2.9531932455029164e-13,cohens_dz,-2.641799878915388,-3.3241804719790315,-2.23289312548783
impaired,low,mean_latency_ms,SemiGreedy,30,-56.69419598350443,10.441899058667547,3.8990648333102413,Jarque-Bera,0.5110474268791706,paired_t,-29.738546451479188,0.0,0.0,cohens_dz,-5.429490906296787,-6.817102691874489,-4.670592389196126
impaired,low,p95_latency_ms,DRL-OO-2025,30,41.833077044600934,43.56353786923396,16.266874211881525,Jarque-Bera,0.17365038772998645,paired_t,5.259655452217381,1.2326434874809777e-05,0.000332813741619864,cohens_dz,0.9602773119614983,0.7378872560264795,1.2641387472060575
impaired,low,p95_latency_ms,DT-OPT,30,-0.8732902751124546,6.896858121500152,2.575326270708355,Jarque-Bera,0.0017474422636036483,wilcoxon_signed_rank,48.0,0.3010541816225989,1.0,rank_biserial,-0.29411764705882354,-0.8236928104575163,0.25006868131868126
impaired,low,p95_latency_ms,Fog-only,30,-57.251335174149645,25.704772312999893,9.598309005934206,Jarque-Bera,0.6006053440174334,paired_t,-12.199231854822477,6.066258606551855e-13,1.8198775819655566e-11,cohens_dz,-2.2272648237072863,-3.014544379555822,-1.7632273896597142
impaired,low,p95_latency_ms,SemiGreedy,30,-203.8473593663874,45.00519368650341,16.80519673992651,Jarque-Bera,0.3861717021051943,paired_t,-24.80864715094329,0.0,0.0,cohens_dz,-4.529418555252637,-5.903438243447551,-3.8392546768142743
impaired,low,dmr_pct,DRL-OO-2025,30,-0.37409149728981017,0.7487811128209209,0.2795991503502921,Jarque-Bera,0.8552890788530069,paired_t,-2.7364252132988223,0.010492445694346042,0.23083380527560315,cohens_dz,-0.49960060541655016,-0.9518151566733423,-0.14183093533092392
impaired,low,dmr_pct,DT-OPT,30,0.038035184512897696,0.24096232372844387,0.08997670991872077,Jarque-Bera,0.410323654375561,paired_t,0.8645637298909422,0.3943736633447763,1.0,cohens_dz,0.1578470190873575,-0.22835227117232265,0.5614446872958356
impaired,low,dmr_pct,Fog-only,30,-1.4993928781529087,0.6408258644061924,0.23928804311776808,Jarque-Bera,0.36632270642094916,paired_t,-12.815514284647954,1.8052226380405045e-13,6.1377569693377154e-12,cohens_dz,-2.339782086577122,-3.156469284228032,-1.9235105772634502
impaired,low,dmr_pct,SemiGreedy,30,-1.4987789274969496,0.6563780057613654,0.2450953016537803,Jarque-Bera,0.3780595337304549,paired_t,-12.506741848414913,3.2951419370874646e-13,1.0544454198679887e-11,cohens_dz,-2.283408210423568,-2.9902031297709417,-1.8774612141648015
impaired,low,throughput_tasks_s,DRL-OO-2025,30,0.0,0.0029179207302160465,0.0010895682903703653,Jarque-Bera,8.194012623991097e-40,wilcoxon_signed_rank,1.5,1.0,1.0,rank_biserial,0.0,-1.0,1.0
impaired,low,throughput_tasks_s,DT-OPT,30,0.0,0.0,0.0,Jarque-Bera,1.0,paired_t,0.0,1.0,1.0,cohens_dz,0.0,0.0,0.0
impaired,low,throughput_tasks_s,Fog-only,30,0.0,0.0029179207302160465,0.0010895682903703653,Jarque-Bera,8.194012623991097e-40,wilcoxon_signed_rank,1.5,1.0,1.0,rank_biserial,0.0,-1.0,1.0
impaired,low,throughput_tasks_s,SemiGreedy,30,-0.0022222222222222144,0.00678063503620808,0.0025319279058960676,Jarque-Bera,1.4156237747398306e-61,wilcoxon_signed_rank,0.0,0.05878172135535897,1.0,rank_biserial,-1.0,-1.0,-1.0
impaired,low,energy_j,DRL-OO-2025,30,-8.213701926667857,8.642465211107728,3.2271459423624553,Jarque-Bera,0.0002347115416552184,wilcoxon_signed_rank,20.0,1.2380795614497231e-05,0.000332813741619864,rank_biserial,-0.9139784946236559,-1.0,-0.7504301075268818
impaired,low,energy_j,DT-OPT,30,-0.07990436905539203,0.24198396405483738,0.09035819626009907,Jarque-Bera,0.5869598474690552,paired_t,-1.8086084979142685,0.08089209281885412,1.0,cohens_dz,-0.33020522400106,-0.6789131958299376,0.04862791063231489
impaired,low,energy_j,Fog-only,30,16.50195227537501,11.347127402093331,4.237082274403716,Jarque-Bera,0.3474198733356367,paired_t,7.965444630884432,8.745327573222994e-09,2.5361449962346683e-07,cohens_dz,1.4542845682979384,1.181716969654597,1.9589261955370632
impaired,low,energy_j,SemiGreedy,30,136.6716488437989,12.832727865771204,4.79181398476895,Jarque-Bera,0.6452538490930363,paired_t,58.333774257648685,0.0,0.0,cohens_dz,10.65024134177612,9.134436507757128,13.978376067049359
impaired,low,run_cost_index,DRL-OO-2025,30,0.0006232412097435488,0.004484726381170709,0.001674622482136192,Jarque-Bera,0.8003311741833256,paired_t,0.7611685537306726,0.452701879192142,1.0,cohens_dz,0.13896972898062415,-0.19616664429602249,0.5146799564035863
impaired,low,run_cost_index,DT-OPT,30,2.6596397737558655e-05,0.0006211643984749635,0.0002319463392808451,Jarque-Bera,0.9975680756301089,paired_t,0.23451838233171685,0.8162304901562054,1.0,cohens_dz,0.042817002717567436,-0.3169635331295774,0.4147784635510967
impaired,low,run_cost_index,Fog-only,30,-0.0009154024724104204,0.006353708567169613,0.002372511120454587,Jarque-Bera,0.3957046386366694,paired_t,-0.7891243012402447,0.4364437799593446,1.0,cohens_dz,-0.14407372682159467,-0.6343024966492131,0.20270924384111716
impaired,low,run_cost_index,SemiGreedy,30,0.020502420812429437,0.006458262609572356,0.0024115521979082687,Jarque-Bera,0.38314976389306904,paired_t,17.388017554112096,0.0,0.0,cohens_dz,3.174603148227667,2.3564050589425345,4.6295684105526576
impaired,low,fairness,DRL-OO-2025,30,0.0012719123701410355,0.032234749550468615,0.012036639856087016,Jarque-Bera,0.296130691721428,paired_t,0.21611928307535982,0.8304077742563751,1.0,cohens_dz,0.03945780215073968,-0.3355093368987362,0.4175674122385307
impaired,low,fairness,DT-OPT,30,0.003946540834536608,0.005882847197682003,0.002196688791889795,Jarque-Bera,1.6832872968708427e-05,wilcoxon_signed_rank,63.0,0.0008354201527307481,0.020050083665537954,rank_biserial,0.7103448275862069,0.3935372636262514,0.9441045606229144
impaired,low,fairness,Fog-only,30,0.03892747909522889,0.04482237906116559,0.01673693271317576,Jarque-Bera,0.6088401448138933,paired_t,4.756877893110477,4.984063527735394e-05,0.0012460158819338485,cohens_dz,0.8684831084514189,0.5454292183308124,1.3169913535672624
impaired,low,fairness,SemiGreedy,30,0.16039638369780743,0.047239726898611833,0.017639584222245985,Jarque-Bera,0.6535579631650549,paired_t,18.597211131659744,0.0,0.0,cohens_dz,3.395370681165406,2.626703556731194,4.6980644848412965
impaired,low,network_failure_rate_pct,DRL-OO-2025,30,-0.007309941520467836,0.04003819864803845,0.014950492382711962,Jarque-Bera,3.412626851628609e-200,wilcoxon_signed_rank,0.0,0.31731050786291437,1.0,rank_biserial,-1.0,-1.0,0.0
impaired,low,network_failure_rate_pct,DT-OPT,30,0.0,0.0,0.0,Jarque-Bera,1.0,paired_t,0.0,1.0,1.0,cohens_dz,0.0,0.0,0.0
impaired,low,network_failure_rate_pct,Fog-only,30,-0.007309941520467836,0.04003819864803845,0.014950492382711962,Jarque-Bera,3.412626851628609e-200,wilcoxon_signed_rank,0.0,0.31731050786291437,1.0,rank_biserial,-1.0,-1.0,0.0
impaired,low,network_failure_rate_pct,SemiGreedy,30,-0.007309941520467836,0.04003819864803845,0.014950492382711962,Jarque-Bera,3.412626851628609e-200,wilcoxon_signed_rank,0.0,0.31731050786291437,1.0,rank_biserial,-1.0,-1.0,0.0
impaired,low,retransmission_overhead_pct,DRL-OO-2025,30,0.06191834396878241,0.6409577481508945,0.23933728926237874,Jarque-Bera,0.7203908503000703,paired_t,0.5291155901134691,0.6007523161045891,1.0,cohens_dz,0.09660284807760149,-0.25050272429191506,0.509176007642809
impaired,low,retransmission_overhead_pct,DT-OPT,30,0.026421212289134476,0.10881985415258302,0.040633955960347,Jarque-Bera,3.035447994711179e-08,wilcoxon_signed_rank,76.0,0.2789649507806644,1.0,rank_biserial,0.2761904761904762,-0.2953571428571429,0.7309999306566812
impaired,low,retransmission_overhead_pct,Fog-only,30,0.05797532288999377,0.4951073068118216,0.18487590024177616,Jarque-Bera,0.694391949195367,paired_t,0.6413638354475804,0.5263232687835806,1.0,cohens_dz,0.11709648008089041,-0.2425627338171911,0.5191752138689613
impaired,low,retransmission_overhead_pct,SemiGreedy,30,-0.9505127991762271,0.6855049102594508,0.2559714543912846,Jarque-Bera,0.4798658567053109,paired_t,-7.594654589843178,2.2578029446052028e-08,6.321848244894568e-07,cohens_dz,-1.3865878784390846,-1.8580831830563747,-1.0647720148349267
impaired,low,sla_success_pct,DRL-OO-2025,30,-0.374091497289812,0.7487811128209206,0.279599150350292,Jarque-Bera,0.8552890788530014,paired_t,-2.7364252132988356,0.010492445694345598,0.23083380527560315,cohens_dz,-0.4996006054165527,-1.0215205593300634,-0.1528812726934035
impaired,low,sla_success_pct,DT-OPT,30,0.03803518451289563,0.24096232372844237,0.08997670991872021,Jarque-Bera,0.4103236543755276,paired_t,0.8645637298909006,0.3943736633447994,1.0,cohens_dz,0.15784701908734988,-0.21439348154999618,0.6071152821043809
impaired,low,sla_success_pct,Fog-only,30,-1.4993928781529093,0.6408258644061939,0.23928804311776863,Jarque-Bera,0.3663227064209479,paired_t,-12.81551428464793,1.8052226380405045e-13,6.1377569693377154e-12,cohens_dz,-2.339782086577118,-3.1959489904491005,-1.944173927215265
impaired,low,sla_success_pct,SemiGreedy,30,-1.4987789274969505,0.6563780057613666,0.24509530165378074,Jarque-Bera,0.3780595337304496,paired_t,-12.506741848414894,3.2951419370874646e-13,1.0544454198679887e-11,cohens_dz,-2.283408210423565,-3.080022701019498,-1.9028475202869133
impaired,medium,mean_latency_ms,DRL-OO-2025,30,-3.9496663545686714,5.08879045628465,1.9001834628648637,Jarque-Bera,0.3668613889145963,paired_t,-4.2511503973301945,0.00020151152405789574,0.004836276577389498,cohens_dz,-0.7761503226549324,-1.3963573736928308,-0.35998628384926884
impaired,medium,mean_latency_ms,DT-OPT,30,0.20325731243981976,1.7804438545607741,0.6648279189443822,Jarque-Bera,0.4034897351756968,paired_t,0.6252857382499649,0.5366733810779745,1.0,cohens_dz,0.11416103457525889,-0.25930217114433335,0.4408992252102833
impaired,medium,mean_latency_ms,Fog-only,30,-30.330445919036258,5.450772354576828,2.0353495741245156,Jarque-Bera,0.37433537832217684,paired_t,-30.47764303548207,0.0,0.0,cohens_dz,-5.564430863374585,-8.050226056048077,-4.314950081017552
impaired,medium,mean_latency_ms,SemiGreedy,30,-83.17065427580614,13.175464914901589,4.919793959276321,Jarque-Bera,0.7396097506789164,paired_t,-34.575207602579525,0.0,0.0,cohens_dz,-6.312540378118974,-8.986946268537093,-5.097071955918348
impaired,medium,p95_latency_ms,DRL-OO-2025,30,-3.894538375238661,30.475196328643953,11.379612618894997,Jarque-Bera,0.7333521490953635,paired_t,-0.6999549719660989,0.4895328521509299,1.0,cohens_dz,-0.12779370912790952,-0.49541174588017095,0.21560807402825755
impaired,medium,p95_latency_ms,DT-OPT,30,-2.9050845122748608,15.85008188729515,5.918511234844888,Jarque-Bera,4.369986650599852e-46,wilcoxon_signed_rank,133.0,0.6271697535393987,1.0,rank_biserial,-0.11333333333333333,-0.5257073018514665,0.3448773448773448
impaired,medium,p95_latency_ms,Fog-only,30,-125.78224382877517,32.874460568664425,12.275511609253213,Jarque-Bera,0.6008862946569364,paired_t,-20.95662440901127,0.0,0.0,cohens_dz,-3.826138639326281,-5.303460866487074,-3.1258167945385953
impaired,medium,p95_latency_ms,SemiGreedy,30,-313.3237769135455,57.47058932071295,21.45984676839054,Jarque-Bera,0.6709242051436802,paired_t,-29.861273817913286,0.0,0.0,cohens_dz,-5.4518977553031736,-7.694924030856506,-4.318851632139384
impaired,medium,dmr_pct,DRL-OO-2025,30,-0.7348307704434843,0.8299351620771134,0.30990253652149735,Jarque-Bera,0.9892064494144859,paired_t,-4.84957629597817,3.853014565402546e-05,0.001001783787004662,cohens_dz,-0.8854074438831979,-1.4249074672531128,-0.500349486404679
impaired,medium,dmr_pct,DT-OPT,30,0.05409613794886505,0.3605576280678001,0.13463428061143382,Jarque-Bera,0.543166088257069,paired_t,0.8217736284567804,0.417911030794619,1.0,cohens_dz,0.15003465115621595,-0.2016221018754025,0.6125945104665416
impaired,medium,dmr_pct,Fog-only,30,-6.697280342552597,1.4604032996235614,0.5453229451864751,Jarque-Bera,0.4226294588084852,paired_t,-25.11807196339206,0.0,0.0,cohens_dz,-4.585911538462637,-5.754169496288063,-3.9901246055800605
impaired,medium,dmr_pct,SemiGreedy,30,-7.08978946790482,1.6516486263713042,0.616735044064991,Jarque-Bera,0.35197501996379577,paired_t,-23.511281743172866,0.0,0.0,cohens_dz,-4.292553122198388,-5.283674244876457,-3.7919518707867965
impaired,medium,throughput_tasks_s,DRL-OO-2025,30,-0.0014814814814815354,0.013603061450597117,0.0050794609514401455,Jarque-Bera,7.85617605244986e-17,wilcoxon_signed_rank,67.5,0.6483192745207618,1.0,rank_biserial,-0.11764705882352941,-0.5956985294117647,0.4289682539682536
impaired,medium,throughput_tasks_s,DT-OPT,30,-0.00037037037037036905,0.003553799055274943,0.0013270088939972826,Jarque-Bera,4.8784102853240646e-14,wilcoxon_signed_rank,2.0,0.5637028616507731,1.0,rank_biserial,-0.3333333333333333,-1.0,1.0
impaired,medium,throughput_tasks_s,Fog-only,30,-0.005185185185185226,0.012629350603465216,0.0047158717517616355,Jarque-Bera,1.390524928651103e-17,wilcoxon_signed_rank,16.5,0.018352004573525482,0.3853920960440351,rank_biserial,-0.6857142857142857,-1.0,-0.23021978021978073
impaired,medium,throughput_tasks_s,SemiGreedy,30,-0.009259259259259285,0.01626811681802414,0.006074607869024445,Jarque-Bera,2.865925169690103e-28,wilcoxon_signed_rank,13.0,0.001068352141143869,0.024572099246308987,rank_biserial,-0.847953216374269,-1.0,-0.5768790849673202
impaired,medium,energy_j,DRL-OO-2025,30,0.49290510297009954,4.767638804213334,1.7802635990819107,Jarque-Bera,0.6199721964655216,paired_t,0.5662661428284863,0.5755692647337969,1.0,cohens_dz,0.10338557999286807,-0.2812609592156063,0.44471910494637734
impaired,medium,energy_j,DT-OPT,30,0.14897060041214966,0.5082443045671745,0.18978133034365538,Jarque-Bera,0.003500001571167643,wilcoxon_signed_rank,153.0,0.10201069524998863,1.0,rank_biserial,0.3419354838709677,-0.06666666666666667,0.6989247311827957
impaired,medium,energy_j,Fog-only,30,6.637988392096075,6.354988666332534,2.372989116803838,Jarque-Bera,0.22173305125485912,paired_t,5.72113684178555,3.4318081736373074e-06,9.26588206882073e-05,cohens_dz,1.044531900939937,0.7668123133485738,1.4843680933056458
impaired,medium,energy_j,SemiGreedy,30,183.70111714689295,14.492110176532872,5.41143683081986,Jarque-Bera,0.8628428000369245,paired_t,69.42898202856769,0.0,0.0,cohens_dz,12.675939867222436,10.649366837519105,17.122772080975913
impaired,medium,run_cost_index,DRL-OO-2025,30,-0.0006290349324712323,0.002770500283896969,0.0010345206525102302,Jarque-Bera,0.7891842610187658,paired_t,-1.2435899175892153,0.2236100013918767,1.0,cohens_dz,-0.22704741671653456,-0.6699522926391153,0.09945339505427134
impaired,medium,run_cost_index,DT-OPT,30,0.000173571328317181,0.0006257982825339587,0.00023367665809302204,Jarque-Bera,0.9100661855734897,paired_t,1.519162556191521,0.13954986903491662,1.0,cohens_dz,0.27735986684776853,-0.0870562022210661,0.6618491259126594
impaired,medium,run_cost_index,Fog-only,30,-0.008217553889174996,0.0030973128871032312,0.0011565543478260626,Jarque-Bera,0.7873282397987773,paired_t,-14.531756385855378,7.549516567451064e-15,2.2648549702353193e-13,cohens_dz,-2.653123590900912,-3.809044968762503,-2.0489537097020007
impaired,medium,run_cost_index,SemiGreedy,30,-0.0015893283657267313,0.004880785006714297,0.0018225130382610707,Jarque-Bera,0.509765442073336,paired_t,-1.7835471056271168,0.08496702558085767,1.0,cohens_dz,-0.3256296607083404,-0.7097044844058906,0.009863359793603999
impaired,medium,fairness,DRL-OO-2025,30,0.037586078287709095,0.03305665844037093,0.012343545336670364,Jarque-Bera,0.5453928756208972,paired_t,6.22771444472184,8.544332843474223e-07,2.3924131961727824e-05,cohens_dz,1.137019894358304,0.8298065496185909,1.6083403410585795
impaired,medium,fairness,DT-OPT,30,0.002759119070047855,0.005172969883642241,0.0019316165425234653,Jarque-Bera,0.27924601012773637,paired_t,2.9214006412189706,0.006684101980108714,0.1470502435623917,cohens_dz,0.5333723435685622,0.19914877728919522,0.8714862522139752
impaired,medium,fairness,Fog-only,30,0.006546528233798813,0.038820585310222755,0.014495828597956655,Jarque-Bera,0.6616417407483356,paired_t,0.9236545915890233,0.36328811358174984,1.0,cohens_dz,0.16863548505217651,-0.17594672438606931,0.5891493522720903
impaired,medium,fairness,SemiGreedy,30,0.2366195958415786,0.04411422322926718,0.01647250327508742,Jarque-Bera,0.45568612947892223,paired_t,29.378708430755058,0.0,0.0,cohens_dz,5.363793772630582,4.476350687218684,7.319503795289586
impaired,medium,network_failure_rate_pct,DRL-OO-2025,30,0.003679175864606328,0.020151676140734587,0.007524751133020592,Jarque-Bera,3.412626851629773e-200,wilcoxon_signed_rank,0.0,0.31731050786291437,1.0,rank_biserial,1.0,0.0,1.0
impaired,medium,network_failure_rate_pct,DT-OPT,30,0.0,0.0,0.0,Jarque-Bera,1.0,paired_t,0.0,1.0,1.0,cohens_dz,0.0,0.0,0.0
impaired,medium,network_failure_rate_pct,Fog-only,30,0.0,0.0,0.0,Jarque-Bera,1.0,paired_t,0.0,1.0,1.0,cohens_dz,0.0,0.0,0.0
impaired,medium,network_failure_rate_pct,SemiGreedy,30,-0.0036913990402362494,0.02021862523090314,0.007549750306219995,Jarque-Bera,3.412626851633071e-200,wilcoxon_signed_rank,0.0,0.31731050786291437,1.0,rank_biserial,-1.0,-1.0,0.0
impaired,medium,retransmission_overhead_pct,DRL-OO-2025,30,-0.028887092129432725,0.364364939559895,0.1360559524993614,Jarque-Bera,0.388975544219673,paired_t,-0.43423804713843434,0.6673294097753728,1.0,cohens_dz,-0.07928065791490405,-0.4275300976726035,0.31226740374984824
impaired,medium,retransmission_overhead_pct,DT-OPT,30,0.018331436698282744,0.1423666739831845,0.05316053036371841,Jarque-Bera,0.6662827900931464,paired_t,0.705259251354949,0.4862755077494709,1.0,cohens_dz,0.12876213361877048,-0.23823049641338576,0.5319340557383215
impaired,medium,retransmission_overhead_pct,Fog-only,30,0.2212160114095514,0.5679542944757661,0.212077382100318,Jarque-Bera,0.46085139566421296,paired_t,2.133358277397469,0.04148292882572302,0.8296585765144604,cohens_dz,0.3894961505903191,0.03321214183583661,0.8413265786296518
impaired,medium,retransmission_overhead_pct,SemiGreedy,30,-0.9382391078977508,0.5363790447342108,0.2002870032450376,Jarque-Bera,0.6349325929649993,paired_t,-9.580812837007255,1.727855636346476e-10,5.01078134540478e-09,cohens_dz,-1.7492091033546466,-2.372495886838969,-1.376559756416395
impaired,medium,sla_success_pct,DRL-OO-2025,30,-0.7348307704434863,0.8299351620771145,0.30990253652149774,Jarque-Bera,0.9892064494144872,paired_t,-4.849576295978174,3.853014565402546e-05,0.001001783787004662,cohens_dz,-0.8854074438831988,-1.4144347258777603,-0.5312006900991453
impaired,medium,sla_success_pct,DT-OPT,30,0.05409613794886449,0.36055762806780134,0.1346342806114343,Jarque-Bera,0.5431660882570735,paired_t,0.8217736284567689,0.41791103079462455,1.0,cohens_dz,0.15003465115621387,-0.20069841628185026,0.5937128054233338
impaired,medium,sla_success_pct,Fog-only,30,-6.697280342552598,1.4604032996235612,0.545322945186475,Jarque-Bera,0.42262945880848585,paired_t,-25.118071963392065,0.0,0.0,cohens_dz,-4.585911538462637,-5.664848977555107,-3.9126928284248375
impaired,medium,sla_success_pct,SemiGreedy,30,-7.089789467904823,1.6516486263713064,0.6167350440649919,Jarque-Bera,0.3519750199637939,paired_t,-23.511281743172844,0.0,0.0,cohens_dz,-4.292553122198384,-5.337630852749515,-3.7906146442688384
impaired,high,mean_latency_ms,DRL-OO-2025,30,-23.21718281951052,6.924458557792414,2.5856324314868244,Jarque-Bera,0.8931530272800136,paired_t,-18.36472071546555,0.0,0.0,cohens_dz,-3.3529239327142983,-4.640296848538374,-2.6774478400394717
impaired,high,mean_latency_ms,DT-OPT,30,2.024784881682592,4.812942172528265,1.797180135933569,Jarque-Bera,0.5709240745464171,paired_t,2.3042461638603275,0.028566340230042675,0.4570614436806828,cohens_dz,0.4206958673303489,0.05812106912438818,0.7903423084856995
impaired,high,mean_latency_ms,Fog-only,30,191.41888315464666,199.55631296035344,74.51546866687056,Jarque-Bera,5.3985324815965255e-08,wilcoxon_signed_rank,1.0,1.9209211048476504e-06,3.841842209695301e-05,rank_biserial,0.9956989247311828,0.9741935483870968,1.0
impaired,high,mean_latency_ms,SemiGreedy,30,-109.99633095589648,8.306692694157876,3.101766564006513,Jarque-Bera,0.9239992256797376,paired_t,-72.52883178129429,0.0,0.0,cohens_dz,-13.241892412037492,-18.04360590915753,-11.089674494858546
impaired,high,p95_latency_ms,DRL-OO-2025,30,-40.149240284187634,44.166021823213924,16.49184516634091,Jarque-Bera,0.8190320917770021,paired_t,-4.979086560788294,2.6884625375034332e-05,0.000483923256750618,cohens_dz,-0.9090526750381887,-1.4076788962526916,-0.567090715882072
impaired,high,p95_latency_ms,DT-OPT,30,9.193475890773152,30.251980858589377,11.296262685645242,Jarque-Bera,0.5677181816688796,paired_t,1.6645105491750454,0.10678019011378703,1.0,cohens_dz,0.3038966583294948,-0.0513490147007815,0.6932096423662574
impaired,high,p95_latency_ms,Fog-only,30,377.40132947470215,483.7114770055883,180.62063221110216,Jarque-Bera,0.008547702128137838,wilcoxon_signed_rank,35.0,4.8602606066872056e-05,0.000826244303136825,rank_biserial,0.8494623655913979,0.6086021505376344,1.0
impaired,high,p95_latency_ms,SemiGreedy,30,-409.4587328664478,39.74839609094865,14.842278450303349,Jarque-Bera,0.6098230920763519,paired_t,-56.422348173566995,0.0,0.0,cohens_dz,-10.301264280691017,-14.0771593987526,-8.52040703642853
impaired,high,dmr_pct,DRL-OO-2025,30,-1.966491144765989,1.0776613917307363,0.40240492760037,Jarque-Bera,0.7039080086110823,paired_t,-9.994712322324807,6.679523600894299e-11,1.6030856642146318e-09,cohens_dz,-1.824776464904047,-2.464645898760936,-1.4033465893560009
impaired,high,dmr_pct,DT-OPT,30,0.20876765156240515,0.8589434960162944,0.3207344143341156,Jarque-Bera,0.5180178534500944,paired_t,1.3312488256612722,0.1934784127425322,1.0,cohens_dz,0.2430516704889803,-0.08423966811383389,0.6005000382936109
impaired,high,dmr_pct,Fog-only,30,29.932206837344985,14.666904937170072,5.4767061942199655,Jarque-Bera,0.5763608617206806,paired_t,11.177917189042262,4.978017997814277e-12,1.294284679431712e-10,cohens_dz,2.0407991301210617,1.68173189605642,2.6562703310669002
impaired,high,dmr_pct,SemiGreedy,30,-14.520016750819769,2.3203598524711486,0.8664356407358031,Jarque-Bera,0.6801321132789132,paired_t,-34.27460055950846,0.0,0.0,cohens_dz,-6.25765729197399,-8.982713043325909,-5.066298232674041
impaired,high,throughput_tasks_s,DRL-OO-2025,30,0.09296296296296228,0.09307587795855048,0.03475506519826188,Jarque-Bera,0.9696319238427404,paired_t,5.470580879184081,6.8644267092743405e-06,0.00013042410747621247,cohens_dz,0.9987868500618551,0.6331845286556333,1.543393912679896
impaired,high,throughput_tasks_s,DT-OPT,30,-0.015555555555556152,0.08373974969518591,0.03126890150462398,Jarque-Bera,0.015526505466987361,wilcoxon_signed_rank,162.5,0.1496052516994395,1.0,rank_biserial,-0.3010752688172043,-0.6731182795698925,0.12473118279569892
impaired,high,throughput_tasks_s,Fog-only,30,-0.7522222222222226,0.30649489886632214,0.11444694830359246,Jarque-Bera,0.2764573512546422,paired_t,-13.44260804638948,5.484501741648273e-14,1.5356604876615165e-12,cohens_dz,-2.4542732195693238,-3.1257160227994656,-2.0877600683180026
impaired,high,throughput_tasks_s,SemiGreedy,30,-0.8555555555555562,0.3622337397976133,0.13526015031824626,Jarque-Bera,0.2845696852470892,paired_t,-12.936593847896717,1.4277468096679513e-13,3.8549163861034685e-12,cohens_dz,-2.3618880892585294,-3.024909111561747,-1.9932539933596278
impaired,high,energy_j,DRL-OO-2025,30,43.872594150562364,7.950335494983155,2.968700747569058,Jarque-Bera,0.47840497034359303,paired_t,30.225151489136156,0.0,0.0,cohens_dz,5.518332424870245,4.729249961820813,7.060541700158692
impaired,high,energy_j,DT-OPT,30,-0.6046375891651138,2.7848343064843046,1.0398730585310263,Jarque-Bera,0.5804174542931257,paired_t,-1.1892041330076903,0.24400566337502871,1.0,cohens_dz,-0.217117976375562,-0.557557539047276,0.17369535454335486
impaired,high,energy_j,Fog-only,30,-103.78720033518788,31.267981792076405,11.675643245456474,Jarque-Bera,0.44010557175946685,paired_t,-18.18044771226507,0.0,0.0,cohens_dz,-3.3192804391835904,-4.212361555293406,-2.889951043265712
impaired,high,energy_j,SemiGreedy,30,125.66439689223583,13.361965542692296,4.989434360425901,Jarque-Bera,0.20731709302961462,paired_t,51.511302460140385,0.0,0.0,cohens_dz,9.404634107963416,8.336767977717525,12.038038827845169
impaired,high,run_cost_index,DRL-OO-2025,30,-0.0009801943643567975,0.003367418326001709,0.001257413263639914,Jarque-Bera,0.6218198999374885,paired_t,-1.5943209667541118,0.12170634166034655,1.0,cohens_dz,-0.2910818524648903,-0.7164662859408426,0.07642008466507738
impaired,high,run_cost_index,DT-OPT,30,-2.2601199766845528e-05,0.0027119022950387595,0.0010126398283061221,Jarque-Bera,0.16556417904640586,paired_t,-0.04564761408118823,0.9639040090977768,1.0,cohens_dz,-0.00833407597618575,-0.4136620026400403,0.3393539011668056
impaired,high,run_cost_index,Fog-only,30,-0.0018317404378050462,0.007030746208581088,0.002625320848227578,Jarque-Bera,0.47517251101052327,paired_t,-1.4269972596304128,0.16425978077006942,1.0,cohens_dz,-0.26053286286587773,-0.5907188064840508,0.12466936224232396
impaired,high,run_cost_index,SemiGreedy,30,-0.037950611563710136,0.008554313536783271,0.0031942296029662605,Jarque-Bera,0.3021729228376062,paired_t,-24.299326807673783,0.0,0.0,cohens_dz,-4.436429808250976,-5.544373518241417,-3.8706898800927405
impaired,high,fairness,DRL-OO-2025,30,0.09894425767712119,0.029688501911921652,0.01108585642401421,Jarque-Bera,0.6036544067986098,paired_t,18.25420562685952,0.0,0.0,cohens_dz,3.3327467303895633,2.7833840231308615,4.457072133779524
impaired,high,fairness,DT-OPT,30,-0.0014870717397293027,0.006575660782842223,0.0024553893472926457,Jarque-Bera,0.575704419074331,paired_t,-1.2386629471572816,0.22540319575576984,1.0,cohens_dz,-0.2261478791012909,-0.615881564347087,0.11141186070256284
impaired,high,fairness,Fog-only,30,-0.10943955300341629,0.04345432945531283,0.016226095165481146,Jarque-Bera,0.11477425974470472,paired_t,-13.794370460806785,2.864375403532904e-14,8.306688670245421e-13,cohens_dz,-2.518495955988936,-3.3579065764620757,-2.0913127070157915
impaired,high,fairness,SemiGreedy,30,0.13030665389864007,0.043067916967651367,0.01608180653241472,Jarque-Bera,0.1410858719607699,paired_t,16.571940032974343,2.220446049250313e-16,6.661338147750939e-15,cohens_dz,3.0256084592276515,2.2124295021253757,4.644172318313279
impaired,high,network_failure_rate_pct,DRL-OO-2025,30,0.0,0.0,0.0,Jarque-Bera,1.0,paired_t,0.0,1.0,1.0,cohens_dz,0.0,0.0,0.0
impaired,high,network_failure_rate_pct,DT-OPT,30,0.008267235237155583,0.02144315118212544,0.008006995300359587,Jarque-Bera,1.010885428724888e-07,wilcoxon_signed_rank,0.0,0.067889154861829,1.0,rank_biserial,1.0,1.0,1.0
impaired,high,network_failure_rate_pct,Fog-only,30,0.008108444386162351,0.038729901488914656,0.01446196674039358,Jarque-Bera,0.05431863254187213,paired_t,1.146705187940747,0.2608769830467015,1.0,cohens_dz,0.20935876608111603,-0.14429292143789402,0.5483357278174428
impaired,high,network_failure_rate_pct,SemiGreedy,30,-5.2115905774442285e-05,0.01621948689295694,0.006056449176854495,Jarque-Bera,6.925251399794249e-40,wilcoxon_signed_rank,1.0,0.6547208460185772,1.0,rank_biserial,-0.3333333333333333,-1.0,1.0
impaired,high,retransmission_overhead_pct,DRL-OO-2025,30,-0.0898162537436454,0.2770727375470774,0.10346054498027908,Jarque-Bera,0.32589522225881773,paired_t,-1.7755044628901389,0.0863112380320854,1.0,cohens_dz,-0.32416128175867437,-0.7197148946312251,0.014588236055842307
impaired,high,retransmission_overhead_pct,DT-OPT,30,-0.07172131119716572,0.23469646495854476,0.0876370024150438,Jarque-Bera,0.5523322612573199,paired_t,-1.6737951295292957,0.10492504019759297,1.0,cohens_dz,-0.3055917830284922,-0.7294940763325197,0.048858607719285366
impaired,high,retransmission_overhead_pct,Fog-only,30,0.9790412263928728,0.6805891763691246,0.2541358912399848,Jarque-Bera,0.7508421147613729,paired_t,7.879099213474142,1.0889976032046889e-08,2.3957947270503155e-07,cohens_dz,1.4385201240136667,1.0459658535645127,2.122917347095159
impaired,high,retransmission_overhead_pct,SemiGreedy,30,-0.4340899443362557,0.38143336040154624,0.1424293984683281,Jarque-Bera,0.08363867469700134,paired_t,-6.233352380317003,8.414025727265795e-07,1.766945402725817e-05,cohens_dz,-1.1380492358593812,-1.595081740867675,-0.8578970406405749
impaired,high,sla_success_pct,DRL-OO-2025,30,-1.9664911447659899,1.077661391730736,0.40240492760036994,Jarque-Bera,0.7039080086110786,paired_t,-9.994712322324816,6.679523600894299e-11,1.6030856642146318e-09,cohens_dz,-1.8247764649040488,-2.4977171721355993,-1.441798366530597
impaired,high,sla_success_pct,DT-OPT,30,0.20876765156240396,0.8589434960162957,0.3207344143341161,Jarque-Bera,0.5180178534500922,paired_t,1.3312488256612622,0.19347841274253552,1.0,cohens_dz,0.2430516704889785,-0.11563277462213253,0.6185962224258572
impaired,high,sla_success_pct,Fog-only,30,29.932206837344985,14.666904937170072,5.4767061942199655,Jarque-Bera,0.5763608617206815,paired_t,11.177917189042264,4.978017997814277e-12,1.294284679431712e-10,cohens_dz,2.040799130121062,1.6793946143817684,2.709616331590554
impaired,high,sla_success_pct,SemiGreedy,30,-14.520016750819769,2.320359852471148,0.8664356407358029,Jarque-Bera,0.6801321132789157,paired_t,-34.27460055950846,0.0,0.0,cohens_dz,-6.25765729197399,-8.90025925147818,-5.072809345786271
