seed,load,qos_regime,algorithm,arrived_tasks,completed_tasks,mean_latency_ms,p95_latency_ms,dmr_pct,throughput_tasks_s,energy_j,monetary_cost,run_cost_index,fairness,rejection_rate_pct,network_failure_rate_pct,mean_packet_loss_pct,mean_jitter_ms,p95_jitter_ms,retransmission_bytes,retransmission_overhead_pct,retransmission_energy_j,sla_success_pct,local_pct,fog_pct,cloud_pct,decision_median_us,decision_p95_us,decision_p99_us,cpu_s,cpu_utilization_pct,wall_s,peak_memory_kib,simulator_throughput_tasks_s,task_count,fog_nodes,policy_seed
40000,high,moderate,DT-KF-CostAware,50,48,343.0018100995741,570.5557404430967,0.0,0.5333333333333333,3.4971716755880387,0.36055837760974807,0.3158459306493687,0.2,0.0,0.0,1.5969390509578025,19.484458183126424,34.14173139679392,4380.0,1.7827198280774303,0.0026301292547698195,100.0,0.0,100.0,0.0,715.05,1069.1599999999996,1424.301,0.109375,100.26658306373422,0.10908419999759644,60.9013671875,458.36152257707073,50,5,
40000,high,moderate,DT-OPT,50,48,343.0018100995741,570.5557404430967,0.0,0.5333333333333333,3.4971716755880387,0.36055837760974807,0.3158459306493687,0.2,0.0,0.0,1.5969390509578025,19.484458183126424,34.14173139679392,4380.0,1.7827198280774303,0.0026301292547698195,100.0,0.0,100.0,0.0,704.1500000000001,1101.1899999999998,1370.6769999999992,0.109375,101.41597563454675,0.10784790001343936,57.4140625,463.61588861507084,50,5,
40000,high,moderate,SemiGreedy,50,49,272.3484637118105,351.7362410132996,0.0,0.5444444444444444,14.032007004770053,0.9502972831287779,0.3240301586076926,0.2,0.0,0.0,1.5780324581617737,20.294175722739332,36.82842873841708,7300.0,2.9711997134623838,0.0024078261352974695,100.0,0.0,42.0,58.0,712.2,1255.3349999999998,1442.0109999999997,0.109375,103.27535125097575,0.10590619995491579,58.359375,472.115891433032,50,5,
40000,high,moderate,Fog-only,50,48,343.0018100995741,570.5557404430967,0.0,0.5333333333333333,3.4971716755880387,0.36055837760974807,0.3158459306493687,0.2,0.0,0.0,1.5969390509578025,19.484458183126424,34.14173139679392,4380.0,1.7827198280774303,0.0026301292547698195,100.0,0.0,100.0,0.0,80.35,133.0849999999999,203.36799999999994,0.0625,92.17174328816458,0.06780819996492937,54.640625,737.3739463053166,50,5,
40000,high,moderate,DRL-OO-2025,50,48,339.66646687218724,570.5557404430967,0.0,0.5333333333333333,3.9367029683732584,0.3847652147248938,0.31612693559780514,0.2,0.0,0.0,1.5866712653657107,19.72075137155295,34.14173139679392,4380.0,1.7827198280774303,0.0026301292547698195,100.0,0.0,98.0,2.0,993.0,1595.3649999999993,1822.279,0.125,104.00251599378367,0.12018940004054457,55.2841796875,416.0100639751347,50,5,501
40001,high,moderate,DT-KF-CostAware,50,49,367.14796664061686,790.5671169650662,0.0,0.5444444444444444,4.980521643960541,0.3534980107454117,0.3291170801371562,0.2083297180043384,0.0,0.0,1.8639933389743246,18.379736257263623,34.73302468413533,1460.0,0.5889020204179591,0.00032579070065856926,100.0,0.0,100.0,0.0,160.65,275.78499999999997,317.6409999999999,0.03125,137.63791314953988,0.022704500006511807,nan,2202.206610392638,50,5,
40001,high,moderate,DT-OPT,50,49,367.14796664061686,790.5671169650662,0.0,0.5444444444444444,4.980521643960541,0.3534980107454117,0.3291170801371562,0.2083297180043384,0.0,0.0,1.8639933389743246,18.379736257263623,34.73302468413533,1460.0,0.5889020204179591,0.00032579070065856926,100.0,0.0,100.0,0.0,161.2,270.895,302.1329999999999,0.015625,64.9696253872794,0.024049700004979968,nan,2079.0280123929406,50,5,
40001,high,moderate,SemiGreedy,50,49,274.30344642562716,380.8810928662696,0.0,0.5444444444444444,14.754251933358494,0.9702609827127009,0.33062063613290676,0.2,0.0,0.0,1.6524304227764761,21.61480767583034,47.0178065018683,1460.0,0.5889020204179591,0.00011396073705208892,100.0,0.0,48.0,52.0,166.95,324.1099999999997,383.44599999999997,0.03125,133.04099800061678,0.023488999984692782,nan,2128.6559680098685,50,5,
40001,high,moderate,Fog-only,50,49,365.1579753627035,790.5671169650662,0.0,0.5444444444444444,5.005838995946618,0.35312805843071293,0.3268633533704154,0.2,0.0,0.0,1.8693232267009936,17.859523642028876,31.135377269096104,0.0,0.0,0.0,100.0,0.0,100.0,0.0,17.45,33.63499999999999,43.58899999999999,0.015625,105.15937124694487,0.014858399983495474,nan,3365.099879902236,50,5,
40001,high,moderate,DRL-OO-2025,50,49,352.0266283054331,790.5671169650662,0.0,0.5444444444444444,6.246947810905654,0.43432137902315465,0.3262557119963152,0.20888450148075025,0.0,0.0,1.835209584125248,17.63631236422324,30.33121052352649,0.0,0.0,0.0,100.0,0.0,94.0,6.0,207.75,474.5999999999999,580.0899999999998,0.03125,114.21282709707154,0.027361199958249927,nan,1827.4052335531446,50,5,502
40002,high,moderate,DT-KF-CostAware,50,49,317.8585531302352,632.2655376359937,0.0,0.5444444444444444,3.612775556934151,0.3349760785317768,0.3313608350393137,0.5538638985005767,0.0,0.0,1.5745084688239053,18.918629679700132,35.427195431116616,1460.0,1.2072600983999668,0.0003905501350863068,100.0,0.0,100.0,0.0,166.05,311.55499999999995,428.054,0.03125,129.8766066439168,0.02406130003510043,nan,2078.025706302669,50,5,
40002,high,moderate,DT-OPT,50,49,316.81787735917595,632.2655376359937,0.0,0.5444444444444444,3.6257223583323115,0.3371163154257106,0.330245937835087,0.5525891829689298,0.0,0.0,1.577687601000601,18.350931679925505,35.427195431116616,1460.0,1.2072600983999668,0.0003905501350863068,100.0,0.0,100.0,0.0,165.75,356.0699999999996,478.152,0.015625,64.93398554244673,0.02406289998907596,nan,2077.8875373582955,50,5,
40002,high,moderate,SemiGreedy,50,49,256.0804131683167,359.95920862190985,0.0,0.5444444444444444,11.188623621369157,0.7755262381615678,0.33552979541848865,0.2,0.0,0.0,1.5103010855740704,21.49254413965485,43.48796412843509,2920.0,2.4145201967999337,0.0013153278232216749,100.0,0.0,56.0,44.0,172.45,290.1499999999999,352.635,0.03125,128.42272232443665,0.02433370001381263,nan,2054.7635571909864,50,5,
40002,high,moderate,Fog-only,50,49,306.1267789923867,589.3523351416542,0.0,0.5444444444444444,3.5727386167854576,0.36711629625226055,0.3473389823560675,0.2,0.0,0.0,1.5658917725229058,18.643420379274897,40.2613254901873,4380.0,3.6217802951999007,0.0022116599373466356,100.0,0.0,100.0,0.0,17.35,24.964999999999993,40.43799999999999,0.015625,114.36748366114782,0.013662100012879819,nan,3659.75947715673,50,5,
40002,high,moderate,DRL-OO-2025,50,49,304.613677715153,602.2220226063158,0.0,0.5444444444444444,4.415160211194931,0.409867243409267,0.3268548331414635,0.3983769161406673,0.0,0.0,1.587518794591758,17.26914397522898,36.357532984409474,1460.0,1.2072600983999668,0.0003497579618844558,100.0,0.0,96.0,4.0,209.45,313.3449999999998,517.3359999999996,0.03125,120.76501251677168,0.025876700005028397,nan,1932.2402002683468,50,5,503
40003,high,moderate,DT-KF-CostAware,50,49,372.06274328754444,662.3743026865856,2.0,0.5444444444444444,4.3087248477587,0.3267141119429014,0.3472450906246044,0.2,0.0,0.0,1.9799262496171186,17.67490655447602,36.23325450308598,8760.0,4.503925510419184,0.004530701838927082,98.0,0.0,100.0,0.0,165.35,232.75499999999994,423.41199999999935,0.03125,133.75449938613846,0.023363700020127,nan,2140.0719901782154,50,5,
40003,high,moderate,DT-OPT,50,49,372.06274328754444,662.3743026865856,2.0,0.5444444444444444,4.3087248477587,0.3267141119429014,0.3472450906246044,0.2,0.0,0.0,1.9799262496171186,17.67490655447602,36.23325450308598,8760.0,4.503925510419184,0.004530701838927082,98.0,0.0,100.0,0.0,165.2,417.65499999999975,721.9019999999998,0.015625,54.15400191402656,0.02885289996629581,nan,1732.9280612488499,50,5,
40003,high,moderate,SemiGreedy,50,49,280.9376273903433,434.7745025409493,0.0,0.5444444444444444,16.62972860601208,1.1049170904679515,0.34574683513858295,0.2,0.0,0.0,1.5590720001409766,20.8460796551622,37.87617548641379,4380.000000000001,2.2519627552095924,0.0003497353547771145,100.0,0.0,30.0,70.0,170.85000000000002,278.055,392.2719999999997,0.03125,131.57229949294327,0.023751200002152473,nan,2105.1567918870924,50,5,
40003,high,moderate,Fog-only,50,49,352.3012043465504,633.4589648901788,0.0,0.5444444444444444,5.552422926593795,0.5228088718531844,0.3604868316181716,0.2,0.0,0.0,1.8027891636891145,15.488236801983636,29.610525236471453,7300.0,3.7532712586826533,0.002321389774582224,100.0,0.0,100.0,0.0,17.9,31.93,38.55699999999998,0.015625,100.48102267126666,0.015550200012512505,nan,3215.392725480533,50,5,
40003,high,moderate,DRL-OO-2025,50,49,336.6755759597797,513.8214926394087,0.0,0.5444444444444444,7.39081389291477,0.5912564605713764,0.35166896650462837,0.30828025477707005,0.0,0.0,1.807386757402097,16.06738294504551,29.056230065700056,7300.0,3.7532712586826533,0.001250163835891402,100.0,0.0,90.0,10.0,216.15,450.1399999999998,557.4979999999998,0.03125,108.95714934697219,0.0286809999961406,nan,1743.314389551555,50,5,504
40004,high,moderate,DT-KF-CostAware,50,49,387.37379414431695,815.391610072818,0.0,0.5444444444444444,7.355858418222506,0.6686875391743402,0.3342495429719645,0.2,0.0,0.0,2.0915630555975175,16.45913080883464,32.865669402615055,21900.00000000002,2.2340624129710296,0.004278206929986442,100.0,0.0,98.0,2.0,170.8,289.4749999999999,406.6069999999999,0.015625,62.8378159789767,0.024865600047633052,nan,2010.8101113272544,50,5,
40004,high,moderate,DT-OPT,50,49,387.37379414431695,815.391610072818,0.0,0.5444444444444444,7.355858418222506,0.6686875391743402,0.3342495429719645,0.2,0.0,0.0,2.0915630555975175,16.45913080883464,32.865669402615055,21900.00000000002,2.2340624129710296,0.004278206929986442,100.0,0.0,98.0,2.0,172.85,417.0999999999999,491.83299999999986,0.03125,106.6032619359297,0.029314299987163395,nan,1705.652190974875,50,5,
40004,high,moderate,SemiGreedy,50,49,295.00749458566474,552.917263592764,0.0,0.5444444444444444,18.547450294327103,1.2457761208971316,0.3423459309339829,0.2,0.0,0.0,1.919757703961517,19.170272802086895,32.865669402615055,21899.999999999993,2.2340624129710265,0.002774275994054501,100.0,0.0,46.0,54.0,181.45,503.215,574.4299999999998,0.03125,105.58787959640642,0.029596199980005622,nan,1689.4060735425028,50,5,
40004,high,moderate,Fog-only,50,49,410.03615469480314,1066.1046327986855,0.0,0.5444444444444444,5.675321270273462,0.5830868585005226,0.3357052278266323,0.2,0.0,0.0,2.095164205952922,16.731216406871514,32.865669402615055,17520.00000000002,1.787249930376824,0.005182317208807275,100.0,0.0,100.0,0.0,18.15,27.879999999999995,30.712,0.015625,107.18940801219568,0.014576999994460493,nan,3430.061056390262,50,5,
40004,high,moderate,DRL-OO-2025,50,49,369.84094259482595,815.391610072818,0.0,0.5444444444444444,9.350097549600454,0.7696960053925027,0.33347870374724337,0.2,0.0,0.0,2.064594745145961,16.780355583957547,32.865669402615055,20440.000000000015,2.0851249187729604,0.0037179753035914715,100.0,0.0,90.0,10.0,216.3,414.2099999999998,705.188999999999,0.03125,111.5772561317435,0.028007499990053475,nan,1785.236098107896,50,5,505
40005,high,moderate,DT-KF-CostAware,50,49,369.89118643520703,621.3556996254779,0.0,0.5444444444444444,4.940679956537791,0.32551181979831983,0.34102700384873524,0.3291295407813571,0.0,0.0,2.00482254980707,23.492472342585863,41.885084212843054,2920.0,1.0895603698535063,0.0009746518492297493,100.0,0.0,100.0,0.0,169.8,351.73999999999984,512.7259999999997,0.03125,118.94068570541356,0.026273600000422448,nan,1903.050971286617,50,5,
40005,high,moderate,DT-OPT,50,49,369.89118643520703,621.3556996254779,0.0,0.5444444444444444,4.940679956537791,0.32551181979831983,0.34102700384873524,0.3291295407813571,0.0,0.0,2.00482254980707,23.492472342585863,41.885084212843054,2920.0,1.0895603698535063,0.0009746518492297493,100.0,0.0,100.0,0.0,171.1,314.0449999999999,433.61699999999973,0.03125,124.07243452297944,0.025186899991240352,nan,1985.158952367671,50,5,
40005,high,moderate,SemiGreedy,50,49,284.6591497354355,367.0903096991281,0.0,0.5444444444444444,15.600875899002313,1.0015264464838602,0.3424744864368712,0.2,0.0,0.0,1.7227455122732038,25.369377304079862,57.07835798402173,7300.0,2.723900924633766,0.00075027939231674,100.0,0.0,40.0,60.0,180.10000000000002,272.305,290.464,0.03125,123.87373991788135,0.02522730000782758,nan,1981.9798386861016,50,5,
40005,high,moderate,Fog-only,50,49,365.8697294769487,621.3556996254779,0.0,0.5444444444444444,5.267916283894447,0.3196190685381071,0.3564185083429856,0.2,0.0,0.0,2.037264242476689,26.189110330465684,46.71265134650072,2920.0,1.0895603698535063,0.0009746518492297493,100.0,0.0,100.0,0.0,17.9,25.14499999999999,32.492999999999995,0.015625,108.51749494627525,0.014398599974811077,nan,3472.559838280808,50,5,
40005,high,moderate,DRL-OO-2025,50,49,333.1623105569961,503.90263776782433,0.0,0.5444444444444444,8.969555214188683,0.5682011797939053,0.3467603790361799,0.22188183807439826,0.0,0.0,1.9270267432687802,25.517116495302023,50.32472840405677,1460.0,0.5447801849267532,0.000563958030824488,100.0,0.0,80.0,20.0,215.35,400.01,449.46899999999994,0.015625,56.48359357920487,0.0276628999854438,nan,1807.474994534556,50,5,501
40006,high,moderate,DT-KF-CostAware,50,49,368.77300683471805,678.2754164069795,0.0,0.5444444444444444,4.054049938552024,0.3152945695003569,0.35479155301774157,0.42990152193375114,0.0,0.0,1.8238035069893588,20.754992505471954,38.21889416973728,8760.0,2.2825220305065845,0.003509759740488354,100.0,0.0,100.0,0.0,167.5,307.5349999999998,422.9019999999998,0.015625,64.48404513427238,0.024230799986980855,nan,2063.489444296716,50,5,
40006,high,moderate,DT-OPT,50,49,368.77300683471805,678.2754164069795,0.0,0.5444444444444444,4.054049938552024,0.3152945695003569,0.35479155301774157,0.42990152193375114,0.0,0.0,1.8238035069893588,20.754992505471954,38.21889416973728,8760.0,2.2825220305065845,0.003509759740488354,100.0,0.0,100.0,0.0,168.55,305.79499999999985,398.86199999999997,0.03125,122.65676519267963,0.02547759999288246,nan,1962.508243082874,50,5,
40006,high,moderate,SemiGreedy,50,49,281.78662548631775,382.7050867271423,0.0,0.5444444444444444,15.246721073414221,0.9889067706619561,0.3497711204341303,0.2,0.0,0.0,1.545342853405001,23.731421867668995,42.23294579993101,8760.0,2.2825220305065845,0.0008787428670321712,100.0,0.0,38.0,62.0,175.6,285.44499999999994,429.7119999999996,0.03125,130.4278871651308,0.023959599959198385,nan,2086.846194642093,50,5,
40006,high,moderate,Fog-only,50,49,363.6741805586487,652.9164350575171,0.0,0.5444444444444444,4.144122205046355,0.31629318064154816,0.34739647640756216,0.2083297180043384,0.0,0.0,1.777281492661402,21.988965648736677,41.40169192090084,7300.0,1.9021016920888203,0.0023774673675068946,100.0,0.0,100.0,0.0,17.85,29.41,44.14899999999996,0.015625,107.18131990423903,0.014578100002836436,nan,3429.802236935649,50,5,
40006,high,moderate,DRL-OO-2025,50,49,352.95746149731684,678.2754164069795,0.0,0.5444444444444444,5.911342693906879,0.43293304332508803,0.35107409232761866,0.441002277904328,0.0,0.0,1.7747485598077262,21.93931713599441,41.40169192090084,7300.0,1.9021016920888203,0.0023774673675068946,100.0,0.0,90.0,10.0,217.0,420.8899999999998,509.2799999999998,0.03125,111.65579282265504,0.027987800014670938,nan,1786.4926851624807,50,5,502
40007,high,moderate,DT-KF-CostAware,50,49,371.0220457276012,712.7696993969985,2.0,0.5444444444444444,8.56011611530233,0.7078832051655084,0.3396649424873312,0.2,0.0,0.0,1.589157408425667,20.481022483659665,42.67864789873429,37960.0,1.8528786979475804,0.0030928360216253004,98.0,0.0,96.0,4.0,173.45,305.635,544.2129999999992,0.03125,109.3001295982141,0.028590999951120466,nan,1748.8020735714256,50,5,
40007,high,moderate,DT-OPT,50,49,371.0220457276012,712.7696993969985,2.0,0.5444444444444444,8.56011611530233,0.7078832051655084,0.3396649424873312,0.2,0.0,0.0,1.589157408425667,20.481022483659665,42.67864789873429,37960.0,1.8528786979475804,0.0030928360216253004,98.0,0.0,96.0,4.0,169.75,290.05499999999995,436.3779999999999,0.03125,123.72611589004384,0.025257400004193187,nan,1979.6178542407015,50,5,
40007,high,moderate,SemiGreedy,50,49,294.15046142813736,427.26125612343054,0.0,0.5444444444444444,19.245400190903904,1.2535575529007523,0.34162265976799083,0.2,0.0,0.0,1.6738753165151947,20.193775191506745,41.85474915507129,37960.00000000001,1.8528786979475809,0.0029111828109224308,100.0,0.0,28.0,72.0,179.9,399.68999999999977,598.8339999999998,0.03125,113.05587290000157,0.027641200053039938,nan,1808.8939664000252,50,5,
40007,high,moderate,Fog-only,50,49,426.81789043145125,964.531356690787,4.0,0.5444444444444444,5.2981958274780325,0.5320980795083059,0.3441757690988903,0.21699051061906913,0.0,0.0,1.584522575992727,20.45759353896541,42.67864789873429,20440.0,0.9977039142794665,0.0042093760585721176,96.0,0.0,100.0,0.0,18.2,32.455,39.216999999999985,0.015625,103.1618699127168,0.015146100020501763,nan,3301.1798372069375,50,5,
40007,high,moderate,DRL-OO-2025,50,49,342.61725570640374,696.3802354769985,2.0,0.5444444444444444,11.820649585274099,0.8759635633985786,0.336643980197416,0.2,0.0,0.0,1.6145646435003616,21.55645822180205,48.630011625947425,37960.0,1.8528786979475804,0.0030928360216253004,98.0,0.0,78.0,22.0,215.14999999999998,377.09999999999997,556.8619999999996,0.015625,54.43207757150894,0.028705499949865043,nan,1741.8264822882861,50,5,503
40008,high,moderate,DT-KF-CostAware,50,49,362.66781251644534,904.0298979769041,0.0,0.5444444444444444,5.891138580701438,0.3578016218374538,0.32832477208072175,0.2083297180043384,0.0,0.0,1.7245364102816765,23.367177044152744,35.89770464305341,13140.0,4.167591740936915,0.003928199664040781,100.0,0.0,100.0,0.0,173.25,298.61499999999984,338.342,0.03125,125.82186843354984,0.024836700002197176,nan,2013.1498949367974,50,5,
40008,high,moderate,DT-OPT,50,49,362.6682615807567,904.0298979769041,0.0,0.5444444444444444,5.915435151734711,0.356889525773497,0.32834437637660335,0.2,0.0,0.0,1.7262014471552307,23.53364607713194,35.89770464305341,13140.0,4.167591740936915,0.003928199664040781,100.0,0.0,100.0,0.0,169.2,339.1099999999998,488.86199999999985,0.015625,59.20713589079376,0.02639040001668036,nan,1894.6283485054003,50,5,
40008,high,moderate,SemiGreedy,50,49,280.35297605920533,489.213443736155,0.0,0.5444444444444444,15.43206691018264,0.9897941371274026,0.33515442907100734,0.2,0.0,0.0,1.548694070824763,23.625050701891492,44.48681275683766,8760.0,2.7783944939579435,0.0022291895080368542,100.0,0.0,54.0,46.0,180.8,465.7599999999998,668.3049999999996,0.03125,106.69425342491857,0.029289300029631704,nan,1707.1080547986971,50,5,
40008,high,moderate,Fog-only,50,49,362.6682615807567,904.0298979769041,0.0,0.5444444444444444,5.915435151734711,0.356889525773497,0.32834437637660335,0.2,0.0,0.0,1.7262014471552307,23.53364607713194,35.89770464305341,13140.0,4.167591740936915,0.003928199664040781,100.0,0.0,100.0,0.0,18.2,30.504999999999995,34.920999999999985,0.015625,107.94473248736162,0.014474999974481761,nan,3454.231439595572,50,5,
40008,high,moderate,DRL-OO-2025,50,49,363.1628384575056,934.9443343024755,0.0,0.5444444444444444,6.087434515547217,0.4323852583116894,0.3322591998047775,0.26791995148574893,0.0,0.0,1.716413452147713,24.121253144301278,38.29651497093883,11680.0,3.7045259919439246,0.0034616386110699875,100.0,0.0,96.0,4.0,215.55,421.5349999999998,478.88599999999997,0.03125,112.56109821001719,0.027762699988670647,nan,1800.977571360275,50,5,504
40009,high,moderate,DT-KF-CostAware,50,49,369.6237943159875,712.9088204133728,0.0,0.5444444444444444,6.207743388997859,0.47047344154252013,0.34433209402569004,0.2871099050203528,0.0,0.0,1.9845838875928061,18.11519522062095,36.45029348842751,4380.000000000004,2.173459969631109,0.0019423903495021271,100.0,0.0,94.0,6.0,167.9,309.9,584.142999999999,0.015625,63.86465997735759,0.02446580003015697,nan,2043.6691192754429,50,5,
40009,high,moderate,DT-OPT,50,49,370.8235019766289,712.9088204133728,0.0,0.5444444444444444,6.223459484970243,0.4671868416468254,0.3451993278250239,0.27303225806451614,0.0,0.0,1.9867625729498857,18.17067378915829,36.45029348842751,5840.000000000004,2.8979466261748112,0.003386859683525296,100.0,0.0,94.0,6.0,168.0,250.32499999999996,381.8869999999997,0.03125,132.89502777540224,0.02351480000652373,nan,2126.320444406436,50,5,
40009,high,moderate,SemiGreedy,50,49,282.4245994337768,444.5305157197566,0.0,0.5444444444444444,16.272405834778386,1.0985471692663473,0.34131442435857445,0.2,0.0,0.0,1.553400169019009,23.0041543977176,48.54178318090433,5840.000000000007,2.897946626174813,0.0016339267633498377,100.0,0.0,36.0,64.0,176.89999999999998,371.24499999999995,476.54399999999976,0.03125,120.78835190541552,0.02587169996695593,nan,1932.6136304866484,50,5,
40009,high,moderate,Fog-only,50,49,366.70345487626514,682.555459459192,2.0,0.5444444444444444,3.88689219092944,0.5279679619718609,0.3418290647201791,0.2,0.0,0.0,2.0618667400566593,22.26374324299775,44.703163352992746,7300.000000000004,3.622433282718514,0.0032708313908481686,98.0,0.0,100.0,0.0,18.0,21.13,28.880999999999993,0.0,0.0,0.013934899994637817,nan,3588.1132996462206,50,5,
40009,high,moderate,DRL-OO-2025,50,49,338.68920478733764,634.6284859192634,0.0,0.5444444444444444,7.192773476408207,0.6784619941149962,0.34130177749565505,0.2680851063829787,0.0,0.0,1.9347057954632727,22.135439429371445,44.703163352992746,5840.000000000007,2.897946626174813,0.0029183584757134706,100.0,0.0,86.0,14.0,214.6,299.11499999999995,353.4659999999999,0.015625,62.31281242402204,0.025075099954847246,nan,1994.0099975687053,50,5,505
40000,high,moderate,DT-KF-CostAware,200,198,373.2981845373478,794.4992851843026,0.5,2.2,19.74528226914807,1.4546610531766027,0.331526414605037,0.228861646234676,0.0,0.0,1.857083588307189,18.531065698781635,39.13621719616991,26280.0,1.9950579045059613,0.010101318776571562,99.5,0.0,100.0,0.0,1110.55,2042.92,2441.3509999999997,0.65625,100.46716273113617,0.6531985000474378,212.1015625,306.18563879965313,200,10,
40000,high,moderate,DT-OPT,200,198,373.1207097367131,794.4992851843026,0.5,2.2,19.853438165146272,1.4535301186699519,0.33136537859315834,0.2239972574562907,0.0,0.0,1.8570813306303386,18.657748469191922,39.13621719616991,26280.0,1.9950579045059613,0.010101318776571562,99.5,0.0,100.0,0.0,1101.5,1892.655,2080.4259999999995,0.640625,99.8292870466268,0.641720500017982,213.2421875,311.66216443824953,200,10,
40000,high,moderate,SemiGreedy,200,199,278.37643581021536,448.69620714699795,0.0,2.2111111111111112,63.12241263199769,4.124560413803471,0.3318610298396494,0.1,0.0,0.0,1.559732693761548,20.195582281889212,37.81477078346018,24820.000000000007,1.8842213542556308,0.004702956167197844,100.0,0.0,45.5,54.5,1080.9499999999998,1789.62,2205.584999999999,0.640625,101.34651451455773,0.6321134999743663,215.23828125,316.3988745820339,200,10,
40000,high,moderate,Fog-only,200,198,366.3684919570529,794.4992851843026,0.5,2.2,20.849321376722376,1.426974902829317,0.32456806651514214,0.14008432787822483,0.0,0.0,1.827248914462605,18.657369995138325,39.86312367429283,27740.0,2.1058944547562923,0.010562895971432772,99.5,0.0,100.0,0.0,130.85000000000002,203.01,237.3979999999999,0.40625,98.20646588175829,0.4136693000327796,204.46875,483.47798587942543,200,10,
40000,high,moderate,DRL-OO-2025,200,199,356.2371288365547,815.1064362629039,1.0,2.2111111111111112,28.013266387283167,1.9621510778182811,0.326993109756544,0.1524001924001924,0.0,0.0,1.782904383809851,19.042852387970328,37.18727709902994,45260.0,3.4359330577602667,0.019982182850370695,99.0,0.0,89.5,10.5,2191.95,11734.185,13240.427999999996,1.421875,99.83361006475496,1.4242448000004515,305.140625,140.4252976735015,200,10,501
40001,high,moderate,DT-KF-CostAware,200,199,353.5500136686119,645.086677303498,0.0,2.2111111111111112,20.392497023508913,1.479420498020574,0.31831093355348394,0.13753690133018442,0.0,0.0,1.7150018847456767,19.045727315880914,36.34137648943244,30660.0,3.362568449544474,0.010653225948791123,100.0,0.0,100.0,0.0,241.85,437.99999999999994,616.6229999999996,0.125,91.51910734725536,0.13658350001787767,nan,1464.3057175560857,200,10,
40001,high,moderate,DT-OPT,200,199,353.5500136686119,645.086677303498,0.0,2.2111111111111112,20.392497023508913,1.479420498020574,0.31831093355348394,0.13753690133018442,0.0,0.0,1.7150018847456767,19.045727315880914,36.34137648943244,30660.0,3.362568449544474,0.010653225948791123,100.0,0.0,100.0,0.0,234.55,379.6149999999997,455.11799999999954,0.109375,86.96436906955846,0.1257698999834247,nan,1590.2056058433548,200,10,
40001,high,moderate,SemiGreedy,200,199,275.67424099306544,380.4750645863901,0.0,2.2111111111111112,61.78311799244413,4.027296662108349,0.3288312365111119,0.1,0.0,0.0,1.4902487827142759,22.64045479690534,41.18544187976036,18980.0,2.0815899925751506,0.005452885154694228,100.0,0.0,43.5,56.5,238.35000000000002,404.29499999999996,585.1869999999983,0.125,98.62236394920288,0.12674609996611252,nan,1577.957823187246,200,10,
40001,high,moderate,Fog-only,200,199,353.41907756865976,645.086677303498,0.0,2.2111111111111112,20.422901541102974,1.4780947327595304,0.3180756460362782,0.13596909871244636,0.0,0.0,1.7121819340538504,19.096347295059605,36.34137648943244,32120.0,3.5226907566656394,0.010967017699246764,100.0,0.0,100.0,0.0,28.5,44.90499999999996,74.44799999999996,0.078125,104.77014271411103,0.07456799998180941,nan,2682.115653481242,200,10,
40001,high,moderate,DRL-OO-2025,200,199,337.2912351316074,645.086677303498,0.0,2.2111111111111112,27.049663833330413,1.8931922807456731,0.3166942949646586,0.12703030762811515,0.0,0.0,1.6944507469097467,19.388309380966444,39.38860252664626,26280.0,2.882201528180978,0.00939822466401572,100.0,0.0,92.0,8.0,369.6,3937.58,4649.643999999999,0.375,100.67670857584633,0.37247939995722845,nan,536.9424457378472,200,10,502
40002,high,moderate,DT-KF-CostAware,200,198,350.8428213877363,681.2027778607985,0.0,2.2,16.112000774198442,1.7699888840655458,0.34236502855861795,0.2023954568921012,0.0,0.0,1.7542543222624791,18.80417564407876,38.55028786354948,27740.0,2.636613956565254,0.015523971161645651,100.0,0.0,100.0,0.0,228.3,352.30499999999927,497.73799999999943,0.125,100.78458787361953,0.12402689998270944,nan,1612.5534059779125,200,10,
40002,high,moderate,DT-OPT,200,198,350.8392518441097,681.2027778607985,0.0,2.2,16.1248729224303,1.7735965039818198,0.3423453283030915,0.19906570529095155,0.0,0.0,1.7560379972480473,18.884830521618277,38.55028786354948,29200.0,2.775383112173952,0.016588285614624318,100.0,0.0,100.0,0.0,228.0,346.255,547.607,0.125,102.79757430668424,0.12159819999942556,nan,1644.7611889069478,200,10,
40002,high,moderate,SemiGreedy,200,199,275.61335534968987,385.27230463583913,0.0,2.2111111111111112,58.94267124642493,3.99303715722799,0.34548783023058605,0.15119094103865677,0.0,0.0,1.4555750421556095,23.699574936787453,48.748441407417296,18980.0,1.8039990229130687,0.004431470081094327,100.0,0.0,44.5,55.5,232.14999999999998,415.97499999999985,596.1349999999996,0.125,99.461634089689,0.1256765999714844,nan,1591.386145435024,200,10,
40002,high,moderate,Fog-only,200,198,348.78541117990756,656.8164773451098,0.0,2.2,18.81451082161996,1.865568459546307,0.35439007279397183,0.153344285379019,0.0,0.0,1.6809024240665156,21.565024466319393,39.33510121923603,30660.000000000004,2.91415226778265,0.013527834095815709,100.0,0.0,100.0,0.0,28.8,51.649999999999984,80.58199999999992,0.078125,101.57435368134941,0.07691410003462806,nan,2600.303454242545,200,10,
40002,high,moderate,DRL-OO-2025,200,198,343.32273829918944,654.2281173348402,0.0,2.2,18.946865549939872,1.9611611176545745,0.341184189709047,0.1857957728545964,0.0,0.0,1.7231071716515076,19.83040605647942,39.927613548822684,21900.000000000004,2.081537334130464,0.012855962734920933,100.0,0.0,96.5,3.5,359.25,4254.264999999999,4958.179999999994,0.375,100.96471107909866,0.3714169000159018,nan,538.4784590885263,200,10,503
40003,high,moderate,DT-KF-CostAware,200,199,355.8299176257081,627.9194468023468,0.5,2.2111111111111112,18.846563654942077,1.4555384450313724,0.3381205160174303,0.1319630045224251,0.0,0.0,1.7671742537917212,18.98643053087227,37.14028267634455,14600.000000000002,1.4419425534037253,0.0063889342978678204,99.5,0.0,99.0,1.0,228.64999999999998,400.50999999999937,587.6739999999996,0.125,97.87225715263216,0.12771749997045845,nan,1565.9561144421145,200,10,
40003,high,moderate,DT-OPT,200,199,356.7354280862125,627.9194468023468,0.5,2.2111111111111112,18.762487649791087,1.4487506791672735,0.3385305360173943,0.13162285908088858,0.0,0.0,1.7699122613535105,19.30622074741945,37.39779284344933,14600.000000000002,1.4419425534037253,0.0063889342978678204,99.5,0.0,99.0,1.0,228.6,347.4099999999998,577.627,0.125,101.83689314139578,0.12274530000286177,nan,1629.3902902623324,200,10,
40003,high,moderate,SemiGreedy,200,199,274.8982423741226,374.55348634241005,0.0,2.2111111111111112,58.980124748795085,4.000255239409757,0.3403487174990709,0.1,0.0,0.0,1.4163566880341163,24.2077341136014,50.05576984206562,13140.000000000004,1.297748298063353,0.004734929416441183,100.0,0.0,44.0,56.0,231.75,389.92499999999995,442.23199999999935,0.125,99.80900551998059,0.12523919995874166,nan,1596.9440883196894,200,10,
40003,high,moderate,Fog-only,200,199,349.0467398930287,588.4795888852873,0.5,2.2111111111111112,20.682052078641988,1.9002849824824934,0.3454284442572649,0.13623103649936358,0.0,0.0,1.6861356872215307,19.075883598898823,40.584263691841365,29200.0,2.8838851068074502,0.012567896399897138,99.5,0.0,100.0,0.0,27.6,49.62999999999999,64.713,0.078125,101.88897268280719,0.07667659997241572,nan,2608.357700679864,200,10,
40003,high,moderate,DRL-OO-2025,200,199,330.23687271307716,550.555389800005,0.5,2.2111111111111112,28.48523838380229,2.251293823037867,0.34114159899871743,0.1728532460447354,0.0,0.0,1.6483959604275118,19.73368652735237,38.95548255483275,17520.0,1.7303310640844702,0.0064798001776326,99.5,0.0,89.5,10.5,365.70000000000005,4200.794999999999,4822.951999999998,0.390625,102.35919436097628,0.38162180001381785,nan,524.0790751281985,200,10,504
40004,high,moderate,DT-KF-CostAware,200,199,376.1909097704968,719.453458519968,0.0,2.2111111111111112,19.475825738343588,1.6647676937545972,0.3411434575744386,0.1676100897819581,0.0,0.0,1.939979058603537,17.768910874634848,32.22063287366154,74460.0,1.6991705875077416,0.012470499830716499,100.0,0.0,99.5,0.5,228.4,368.15999999999997,485.1119999999998,0.109375,89.3486595186098,0.12241369998082519,nan,1633.8040597688648,200,10,
40004,high,moderate,DT-OPT,200,199,376.03675313319707,719.453458519968,0.0,2.2111111111111112,19.475793446654983,1.6640851140933974,0.3407569465097929,0.1670530083517982,0.0,0.0,1.9414485957437155,17.75154829726045,32.22063287366154,73000.0,1.6658535171644526,0.01198246544018648,100.0,0.0,99.5,0.5,228.55,340.26999999999987,468.43699999999944,0.109375,90.26581684231445,0.12116989999776706,nan,1650.5749365451786,200,10,
40004,high,moderate,SemiGreedy,200,199,282.2731738384675,403.9109597327003,0.0,2.2111111111111112,66.49198268295706,4.444338927041437,0.340798449278962,0.1,0.0,0.0,1.5634497420055946,23.998885459157304,49.3176509017126,67160.00000000001,1.5325852357912968,0.007992537365976372,100.0,0.0,40.0,60.0,231.5,429.0349999999999,573.4299999999997,0.125,98.66354313321453,0.12669319997075945,nan,1578.6166901314325,200,10,
40004,high,moderate,Fog-only,200,199,367.17413032319644,685.4895147315394,0.5,2.2111111111111112,23.173926296142124,2.10293013199129,0.33476070319509604,0.14510644534828332,0.0,0.0,1.7176029848091128,18.04334685344616,33.81982326860473,94900.0,2.1656095723137883,0.031319368126312426,99.5,0.0,100.0,0.0,27.6,42.205,48.30199999999999,0.0625,87.64118996082526,0.07131349999690428,nan,2804.5180787464083,200,10,
40004,high,moderate,DRL-OO-2025,200,199,349.0316389761571,700.3865437697839,0.0,2.2111111111111112,26.757337638630407,2.387781873518866,0.3253705181689288,0.19051315222078483,0.0,0.0,1.8864217085526924,18.097956324657563,33.31485720858369,71540.0,1.6325364468211636,0.014777661792792047,100.0,0.0,94.5,5.5,857.9,4607.099999999999,5672.984999999998,0.46875,98.1463273380745,0.4776031999499537,nan,418.75766330911785,200,10,505
40005,high,moderate,DT-KF-CostAware,200,198,354.87448513212314,687.6278946690006,0.0,2.2,17.21611362885944,1.2387525930754875,0.3354035845309305,0.19991840897501276,0.0,0.0,1.784467749550525,17.129335233378853,34.32353368446962,24820.000000000004,2.9325928989188874,0.009286067405175468,100.0,0.0,100.0,0.0,244.95,485.31499999999977,646.3259999999999,0.140625,98.9241275654991,0.14215440000407398,nan,1406.9209253759873,200,10,
40005,high,moderate,DT-OPT,200,198,355.72226333735875,687.6278946690006,0.0,2.2,17.093289713301708,1.2397456266040854,0.33424348714500896,0.1998165137614679,0.0,0.0,1.7800251811606933,17.232270392924374,34.32353368446962,26280.000000000004,3.105098363561175,0.009661856087176625,100.0,0.0,100.0,0.0,246.0,416.675,539.1169999999994,0.125,92.18295881180295,0.13559990003705025,nan,1474.9273409888472,200,10,
40005,high,moderate,SemiGreedy,200,199,273.0161731779361,408.85151423149097,0.0,2.2111111111111112,56.6985213164786,3.6438449432115254,0.3527043068825563,0.1,0.0,0.0,1.6997794194977052,21.805522793093544,43.57476673580553,18980.000000000004,2.2425710403497376,0.00397915423152577,100.0,0.0,47.0,53.0,248.7,534.6549999999994,765.1689999999996,0.140625,95.1704506803461,0.14776120003079996,nan,1353.5352985649222,200,10,
40005,high,moderate,Fog-only,200,198,343.13627953393063,683.5016127055864,0.0,2.2,19.407052993704298,1.2630441331567348,0.3537571507599558,0.1366850289380099,0.0,0.0,2.038777494849599,18.094552348259207,34.65123889177664,24820.000000000004,2.9325928989188874,0.009961593910925052,100.0,0.0,100.0,0.0,29.7,51.45499999999998,63.001,0.09375,113.40268541082433,0.08266999997431412,nan,2419.2572887642523,200,10,
40005,high,moderate,DRL-OO-2025,200,199,327.8783336031436,652.6341884479565,0.0,2.2111111111111112,27.302787106085205,1.8462445171167847,0.3438288099933082,0.1553632531614183,0.0,0.0,1.9307010635119253,19.066958649128477,38.08549374135029,16060.000000000002,1.8975601110651625,0.005854228564968658,100.0,0.0,89.0,11.0,517.8,4457.399999999999,4911.148999999995,0.421875,100.84963501619892,0.41832080000313,nan,478.10197341012815,200,10,501
40006,high,moderate,DT-KF-CostAware,200,198,372.30553767678924,835.3905682007597,0.0,2.2,20.244734094800982,1.6900017722152612,0.34293123402741293,0.2232583558649255,0.0,0.0,1.9941494986160504,17.43141602053663,33.63253460542486,35039.999999999985,2.9402238396436813,0.01606659695409646,100.0,0.0,99.5,0.5,226.14999999999998,397.22499999999985,645.901,0.109375,88.54210513822598,0.12352880003163591,nan,1619.0556368132752,200,10,
40006,high,moderate,DT-OPT,200,198,371.81300339727306,835.3905682007597,0.0,2.2,20.312555148863918,1.6964019688393026,0.3427218882020857,0.22205756136636723,0.0,0.0,1.998456918138748,17.47542474867294,33.63253460542486,35039.999999999985,2.9402238396436813,0.01606659695409646,100.0,0.0,99.5,0.5,226.7,420.52499999999975,593.3079999999999,0.125,99.6846773948271,0.12539540004217997,nan,1594.9548383172337,200,10,
40006,high,moderate,SemiGreedy,200,199,279.116230318106,455.98764026268407,0.0,2.2111111111111112,63.338833734262906,4.244254970577642,0.33132925397410745,0.1,0.0,0.0,1.7609998450309619,25.404754190974636,49.54173962367691,23360.0,1.9601492264291216,0.005355825457264691,100.0,0.0,47.5,52.5,232.05,409.22499999999974,536.7069999999998,0.125,98.69431373774776,0.12665369996102527,nan,1579.1090198039642,200,10,
40006,high,moderate,Fog-only,200,198,362.63878694899046,863.6358300694709,1.0,2.2,23.533733856557458,2.101227162965399,0.3298953961825466,0.1327419245615223,0.0,0.0,1.9475264879613585,22.968896464228102,47.55012981369248,24820.000000000007,2.0826585530809427,0.010222006723772874,99.0,0.0,100.0,0.0,27.8,34.92999999999995,52.07699999999993,0.078125,109.50158390252672,0.07134599995333701,nan,2803.240547904684,200,10,
40006,high,moderate,DRL-OO-2025,200,199,344.9077009476312,804.5936862281894,0.0,2.2111111111111112,30.61033429364775,2.439588442457738,0.3346119324414147,0.27499575623832967,0.0,0.0,1.9080496002690466,21.38010228915829,46.22486319625156,23359.999999999985,1.9601492264291205,0.008648179722482354,100.0,0.0,90.5,9.5,338.35,4118.054999999999,4921.437,0.3125,100.05052150468161,0.3123422000207938,nan,640.3233376299623,200,10,502
40007,high,moderate,DT-KF-CostAware,200,199,390.30759566344904,878.7153000225553,0.5,2.2111111111111112,21.532074901576397,1.6211023724189864,0.3537565089931198,0.23417302347584412,0.0,0.0,1.8841771935854252,19.75487804901784,41.34138714251619,39420.0,2.220330954353668,0.017307308446677674,99.5,0.0,100.0,0.0,227.1,420.9349999999998,566.2419999999997,0.125,100.33866306451223,0.1245780999888666,nan,1605.4186090321957,200,10,
40007,high,moderate,DT-OPT,200,199,390.16029776453985,878.7153000225553,0.5,2.2111111111111112,21.5436722842635,1.621278912832787,0.35370806180524794,0.23609968401597806,0.0,0.0,1.8794533762461385,19.825456370113738,41.34138714251619,37960.0,2.1380964745627913,0.016882389113796623,99.5,0.0,100.0,0.0,227.05,408.4399999999999,588.9139999999999,0.125,101.34685918736567,0.12333880004007369,nan,1621.5497469978507,200,10,
40007,high,moderate,SemiGreedy,200,199,280.27625367081157,445.7287628276195,0.0,2.2111111111111112,66.66041199351126,4.406680658078645,0.3440530544854875,0.14428404213811938,0.0,0.0,1.5496495637807157,19.253605661129274,36.757027465593154,23360.00000000001,1.315751676654026,0.0024405164111767916,100.0,0.0,43.0,57.0,231.1,425.325,465.79499999999985,0.125,99.40871698554665,0.12574349995702505,nan,1590.5394717687464,200,10,
40007,high,moderate,Fog-only,200,199,385.09999113349676,903.2413097152839,0.5,2.2111111111111112,21.772851877439667,1.6523742600800302,0.35433654223322725,0.19144790911288373,0.0,0.0,1.7607585492224596,18.904133878660986,36.888564155997564,33580.00000000003,1.891393035190163,0.014864798941637787,99.5,0.0,100.0,0.0,27.7,37.74499999999999,48.601,0.078125,108.4128359985276,0.07206250005401671,nan,2775.3686015623066,200,10,
40007,high,moderate,DRL-OO-2025,200,199,369.11969797656684,803.1110145768548,0.5,2.2111111111111112,29.891872519299387,2.2421821670339273,0.350670611398755,0.24994929401669397,0.0,0.0,1.7290655992999486,19.94229216652212,41.603329487127006,48180.000000000044,2.7137378330989304,0.01837145173790726,99.5,0.0,90.0,10.0,345.8,4049.805,4658.353999999998,0.34375,98.70890191765221,0.3482462000101805,nan,574.3063384299766,200,10,503
40008,high,moderate,DT-KF-CostAware,200,199,374.9105472278736,876.3414146473218,0.0,2.2111111111111112,20.581901441997548,2.154551334477637,0.32888335567365656,0.21031268628407304,0.0,0.0,1.9935799520942437,20.108413950458765,39.398278226193845,99280.0,1.9322494337835752,0.015959239302397087,100.0,0.0,99.0,1.0,224.85000000000002,382.46,637.8459999999999,0.125,100.02592673131478,0.12496759998612106,nan,1600.4148277010365,200,10,
40008,high,moderate,DT-OPT,200,199,374.9105472278736,876.3414146473218,0.0,2.2111111111111112,20.581901441997548,2.154551334477637,0.32888335567365656,0.21031268628407304,0.0,0.0,1.9935799520942437,20.108413950458765,39.398278226193845,99280.0,1.9322494337835752,0.015959239302397087,100.0,0.0,99.0,1.0,228.3,397.895,560.6289999999976,0.125,100.07389456721164,0.12490769999567419,nan,1601.1823130753862,200,10,
40008,high,moderate,SemiGreedy,200,199,293.40157492379143,500.7921704086752,0.0,2.2111111111111112,66.8848617373176,4.519454498375264,0.34082935642234635,0.1,0.0,0.0,1.8845356576900605,25.622619389731554,51.20532634788153,109500.00000000001,2.131157463731885,0.014282391438642378,100.0,0.0,44.0,56.0,231.7,407.775,577.5749999999999,0.125,99.92757250234037,0.12509059999138117,nan,1598.841160037446,200,10,
40008,high,moderate,Fog-only,200,199,388.6356145619115,867.905225130357,1.0,2.2111111111111112,18.654291786449154,2.031219830743835,0.33474001461027186,0.1540235696783478,0.0,0.0,2.081668189063233,22.37955923253816,42.08147525136553,99280.0,1.9322494337835752,0.03041016630936467,99.0,0.0,100.0,0.0,27.95,48.26999999999998,71.90799999999982,0.0625,83.9514398031752,0.07444779999786988,nan,2686.4460737016066,200,10,
40008,high,moderate,DRL-OO-2025,200,199,368.49916965309717,867.905225130357,0.0,2.2111111111111112,23.887790498076658,2.332779388419539,0.33159802207888234,0.1682669898387247,0.0,0.0,2.0450177747355873,21.950725409207816,41.71602298847217,96360.0,1.8754185680840583,0.0165843098056683,100.0,0.0,95.5,4.5,367.95,3784.095,4273.856999999998,0.34375,93.1132745012551,0.36917399999219924,nan,541.7499607345752,200,10,504
40009,high,moderate,DT-KF-CostAware,200,199,332.1212770202816,599.9716649532706,0.0,2.2111111111111112,15.667825452157642,1.3592119369312097,0.321680238354909,0.20199438918643203,0.0,0.0,1.9522111678360976,18.408650201336247,36.105782883402455,27740.0,4.15562469945126,0.008811026641493174,100.0,0.0,100.0,0.0,229.7,345.07499999999953,504.43699999999944,0.125,102.42803609186818,0.12203690002206713,nan,1638.8485774698909,200,10,
40009,high,moderate,DT-OPT,200,199,331.915891882773,599.9716649532706,0.0,2.2111111111111112,15.678586776295361,1.3641945393934707,0.32159467394042596,0.20168576521517698,0.0,0.0,1.9525333335302244,18.46569570287303,36.105782883402455,27740.0,4.15562469945126,0.008811026641493174,100.0,0.0,100.0,0.0,230.05,451.3149999999999,654.5849999999997,0.140625,105.2714712711152,0.1335831999895163,nan,1497.1942580780828,200,10,
40009,high,moderate,SemiGreedy,200,199,273.06050943333923,380.7462322928873,0.0,2.2111111111111112,56.28508564615246,3.7682308554325634,0.32786344125039557,0.1,0.0,0.0,1.8488058593513303,24.952636268572466,53.59739963843641,16060.0,2.4058879838928346,0.0017994950913404612,100.0,0.0,43.0,57.0,240.14999999999998,413.11499999999984,561.0019999999998,0.140625,104.95178374895711,0.1339901000028476,nan,1492.6475910962788,200,10,
40009,high,moderate,Fog-only,200,199,326.98604809193057,597.7264627389092,0.0,2.2111111111111112,16.310633335737013,1.5509274500715093,0.31566049431793364,0.12428522110284657,0.0,0.0,1.9729843466899832,17.897583357640144,35.819640915336635,30660.0,4.593058878340866,0.01209032236133913,100.0,0.0,100.0,0.0,28.7,47.07999999999997,72.35799999999986,0.078125,102.16638504629537,0.0764684000168927,nan,2615.4594571851617,200,10,
40009,high,moderate,DRL-OO-2025,200,199,325.05736612167425,597.7264627389092,0.0,2.2111111111111112,17.20466452043797,1.5830652768675406,0.3175141108069461,0.12168514412416852,0.0,0.0,1.9778438829665927,18.061033982304757,35.819640915336635,32120.0,4.811775967785669,0.012303791592778675,100.0,0.0,98.5,1.5,451.5,4602.069999999996,6108.078999999994,0.4375,97.40666716135439,0.4491478999843821,nan,445.2876213090487,200,10,505
40000,high,moderate,DT-KF-CostAware,500,497,365.6271007506971,820.6882787417588,0.4,5.522222222222222,52.06084548052754,3.8654210823318502,0.3303786337843133,0.15553933315347626,0.0,0.0,1.791529679539106,20.75970741131901,42.25410635775923,93440.00000000001,2.059955189801811,0.03469753513335707,99.6,0.0,99.6,0.4,2576.95,4170.304999999999,4938.217999999999,3.546875,99.20743416876971,3.5752108999877237,539.8984375,139.8518895771203,500,25,
40000,high,moderate,DT-OPT,500,497,363.37341151668073,801.1115164385875,0.2,5.522222222222222,53.66537457435418,3.9597892570545845,0.3301901528937466,0.15185812072184193,0.0,0.0,1.7846894274549214,20.975278009965713,42.88119407352253,90520.00000000004,1.9955815901205052,0.03181101875695113,99.8,0.0,99.4,0.6,2345.4,3541.9949999999994,4636.927999999996,3.328125,98.79159090654593,3.3688343000249006,535.9375,148.41929150279202,500,25,
40000,high,moderate,SemiGreedy,500,498,281.15659256590703,458.9855600713309,0.0,5.533333333333333,144.92884318203372,9.919182035969834,0.3337799428485756,0.07593593064439393,0.0,0.0,1.5892982761196222,20.084456574949368,39.22325035480632,83220.00000000003,1.8346475909172384,0.019368178544101344,100.0,0.0,54.0,46.0,2336.85,3560.389999999999,4290.799,3.28125,99.26749438063217,3.3054627000237815,539.875,151.2647533419157,500,25,
40000,high,moderate,Fog-only,500,498,361.5020701537368,797.9182428714633,0.6,5.533333333333333,52.12772218571641,4.3347876923320845,0.33207276935831387,0.12575630039044672,0.0,0.0,1.8478654851113325,20.35251932340401,38.684433640867,112420.0,2.4783835877303035,0.04679973100972423,99.4,0.0,100.0,0.0,295.1,448.4749999999991,600.6869999999999,2.171875,100.00899303767996,2.1716797000262886,520.23828125,230.23653073422724,500,25,
40000,high,moderate,DRL-OO-2025,500,497,346.7471591227635,766.4572243560995,0.6,5.522222222222222,65.0602774094678,5.409233756760676,0.3305236165285006,0.1221329702745632,0.0,0.0,1.8284759366110677,19.93504229379843,39.112409143651696,87600.0,1.9312079904391977,0.030913477217021212,99.4,0.0,93.4,6.6,13063.45,14857.429999999998,15949.259999999998,8.40625,99.74150206258837,8.428036299999803,740.1943359375,59.32580048332394,500,25,501
40001,high,moderate,DT-KF-CostAware,500,498,370.576482117022,784.4572494585583,1.0,5.533333333333333,52.85319796096345,3.732295964380695,0.33047054384580526,0.13021658659525873,0.0,0.0,1.792953116970589,20.239235011966322,39.90048177548004,103660.0,2.5119679545975,0.04354590089298814,99.0,0.0,100.0,0.0,435.95,751.3949999999994,991.1029999999992,0.578125,101.1622039021042,0.5714831999503076,nan,874.9163580722525,500,25,
40001,high,moderate,DT-OPT,500,498,368.5823757108558,784.4572494585583,0.8,5.533333333333333,54.448021378863174,3.829410254109252,0.33061096066569723,0.12888714958452366,0.0,0.0,1.800480938639027,20.374637627981585,40.9607057346896,102200.0,2.476588124251056,0.041221280746747815,99.2,0.0,99.8,0.2,438.9,767.3749999999998,896.4509999999998,0.5625,99.02342656932227,0.5680473999818787,nan,880.2082361717535,500,25,
40001,high,moderate,SemiGreedy,500,498,285.0382233902364,472.38229111741106,0.2,5.533333333333333,153.11997420934566,10.090787494070259,0.327922988886238,0.06405510237664261,0.0,0.0,1.7839814156575329,23.423318671691547,44.968261122899676,80300.0,1.9458906690544013,0.01348333093696211,99.8,0.0,52.2,47.8,435.45,732.7099999999998,1032.051,0.578125,101.35143426267202,0.5704162000329234,nan,876.5529449744606,500,25,
40001,high,moderate,Fog-only,500,498,360.3495641735467,784.4034021719759,0.2,5.533333333333333,58.758022675296374,4.368768200063098,0.32428355211148135,0.11994776552524666,0.0,0.0,1.8794055187991567,19.810329247003317,37.03613310298944,96360.0,2.3350688028652815,0.04338886987051449,99.8,0.0,100.0,0.0,60.2,82.205,137.57999999999984,0.34375,102.26731471103112,0.3361289000022225,nan,1487.5245776149982,500,25,
40001,high,moderate,DRL-OO-2025,500,498,354.48367346978563,804.2509324702362,0.4,5.533333333333333,65.12834829115798,5.076605781150549,0.3218634442147452,0.12247945243134775,0.0,0.0,1.7648373336912815,20.019235120721497,38.043185463007404,86140.0,2.087409990440176,0.03198406397284777,99.6,0.0,94.8,5.2,4298.7,6464.5599999999995,8082.521,2.671875,100.07161147734077,2.6699630000512116,nan,187.26851270613477,500,25,502
40002,high,moderate,DT-KF-CostAware,500,497,357.21252156372833,709.3489869340544,0.2,5.522222222222222,53.2449043643567,4.340884789635789,0.330520419011141,0.1254223808309967,0.0,0.0,1.7450079928028033,18.912890896833495,35.714636752369636,147460.0,1.9828100880472024,0.03786569983936792,99.8,0.0,99.8,0.2,475.0,664.7149999999997,887.0289999999999,0.59375,99.96602417516073,0.5939518000232056,nan,841.8191509487219,500,25,
40002,high,moderate,DT-OPT,500,497,357.1841346025637,709.3489869340544,0.2,5.522222222222222,53.220767096083485,4.347464037133059,0.33035988776130143,0.12589412276437326,0.0,0.0,1.7480946190081639,18.964514913223745,35.714636752369636,147460.0,1.9828100880472024,0.03793969152204989,99.8,0.0,99.8,0.2,441.29999999999995,656.1499999999995,856.0319999999999,0.5625,101.50232462995262,0.5541744999936782,nan,902.2428855995788,500,25,
40002,high,moderate,SemiGreedy,500,498,282.00764854856953,441.1214632932697,0.0,5.533333333333333,155.3290347761733,10.060909457147776,0.3364041970606064,0.0716423196104471,0.0,0.0,1.5518689580305771,22.050493179950962,44.693148484121174,118260.0,1.5901744270477562,0.01522702896771775,100.0,0.0,48.0,52.0,429.7,618.675,812.786,0.546875,100.70567168062905,0.5430429000407457,nan,920.7375696514656,500,25,
40002,high,moderate,Fog-only,500,497,360.28293956522276,705.7514571402651,0.2,5.522222222222222,54.46160220741379,4.31421874040869,0.3334836997737604,0.12190299934609074,0.0,0.0,1.7140228350572686,19.84133282367929,36.82964164083285,197100.0,2.6502907117462606,0.07089453246605418,99.8,0.0,100.0,0.0,60.3,85.22999999999988,126.80199999999999,0.328125,99.29367960527836,0.3304591000196524,nan,1513.0465463661465,500,25,
40002,high,moderate,DRL-OO-2025,500,497,353.7022334347174,712.7498353617088,0.0,5.522222222222222,54.191596983660496,5.0393241296143065,0.3298865797319005,0.1259610162656271,0.0,0.0,1.7201686994852317,19.525684524881825,37.088797889394264,146000.0,1.96317830499723,0.037776542016689486,100.0,0.0,97.4,2.6,3689.75,4825.71,5212.575999999998,2.21875,99.53060581312148,2.229213799990248,nan,224.294322959147,500,25,503
40003,high,moderate,DT-KF-CostAware,500,498,377.0925899647508,795.2608501294978,0.8,5.533333333333333,44.37406005044334,4.071658538707116,0.33935501367975246,0.1340430980466941,0.0,0.0,1.962253618167452,20.14271336821451,38.26624954748761,181040.00000000003,1.5946912214820343,0.03552644317090784,99.2,0.0,99.6,0.4,435.3,626.0399999999997,759.721,0.53125,98.2434351239476,0.5407485999749042,nan,924.6440952842128,500,25,
40003,high,moderate,DT-OPT,500,498,377.34150045702125,795.2608501294978,0.6,5.533333333333333,44.28393247103308,4.065586304345555,0.339079941010471,0.13301038062283738,0.0,0.0,1.9611943997809873,20.05734128171689,38.26065389285625,179580.00000000003,1.5818308084055663,0.03494740518078671,99.4,0.0,99.6,0.4,433.45,665.8099999999998,896.3749999999999,0.515625,95.07408818531583,0.5423401999869384,nan,921.9305521000323,500,25,
40003,high,moderate,SemiGreedy,500,498,289.23000220946756,450.54293565003553,0.0,5.533333333333333,154.46124297010508,10.327324285371628,0.3418817232761145,0.08583802111427911,0.0,0.0,1.6741931887096126,21.3868798212554,43.41056191696687,185420.0,1.633272460711438,0.023569832745203523,100.0,0.0,47.6,52.4,432.1,719.3249999999999,858.268,0.53125,95.97360685593173,0.5535375999752432,nan,903.2810057028869,500,25,
40003,high,moderate,Fog-only,500,498,373.18213153664533,773.2405504040657,0.8,5.533333333333333,53.07287685458567,4.472277050433115,0.3423215204355065,0.12631675452670182,0.0,0.0,1.8307235833894167,19.802572853606808,39.1116247976717,178120.0,1.5689703953290979,0.057351242019349484,99.2,0.0,100.0,0.0,60.3,80.36999999999985,122.04399999999995,0.328125,99.5184293775733,0.3297127999830991,nan,1516.471304801117,500,25,
40003,high,moderate,DRL-OO-2025,500,498,353.9731628177188,749.2540180373368,0.0,5.533333333333333,66.01200817811572,5.319366085735176,0.3392455563322172,0.10766196103481315,0.0,0.0,1.8714825326020972,19.10544421437882,38.617488065751594,195640.0,1.7232953522467143,0.039470203686906055,100.0,0.0,92.2,7.8,3876.35,5440.879999999999,6608.395999999999,2.359375,98.02581869732049,2.4068913999944925,nan,207.73683432544738,500,25,504
40004,high,moderate,DT-KF-CostAware,500,498,388.7077656351348,878.6652630818869,0.4,5.533333333333333,43.42724494275801,3.7377647785480668,0.35168568231636177,0.144352027007363,0.0,0.0,1.6801575357696865,19.543557496623947,38.892524861705205,70080.00000000001,1.8243966188265865,0.02529041365352138,99.6,0.0,100.0,0.0,444.4,712.5999999999993,968.685,0.578125,100.81833534209167,0.5734324000077322,nan,871.9423597153875,500,25,
40004,high,moderate,DT-OPT,500,498,388.8305541874897,879.4046906444275,0.4,5.533333333333333,43.29379341624106,3.7331657900412663,0.35136843858619005,0.14396656314399325,0.0,0.0,1.6774142824653158,19.50888558467568,37.03255434604799,81760.00000000001,2.128462721964351,0.02928245337341092,99.6,0.0,100.0,0.0,436.5,698.91,957.4689999999999,0.5625,99.84229354817012,0.5633885000133887,nan,887.4870537615121,500,25,
40004,high,moderate,SemiGreedy,500,498,282.8258552015236,421.25497323485877,0.0,5.533333333333333,156.59639302111836,10.548541639152765,0.3379527679066319,0.06359303024233927,0.0,0.0,1.5630450300219727,18.962055709305837,37.388297715384226,74460.00000000004,1.9384214075032489,0.012472860734348749,100.0,0.0,50.6,49.4,429.6,771.665,1094.72,0.5625,98.81188587630888,0.5692635000450537,nan,878.327874456079,500,25,
40004,high,moderate,Fog-only,500,498,372.8571430452591,830.1409212398833,0.2,5.533333333333333,53.77530767863173,4.784124813164303,0.345456289825205,0.12366809614042086,0.0,0.0,1.6257914036659382,17.477806757016015,34.052562292266124,70080.00000000001,1.8243966188265865,0.024947845682986178,99.8,0.0,100.0,0.0,61.6,115.67999999999992,148.12999999999997,0.375,103.21272307326026,0.36332730000140145,nan,1376.1696409768035,500,25,
40004,high,moderate,DRL-OO-2025,500,498,360.92010958016124,803.8515899715117,0.0,5.533333333333333,64.6970889552169,5.308099770747163,0.3416757871023364,0.11296010727455581,0.0,0.0,1.587593842764085,17.92776934128768,36.302665092881206,74460.00000000001,1.9384214075032482,0.02461010341428223,100.0,0.0,94.0,6.0,3722.9,5660.899999999998,6658.275,2.359375,99.59125112419562,2.36905849998584,nan,211.05430701816292,500,25,505
40005,high,moderate,DT-KF-CostAware,500,498,361.28997127487463,731.4763042863076,0.4,5.533333333333333,54.54926776585168,3.8242992575101886,0.32638283336099094,0.13809221652294232,0.0,0.0,2.021861064738266,18.48867843029516,36.94921948507956,91980.0,2.2492660174003882,0.03263937651352354,99.6,0.0,99.8,0.2,448.95,758.3399999999999,1078.007,0.578125,99.55231806777836,0.5807248000055552,nan,860.9930211267317,500,25,
40005,high,moderate,DT-OPT,500,498,361.23235678964596,731.4763042863076,0.4,5.533333333333333,54.58156121971879,3.8210209075519916,0.32639866440018556,0.13603128054740957,0.0,0.0,2.030890874965349,18.52464528591252,36.434765584993514,90520.0,2.213563382203557,0.030308338330139774,99.6,0.0,99.8,0.2,443.3,721.51,1000.5719999999999,0.578125,100.8539329695774,0.5732300000381656,nan,872.2502310882369,500,25,
40005,high,moderate,SemiGreedy,500,498,280.4682488401353,460.3723358232969,0.2,5.533333333333333,152.0445373284192,9.956098762931296,0.3363664089821782,0.08340570396359467,0.0,0.0,1.5859598447796264,20.155133075675323,40.51125821045914,65700.00000000001,1.6066185838574207,0.013403642515807503,99.8,0.0,49.2,50.8,442.9,904.2,1132.2159999999997,0.609375,100.0567953180754,0.6090290999854915,nan,820.9788333790802,500,25,
40005,high,moderate,Fog-only,500,498,361.5515617971794,726.7633145390953,0.4,5.533333333333333,54.71067795343405,3.9902257392460374,0.3312239429628371,0.12736115034022338,0.0,0.0,1.9828715756768387,19.389270111120354,38.265466815002156,109500.0,2.6776976397623673,0.037303718322496536,99.6,0.0,100.0,0.0,64.0,113.19499999999991,169.34499999999997,0.375,100.78450661280107,0.37208099995041266,nan,1343.7934215040143,500,25,
40005,high,moderate,DRL-OO-2025,500,498,350.6624127267577,703.5831383087791,0.0,5.533333333333333,66.67173182281229,4.796891030137989,0.3301134494630208,0.12001315068493151,0.0,0.0,1.9700655732230232,18.758738621647446,36.741288023453855,112420.00000000001,2.7491029101560307,0.031215250347973407,100.0,0.0,94.0,6.0,3701.2,5849.584999999999,6764.5599999999995,2.34375,99.90045545530774,2.3460854000295512,nan,213.1209716379898,500,25,501
40006,high,moderate,DT-KF-CostAware,500,498,355.35967557583433,805.1207745604452,0.2,5.533333333333333,44.70466129274409,5.195454581740101,0.3416955105341056,0.1296253754149323,0.0,0.0,1.8884326341408286,19.305131008469417,35.52538572758851,99280.0,2.1015127166073695,0.04025390244556031,99.8,0.0,99.6,0.4,513.75,962.9749999999997,1282.889,0.71875,98.38477858654305,0.730550000036601,nan,684.4158510368212,500,25,
40006,high,moderate,DT-OPT,500,498,355.3345416480929,805.1207745604452,0.2,5.533333333333333,44.67726319231515,5.199604831159231,0.34164882037561084,0.12880081673254626,0.0,0.0,1.8921236600693379,19.312343468287033,35.58824534064855,99280.0,2.1015127166073695,0.04098990578091337,99.8,0.0,99.6,0.4,504.65,966.9049999999985,1309.2779999999993,0.6875,97.23003991698562,0.7070859999512322,nan,707.1275630326227,500,25,
40006,high,moderate,SemiGreedy,500,498,275.8931752288996,443.46393029910223,0.0,5.533333333333333,141.2935249392742,9.897792573748983,0.3358003122682439,0.06921050771586759,0.0,0.0,1.7137853738286417,21.333353635315817,43.38666279520785,86140.00000000003,1.8233713276446302,0.014451214467734997,100.0,0.0,54.6,45.4,455.8,851.9699999999999,1123.5139999999997,0.625,101.61288094383879,0.6150794999557547,nan,812.9030475507103,500,25,
40006,high,moderate,Fog-only,500,498,350.67596784081564,769.2852951450739,0.4,5.533333333333333,47.633223994010635,5.21690617763919,0.3366111129518206,0.11122502522704339,0.0,0.0,1.9238485066385174,19.522217745184644,36.647915624124074,115340.0,2.441463303117385,0.047463313003605734,99.6,0.0,100.0,0.0,61.150000000000006,105.21499999999999,141.9979999999999,0.34375,98.20210864828266,0.35004340001614764,nan,1428.3943076113842,500,25,
40006,high,moderate,DRL-OO-2025,500,498,343.44319513194296,748.2233498453136,0.8,5.533333333333333,54.483736981661345,5.725714969316151,0.33718127767362815,0.1238865694301361,0.0,0.0,1.8592631669137631,19.54735636696485,35.89387007726419,113880.0,2.4105587043437473,0.04432772036081685,99.2,0.0,96.0,4.0,3574.1499999999996,5604.79,6088.054999999999,2.171875,98.46099151776146,2.205822799995076,nan,226.67278622794004,500,25,502
40007,high,moderate,DT-KF-CostAware,500,497,356.43094250121993,760.7357192263343,0.4,5.522222222222222,48.124039967813985,3.668206490972246,0.33152489196431123,0.12311731380406246,0.0,0.0,1.9320952301185697,21.960383814888985,42.424417360287755,94900.0,3.1075252867093206,0.03481444660400218,99.6,0.0,99.6,0.4,500.54999999999995,1006.3849999999999,1359.1549999999957,0.703125,94.25973148876989,0.7459442000254057,nan,670.2914239201414,500,25,
40007,high,moderate,DT-OPT,500,497,356.5401901439506,760.7357192263343,0.4,5.522222222222222,48.134721827423434,3.6628978457352477,0.3314547102571705,0.12225118808546731,0.0,0.0,1.9368347147476639,21.938398637598162,42.26586408030222,96360.0,3.15533336804331,0.03608971049427344,99.6,0.0,99.6,0.4,476.25,832.6299999999998,1076.4959999999999,0.640625,100.46682473158191,0.6376483000349253,nan,784.1313149782003,500,25,
40007,high,moderate,SemiGreedy,500,498,276.9939170184172,440.80144924788,0.0,5.533333333333333,140.91808735118147,9.810742909714836,0.3435487562923252,0.08670996930037163,0.0,0.0,1.605395721247093,21.0532560860034,42.60939043030056,75920.00000000001,2.486020229367457,0.012370416940819159,100.0,0.0,52.2,47.8,447.55,738.1449999999999,1017.5409999999993,0.578125,99.46630146433098,0.5812269999878481,nan,860.2490937455652,500,25,
40007,high,moderate,Fog-only,500,497,353.03445166991696,744.0819501043285,0.4,5.522222222222222,41.817329766392504,4.545492466138098,0.34493904043943296,0.134876254180602,0.0,0.0,1.8317732986932591,20.699576304085127,41.52740952233142,65699.99999999997,2.1513636600295287,0.02497918540165846,99.6,0.0,100.0,0.0,60.1,95.83499999999997,128.74199999999996,0.34375,101.63070343292141,0.33823440002743155,nan,1478.2647772061296,500,25,
40007,high,moderate,DRL-OO-2025,500,497,340.26131638150497,671.5197174364752,0.0,5.522222222222222,55.22687148841048,5.223577719904992,0.3408766760887754,0.13620211551632297,0.0,0.0,1.845255819567697,20.7302746734509,42.52858944114114,75920.0,2.4860202293674565,0.021420312756515625,100.0,0.0,95.2,4.8,3590.3999999999996,5507.57,6056.025999999998,2.25,99.37678828571417,2.2641101999906823,nan,220.83730730158703,500,25,503
40008,high,moderate,DT-KF-CostAware,500,498,350.10142256087266,696.4205241162929,0.2,5.533333333333333,44.20663503674374,3.429954578854948,0.3204362880512249,0.12603601526678448,0.0,0.0,1.5577153847247258,19.406634636390827,36.66692069920924,112420.00000000001,1.6385930196695297,0.026790438004690595,99.8,0.0,99.6,0.4,463.35,889.6849999999996,1111.5539999999996,0.640625,100.65240829090497,0.6364725999883376,nan,785.5797720265755,500,25,
40008,high,moderate,DT-OPT,500,498,350.0497493934322,699.4266068799162,0.2,5.533333333333333,44.23158014504018,3.428349141155605,0.32021243820784423,0.12609415442966607,0.0,0.0,1.5602344124820966,19.449949000245883,36.126928038716926,110960.00000000001,1.6173125908426529,0.027000574982861535,99.8,0.0,99.6,0.4,448.1,741.0999999999997,912.8629999999998,0.578125,99.32033538051485,0.5820811999728903,nan,858.9866843720204,500,25,
40008,high,moderate,SemiGreedy,500,498,278.6608617018721,425.8670188794121,0.2,5.533333333333333,137.72412026245053,9.393352780374046,0.34030826921362095,0.0749550243446208,0.0,0.0,1.5969593121984444,22.597982484707178,45.68724713572456,132860.00000000003,1.936519023245808,0.01890443026086338,99.8,0.0,52.6,47.4,441.1,734.349999999999,1051.944,0.5625,97.13906877900065,0.5790667000110261,nan,863.4583891466724,500,25,
40008,high,moderate,Fog-only,500,498,342.76487199639996,656.266304538068,0.8,5.533333333333333,44.98307446834517,4.293735074643974,0.32588651409073555,0.11925849342405809,0.0,0.0,1.6814304367898523,19.711895213093793,39.8781407609323,138699.99999999997,2.021640738553315,0.048018248080357595,99.2,0.0,100.0,0.0,62.0,112.8149999999999,178.95199999999997,0.375,101.47111467864444,0.36956330004613847,nan,1352.948195715259,500,25,
40008,high,moderate,DRL-OO-2025,500,498,333.751528464087,656.8415268225685,0.0,5.533333333333333,52.23939780747706,4.798740081807885,0.3229029740950143,0.11487979683283885,0.0,0.0,1.7148395508921297,19.58960516747525,38.25863689748321,125560.0,1.8301168791114226,0.03260517865423416,100.0,0.0,97.4,2.6,3725.75,5822.715,6967.0779999999995,2.390625,98.67353464037215,2.4227621000027284,nan,206.37602016286985,500,25,504
40009,high,moderate,DT-KF-CostAware,500,496,365.378830439318,774.7860534780458,0.2,5.511111111111111,46.71755601046872,3.6832290809027213,0.33576761184936127,0.13172501847994086,0.0,0.0,1.7772641417039807,20.28972860007169,40.88496602761989,96360.0,1.5853304614436972,0.03204603164449017,99.8,0.0,99.8,0.2,428.95,671.405,842.6469999999999,0.53125,99.12125855619237,0.5359597000060603,nan,932.9059628818105,500,25,
40009,high,moderate,DT-OPT,500,496,365.1779768048602,752.9292870275773,0.2,5.511111111111111,46.695706290154526,3.693350785671417,0.33538635700514224,0.13192359980078877,0.0,0.0,1.7780190323071685,20.39839923845694,42.38256428992556,91980.0,1.513269985923529,0.028567300838142504,99.8,0.0,99.8,0.2,429.25,596.8399999999998,866.3599999999997,0.53125,100.35343298200158,0.5293790000141598,nan,944.5028986541325,500,25,
40009,high,moderate,SemiGreedy,500,496,284.05412019655984,464.9024613420197,0.2,5.511111111111111,150.89012944243106,10.079605182224666,0.3329564861752127,0.06336426856732744,0.0,0.0,1.6701218958278117,21.91097466188725,42.10070708686133,131400.00000000003,2.161814265605042,0.015715344542839887,99.8,0.0,51.0,49.0,422.70000000000005,657.9849999999999,831.818,0.53125,100.26547466672939,0.5298433999996632,nan,943.6750556868649,500,25,
40009,high,moderate,Fog-only,500,496,364.6458093305852,759.970691719326,0.2,5.511111111111111,49.44768851121045,4.24018608991447,0.3288580304228708,0.1297689629707775,0.0,0.0,1.7350010867403516,20.7540493878075,38.94105060732091,103660.0,1.7054312539773104,0.03216374920175605,99.8,0.0,100.0,0.0,58.0,61.705,78.603,0.296875,98.65696916517773,0.30091640003956854,nan,1661.591059624046,500,25,
40009,high,moderate,DRL-OO-2025,500,496,358.2306418401769,741.4667659891393,0.2,5.511111111111111,52.15852331521482,4.437305661983059,0.3327100706316182,0.12894199289252037,0.0,0.0,1.7182300645789814,19.79880674955446,39.015953489484815,108040.0,1.7774917294974786,0.035136888502837325,99.8,0.0,96.8,3.2,4496.549999999999,7238.839999999998,8292.854,2.765625,99.41038699792887,2.7820281999884173,nan,179.72499344258324,500,25,505
40000,high,moderate,DT-KF-CostAware,1000,994,362.42539481611186,831.5366018494701,0.6,11.044444444444444,93.59620724786,7.947528605316506,0.3361930196478074,0.12376093846678368,0.0,0.0,1.9095595501315388,18.117278444079133,35.29065506847836,306600.0000000002,2.2032571556812464,0.08011214791694517,99.4,0.0,99.6,0.4,4685.700000000001,6719.764999999998,7924.529999999998,12.390625,99.33914977612856,12.473053199995775,1075.2109375,80.17283210179355,1000,50,
40000,high,moderate,DT-OPT,1000,994,362.75019042196413,836.1057302491212,0.6,11.044444444444444,93.70190243959205,7.953219689326574,0.3367586362201364,0.12363448293261346,0.0,0.0,1.9095269954093694,18.51608004978292,37.5235141256703,300760.0000000002,2.1612903527158895,0.07901860041026891,99.4,0.0,99.6,0.4,4534.799999999999,6155.839999999999,6991.215999999999,12.015625,98.90914363366892,12.148143800033722,1075.69921875,82.31710263400274,1000,50,
40000,high,moderate,SemiGreedy,1000,997,291.62404733240595,500.2799759965147,0.0,11.077777777777778,257.0681676379727,17.98124378248056,0.33696910667901,0.07967696130635428,0.0,0.0,1.841531829984655,20.886601012026212,41.062548639062705,262800.0,1.8885061334410673,0.03354777448329363,100.0,0.0,67.2,32.8,4733.700000000001,6387.025,7248.842999999999,12.46875,99.13246501581253,12.57786739995936,1089.73828125,79.50473384726818,1000,50,
40000,high,moderate,Fog-only,1000,994,364.47466938452817,821.365660061539,0.4,11.044444444444444,98.92926448197971,8.779762072874062,0.3368085441335803,0.11330168340901793,0.0,0.0,1.9464416403557308,20.251554543007362,39.40822510649867,331419.99999999994,2.381616068284012,0.11442233693932044,99.6,0.0,100.0,0.0,552.2,860.6199999999999,1095.4529999999997,7.796875,98.90290727201706,7.883362799999304,1046.46484375,126.8494201484788,1000,50,
40000,high,moderate,DRL-OO-2025,1000,994,358.7406986127121,811.7217172703066,0.4,11.044444444444444,102.52034974425253,9.245384859590267,0.33480918407797483,0.12381879636081823,0.0,0.0,1.915384780377881,19.231511810952796,39.611350961306364,294920.0,2.119323549750531,0.08074512423624741,99.6,0.0,98.1,1.9,17441.15,19586.84,21219.603,25.09375,99.46653868154274,25.22833339998033,1422.08984375,39.63797307359113,1000,50,501
40001,high,moderate,DT-KF-CostAware,1000,994,368.93146502018226,843.4101424675987,0.5,11.044444444444444,109.78347477402679,7.830741834239506,0.3360246370670437,0.12380002021018593,0.0,0.0,1.7776859040954247,19.78778027239303,38.288884272853444,258420.0,1.8325301978880164,0.07277030501064298,99.5,0.0,99.6,0.4,803.75,1339.4399999999991,1788.06,2.03125,99.55639386327051,2.0403009000001475,nan,490.1237851730241,1000,50,
40001,high,moderate,DT-OPT,1000,994,368.36583388192463,843.4101424675987,0.5,11.044444444444444,109.8585695585326,7.868740753452836,0.3357066815612286,0.12255999199689879,0.0,0.0,1.7830655499508858,19.587875432172495,38.144018245257776,264260.0,1.8739433097046947,0.07464668642636976,99.5,0.0,99.6,0.4,787.8,1338.4599999999998,1710.201,2.015625,100.27103088560047,2.0101768000167795,nan,497.468680362669,1000,50,
40001,high,moderate,SemiGreedy,1000,997,294.7428893545625,508.7353497400583,0.0,11.077777777777778,271.14211309042264,17.698121201700225,0.3323466047905039,0.06038290791942507,0.0,0.0,1.6851599187870472,22.56259333921793,45.69394503782311,232139.99999999988,1.6461711947129631,0.035040004255911826,100.0,0.0,65.5,34.5,780.6500000000001,1352.0099999999998,1971.3759999999997,2.03125,99.86998832755663,2.033894299995154,nan,491.6676348433557,1000,50,
40001,high,moderate,Fog-only,1000,994,367.5222219419597,835.8686855497201,0.6,11.044444444444444,116.47784073125547,8.550947830503015,0.33599669292304407,0.11253001070590647,0.0,0.0,1.8372046740354686,20.88741769887341,42.33502537223326,283239.99999999994,2.008535923108899,0.10364444246515282,99.4,0.0,100.0,0.0,112.7,177.5999999999999,247.76199999999994,1.203125,100.66341425826785,1.195195899985265,nan,836.6829237050835,1000,50,
40001,high,moderate,DRL-OO-2025,1000,995,358.6835841489433,859.1235378472985,0.3,11.055555555555555,124.30974129997847,10.006330131668191,0.33295470687261547,0.1425674135966578,0.0,0.0,1.8406611605657537,19.922648714367842,40.59788498185651,256960.0,1.822176919933847,0.06993345762800675,99.7,0.0,96.4,3.6,4746.45,6979.235,7940.746,6.328125,99.23655850224132,6.376808200031519,nan,156.81826528749247,1000,50,502
40002,high,moderate,DT-KF-CostAware,1000,996,359.12682406659235,812.3202670671046,0.2,11.066666666666666,99.0432484313872,7.365084463978886,0.3303247309047617,0.11628678651342256,0.0,0.0,1.884994051072848,20.18610205886552,38.318301096775755,213160.00000000003,1.971194993038952,0.06447251025338929,99.8,0.0,99.9,0.1,781.8,1351.7299999999998,1747.8729999999996,1.96875,98.80075579860362,1.9926467000041157,nan,501.8451088183041,1000,50,
40002,high,moderate,DT-OPT,1000,996,359.21752424575146,799.6273371875338,0.2,11.066666666666666,99.13617849728051,7.353438979921761,0.3305118780709288,0.11781453604260256,0.0,0.0,1.8887689244943298,20.23953395653841,38.65016725349182,226300.00000000003,2.0927070131577916,0.06687116025657595,99.8,0.0,99.9,0.1,812.45,1411.6399999999999,1924.2699999999998,2.09375,99.253706934916,2.1094929999671876,nan,474.04755551004655,1000,50,
40002,high,moderate,SemiGreedy,1000,996,287.3227570270746,489.02588133644673,0.1,11.066666666666666,256.63322454903886,17.00829594584054,0.3375137883074893,0.08633756763795249,0.0,0.0,1.7138768839041703,20.594298419390604,39.96657569144987,201480.00000000006,1.8631843084888728,0.04180510824445914,99.9,0.0,67.1,32.9,765.95,1326.1049999999998,1675.6029999999998,1.96875,98.86976851458094,1.9912558000069112,nan,502.19564959787147,1000,50,
40002,high,moderate,Fog-only,1000,996,352.8122545861592,811.5277113848357,0.1,11.066666666666666,106.65372386047595,8.32009988639365,0.33594980076998743,0.11589919736427044,0.0,0.0,1.8638141127949548,19.581150308239998,37.52033291925804,243819.99999999997,2.25472303998291,0.08834615868935146,99.9,0.0,100.0,0.0,119.2,203.21999999999997,301.21999999999997,1.265625,97.97635144240712,1.291765799978748,nan,774.1341348535872,1000,50,
40002,high,moderate,DRL-OO-2025,1000,996,346.65973205700726,761.3858847615276,0.0,11.066666666666666,113.02903430176339,9.469649504231127,0.33134079793120946,0.12439470748926336,0.0,0.0,1.8295556518066531,19.01508939889186,36.75921161019721,251119.99999999997,2.32222971782671,0.06986160998881417,100.0,0.0,96.9,3.1,4860.75,7053.19,7954.512999999999,6.390625,98.6641988727568,6.477146799967159,nan,154.38896645125757,1000,50,503
40003,high,moderate,DT-KF-CostAware,1000,996,360.6716590653395,751.0887253320283,0.5,11.066666666666666,86.03339464246378,7.219901309630553,0.3346878561153918,0.12241376527768294,0.0,0.0,1.8711944510001368,20.626112312256996,39.125545708542866,176660.0,2.5720837911693923,0.06857427023372206,99.5,0.0,99.7,0.3,818.6,1401.695,1896.637,2.09375,99.74174569418479,2.09917120001046,nan,476.378486897599,1000,50,
40003,high,moderate,DT-OPT,1000,996,360.79248497611167,751.0887253320283,0.4,11.066666666666666,86.0028349165108,7.189153804471804,0.33440951249046214,0.12106856732416156,0.0,0.0,1.8753890720778672,20.28567017949724,38.703104555516475,178120.0,2.593340682005503,0.06796212828628342,99.6,0.0,99.7,0.3,792.95,1453.3299999999997,2001.8939999999996,2.0625,96.27335976805817,2.1423371999990195,nan,466.7799261481608,1000,50,
40003,high,moderate,SemiGreedy,1000,996,288.15166080511506,460.5129837502466,0.0,11.066666666666666,244.6767234078834,16.562849954731515,0.3355028992332244,0.07034176893501554,0.0,0.0,1.6822796781263458,23.156767824990304,45.8720449108913,156220.00000000003,2.2744873194638435,0.03468962371780082,100.0,0.0,65.6,34.4,817.75,1473.3199999999997,1792.858,2.125,99.79072593370938,2.129456399998162,nan,469.6034161586324,1000,50,
40003,high,moderate,Fog-only,1000,996,352.27219741795585,755.1809454467848,0.6,11.066666666666666,99.30209662645547,8.086954565383474,0.33382442319484057,0.1087581813995812,0.0,0.0,1.8434881291429788,21.02968681280628,42.46336342389872,176660.00000000003,2.5720837911693932,0.07458161733341888,99.4,0.0,100.0,0.0,114.8,195.48499999999993,273.0709999999999,1.203125,98.48501095950036,1.2216326000052504,nan,818.5767144685743,1000,50,
40003,high,moderate,DRL-OO-2025,1000,996,349.87735733043263,719.8094324054256,0.3,11.066666666666666,107.46159067908793,8.954136347729422,0.33255796592193726,0.13995509889468447,0.0,0.0,1.8288705938392762,20.904193430844085,42.72505164435732,164980.0,2.402028664480507,0.07000406032682567,99.7,0.0,97.1,2.9,4812.55,6916.279999999999,7810.822999999999,6.359375,99.55696241762556,6.387674800003879,nan,156.55148881395664,1000,50,504
40004,high,moderate,DT-KF-CostAware,1000,996,363.4141438574493,750.6449673372791,0.2,11.066666666666666,99.81486033904622,7.739782417108661,0.3331110827416926,0.11853132898762804,0.0,0.0,1.9936620338720106,19.638054851291415,38.20817879045191,289080.0,1.7931885631937068,0.07032077573393654,99.8,0.0,99.4,0.6,784.75,1372.9899999999986,1781.0329999999992,2.0,99.10791970402194,2.018002199998591,nan,495.53959852010973,1000,50,
40004,high,moderate,DT-OPT,1000,996,363.8589367328397,752.4684885129673,0.3,11.066666666666666,98.72351839202135,7.672769544307712,0.332811549288892,0.1170209774377856,0.0,0.0,2.005541493342745,19.242610126967286,37.76946333386956,290540.0,1.8022450710886244,0.07034057456655855,99.7,0.0,99.5,0.5,828.15,1604.0099999999998,2256.114,2.1875,99.61291899647898,2.196000299998559,nan,455.3733439839039,1000,50,
40004,high,moderate,SemiGreedy,1000,996,289.8116048494574,490.88955679680424,0.0,11.066666666666666,257.484547996042,17.721879009645455,0.3369642799858302,0.06459682922571533,0.0,0.0,1.8289841770158286,20.641588341088106,41.386227941640975,299299.99999999994,1.8565841184581302,0.044757199455007515,100.0,0.0,64.1,35.9,767.7,1351.6349999999998,1721.3069999999998,2.0,100.02903842971574,1.9994194000028074,nan,500.1451921485787,1000,50,
40004,high,moderate,Fog-only,1000,996,360.63869449102293,744.5899717497673,0.7,11.066666666666666,99.00136027764312,8.574236610937565,0.33953913738826846,0.10469715359204652,0.0,0.0,1.9623940520896457,18.484078268658017,36.905666846043445,370840.0,2.300353005309099,0.1193974706772962,99.3,0.0,100.0,0.0,118.1,201.3,266.9769999999999,1.25,98.08284139461311,1.2744329000124708,nan,784.6627311569049,1000,50,
40004,high,moderate,DRL-OO-2025,1000,996,350.4433656570836,718.3839290353546,0.5,11.066666666666666,115.68781367590428,9.97286680144322,0.33919361937526843,0.09780220946397682,0.0,0.0,1.959643406596593,18.93794122416954,36.87018206233184,319740.00000000006,1.9833752289869793,0.08147084536107982,99.5,0.0,96.4,3.6,4644.7,6719.099999999999,7425.573,6.15625,98.9761178847169,6.219934799999464,nan,160.77338945740817,1000,50,505
40005,high,moderate,DT-KF-CostAware,1000,996,371.08674589705726,835.8325141866474,0.0,11.066666666666666,88.48179497583988,7.529535386545112,0.3342885661312215,0.13287470867154222,0.0,0.0,1.8501538227082768,19.685596099901623,38.9137066323673,160600.0,2.4636088464113226,0.0634253205163479,100.0,0.0,100.0,0.0,810.5999999999999,1407.1149999999986,1787.0159999999998,2.078125,98.78589549624724,2.1036657000076957,nan,475.3607001323175,1000,50,
40005,high,moderate,DT-OPT,1000,996,371.34305214055524,836.1002742278829,0.0,11.066666666666666,88.62096255073226,7.528633142343353,0.33427821769661703,0.13192052980132452,0.0,0.0,1.8568607517862636,19.88850214867711,39.54017651110511,181040.0,2.7771590632273093,0.06874070595759915,100.0,0.0,100.0,0.0,784.0,1335.8949999999998,1739.3539999999996,1.9375,96.77366345839981,2.0020942999981344,nan,499.47697268851516,1000,50,
40005,high,moderate,SemiGreedy,1000,997,290.58600476441984,492.19255476004093,0.0,11.077777777777778,257.4690973776027,17.138025793384923,0.34399786271152494,0.07539204181335464,0.0,0.0,1.6826046275803535,22.37645266740607,44.8658715400495,134320.00000000003,2.0604728533621977,0.02793290019701907,100.0,0.0,67.4,32.6,789.8499999999999,1390.37,1812.206,2.046875,99.15897685505057,2.064235700003337,nan,484.44080295597223,1000,50,
40005,high,moderate,Fog-only,1000,996,355.2370567981101,778.2969559980031,0.1,11.066666666666666,111.7188433888481,8.42510369391303,0.34339177879767063,0.1139802835673415,0.0,0.0,1.7822566546977947,19.982417916427412,39.236831436639065,162059.99999999997,2.486005290469607,0.06066691220412396,99.9,0.0,100.0,0.0,113.5,190.60999999999999,254.65399999999994,1.203125,100.24328341866139,1.2002051000017673,nan,833.1909271161467,1000,50,
40005,high,moderate,DRL-OO-2025,1000,996,356.23640611945075,842.1906746462678,0.4,11.066666666666666,110.45673391237443,8.91588038139406,0.3345895220662162,0.13124336941860545,0.0,0.0,1.748872713235633,19.317629203741415,38.707864704948406,169360.0,2.597987510761031,0.06336412668777285,99.6,0.0,97.3,2.7,4858.5,7066.5199999999995,7830.883,6.53125,100.19893429322835,6.518282899982296,nan,153.41463623843575,1000,50,501
40006,high,moderate,DT-KF-CostAware,1000,992,364.65129424252115,746.5672317761707,0.4,11.022222222222222,87.83324418035073,7.296196832672037,0.3333147468888093,0.11275003587727103,0.0,0.0,1.9327818564675716,20.717457500920716,39.52934241931004,160600.0,2.256897308642933,0.05981483125182854,99.6,0.0,99.9,0.1,779.75,1267.8799999999999,1650.5089999999996,1.96875,99.81420741751958,1.9724146000226028,nan,506.9927995810518,1000,50,
40006,high,moderate,DT-OPT,1000,992,364.8773807909803,772.1388392151498,0.4,11.022222222222222,87.83421751778648,7.273966121560274,0.3334129809439839,0.11201827275682519,0.0,0.0,1.9367618035468774,20.718554249800338,39.52934241931004,167900.0,2.3594835499448843,0.06124366711628498,99.6,0.0,99.9,0.1,810.0,1458.945,1898.7219999999995,2.0625,98.26444269508603,2.098928099963814,nan,476.43366155193223,1000,50,
40006,high,moderate,SemiGreedy,1000,995,286.2326744124789,454.0359072002146,0.0,11.055555555555555,255.49622765341078,17.899566480459917,0.335812213675813,0.06192434286064206,0.0,0.0,1.601394903536063,21.306364128830698,40.68032924123647,127020.00000000013,1.7850005986539579,0.023817151802340276,100.0,0.0,64.0,36.0,794.4,1497.0099999999998,1873.218,2.046875,96.69090479875476,2.116926099988632,nan,472.3830463450614,1000,50,
40006,high,moderate,Fog-only,1000,992,356.3649137237764,754.0138449736559,0.0,11.022222222222222,86.00057564327516,8.66709614994602,0.3395002142751806,0.10503180634419161,0.0,0.0,1.748296362322394,20.93020692063078,39.533876904138346,169359.99999999994,2.3800007982052738,0.06707323622509527,100.0,0.0,100.0,0.0,119.0,213.6949999999999,298.91999999999996,1.3125,100.30519527600006,1.3085064999759197,nan,764.2300592457148,1000,50,
40006,high,moderate,DRL-OO-2025,1000,992,352.5249601616423,745.583642713476,0.0,11.022222222222222,96.88572777580654,9.754502166727375,0.3384603582245265,0.11605320012488292,0.0,0.0,1.7668068063130589,20.707160040899975,39.799627748503184,160600.0,2.256897308642933,0.05530275455214932,100.0,0.0,97.2,2.8,4649.450000000001,6482.12,7085.8330000000005,6.078125,99.42200493442346,6.113460500026122,nan,163.57347855534965,1000,50,502
40007,high,moderate,DT-KF-CostAware,1000,994,363.0138351913093,817.9091355990165,0.1,11.044444444444444,94.09162621355544,7.182925947126002,0.3236095138949454,0.10652003074158665,0.0,0.0,1.91935158570226,17.162615350331972,33.90880109791711,292000.0,1.9176457824533308,0.069655506722318,99.9,0.0,99.8,0.2,787.45,1102.3149999999998,1443.531,1.90625,98.95807079824223,1.9263208999764174,nan,519.1243058268444,1000,50,
40007,high,moderate,DT-OPT,1000,994,363.04524850646175,817.9091355990165,0.1,11.044444444444444,94.10731032225227,7.1823089262772815,0.32343155199869866,0.10655117155355363,0.0,0.0,1.920634268816685,17.267936860039434,34.19212125563255,290540.0,1.9080575535410642,0.06925200989453559,99.9,0.0,99.8,0.2,776.3,1069.06,1298.4009999999998,1.875,99.75858422747764,1.879537499975413,nan,532.0457825465475,1000,50,
40007,high,moderate,SemiGreedy,1000,996,292.6847448346063,498.1433282581474,0.0,11.066666666666666,263.2953933153971,18.08218669051602,0.33717860715961745,0.09156913740788904,0.0,0.0,1.7244548098685692,20.590493026689384,44.2346219942258,283240.0,1.860116408979731,0.0391332677112232,100.0,0.0,65.3,34.7,778.9,1168.59,1540.6939999999997,1.96875,100.02373134502484,1.9682828999939375,nan,508.05704810171346,1000,50,
40007,high,moderate,Fog-only,1000,994,360.511890319314,805.9265596723152,0.3,11.044444444444444,96.84021630951662,8.687503099722443,0.33541790367427493,0.12174378057345639,0.0,0.0,1.822947912839359,17.736846931918073,34.10893695825238,296380.00000000006,1.9464104691901314,0.09981332069238603,99.7,0.0,100.0,0.0,112.6,147.2,208.35699999999997,1.15625,101.09537107723112,1.1437220000079833,nan,874.3383444517285,1000,50,
40007,high,moderate,DRL-OO-2025,1000,994,352.7634723372496,803.2345516547347,0.1,11.044444444444444,104.66425967927083,9.870088642010394,0.33132809489095116,0.13795792170315513,0.0,0.0,1.7876912016549353,17.299552146107636,34.169229289020315,281780.0,1.8505281800674644,0.06988319877392894,99.9,0.0,97.4,2.6,4685.85,5986.855,6663.121,6.0625,99.90540914675022,6.068239999993239,nan,164.79242745855706,1000,50,503
40008,high,moderate,DT-KF-CostAware,1000,996,360.28370355322596,753.2665608331865,0.1,11.066666666666666,89.59272265110889,7.311260886015513,0.3190585838614794,0.11997700352247632,0.0,0.0,1.9334127114731992,18.381347588485426,37.10366005681515,220460.0,1.868196001097902,0.06567385565984692,99.9,0.0,99.7,0.3,779.4,1121.4499999999998,1459.24,1.890625,99.54071617354207,1.8993484000093304,nan,526.4963500088176,1000,50,
40008,high,moderate,DT-OPT,1000,996,360.5736762701058,756.4224920000182,0.1,11.066666666666666,89.52217751576258,7.312789699882155,0.31916360740867245,0.11988364812371961,0.0,0.0,1.9385842512895657,18.54893910383469,36.753848449915715,223380.0,1.8929403189932383,0.06899041943096386,99.9,0.0,99.7,0.3,804.3,1197.1499999999999,1571.666,1.953125,98.28475644648995,1.9872104999958538,nan,503.21795300602855,1000,50,
40008,high,moderate,SemiGreedy,1000,996,289.61999720615694,479.33982704423653,0.0,11.066666666666666,244.096185359453,17.29308310718018,0.33018580158719646,0.0736074923844708,0.0,0.0,1.6794694907260204,20.05168361152789,40.33825973179718,200020.0,1.6949857758305469,0.04101088019922982,100.0,0.0,67.7,32.3,769.6,1110.7299999999998,1529.7150000000001,1.921875,100.31124082500988,1.91591189999599,nan,521.9446677073685,1000,50,
40008,high,moderate,Fog-only,1000,995,354.8095336020664,747.1187886538534,0.3,11.055555555555555,93.10210003467124,8.738609779565879,0.3271852736634364,0.108588115934081,0.0,0.0,1.8404383518080207,19.416794442377743,37.620302727583784,278859.9999999999,2.36308235900463,0.10322781594535348,99.7,0.0,100.0,0.0,116.8,175.825,260.67699999999996,1.1875,99.4395877894234,1.1941924000275321,nan,837.3860024372497,1000,50,
40008,high,moderate,DRL-OO-2025,1000,995,350.69000140254644,742.2098240881056,0.1,11.055555555555555,98.47155894931723,9.17115095147222,0.3205999505478345,0.11991124037810597,0.0,0.0,1.8791919647149442,19.01702245817385,36.55586200994432,216080.00000000006,1.831079524254898,0.06125229564349215,99.9,0.0,98.3,1.7,4971.75,7714.214999999999,10132.380999999998,6.609375,98.18540521168956,6.73152490000939,nan,148.55475020208348,1000,50,504
40009,high,moderate,DT-KF-CostAware,1000,996,387.26507661215703,942.7799526206775,0.5,11.066666666666666,100.37313177711287,7.1954399349763465,0.33884037071134515,0.12564805472532634,0.0,0.0,1.7468514058902511,18.410005741030663,35.96118573647282,220459.99999999997,2.178317510082104,0.07422925728269948,99.5,0.0,99.9,0.1,1009.15,2097.2549999999997,2599.162,2.6875,100.16758829588314,2.6830035999882966,nan,372.7166076125884,1000,50,
40009,high,moderate,DT-OPT,1000,996,385.65697425474343,924.7019012429446,0.6,11.066666666666666,100.4611658725536,7.190512200142989,0.33909190664323835,0.1242789804359697,0.0,0.0,1.747272190981766,18.70179071348896,36.58668960745852,218999.99999999997,2.163891566306726,0.06924667374824697,99.4,0.0,99.9,0.1,895.7,1697.215,2060.7429999999995,2.3125,99.7778007687238,2.317649800039362,nan,431.4715708917785,1000,50,
40009,high,moderate,SemiGreedy,1000,996,293.24825901547894,499.30797484166544,0.0,11.066666666666666,280.31565213796875,18.36952817797827,0.33727857304386827,0.06788038472935203,0.0,0.0,1.6652524579792518,19.134076570184924,36.450006987970966,181040.00000000003,1.788817028146894,0.03113245794859473,100.0,0.0,65.4,34.6,800.2,1465.71,2097.3709999999996,2.09375,98.50915364654175,2.125437000009697,nan,470.491480102886,1000,50,
40009,high,moderate,Fog-only,1000,996,372.1675678345724,919.0207574228408,0.3,11.066666666666666,113.11897585289077,8.229408658639379,0.33837853837563536,0.11299102464804775,0.0,0.0,1.7473121999856678,18.761708392551505,36.888769847997345,229219.99999999988,2.2648731727343723,0.07874502243484924,99.7,0.0,100.0,0.0,113.8,195.88499999999993,297.5829999999999,1.1875,98.38943740775751,1.2069384999922477,nan,828.5426308021686,1000,50,
40009,high,moderate,DRL-OO-2025,1000,996,365.78713221045575,883.1585046176009,0.0,11.066666666666666,121.64753764010355,9.813771094917898,0.3379807964573156,0.12842935571401526,0.0,0.0,1.7737913345563276,19.087503116077897,37.15567433593427,223380.0,2.207169397632861,0.0752508149321005,100.0,0.0,96.1,3.9,4794.9,6952.299999999999,7782.068,6.390625,99.42034119823833,6.427884800010361,nan,155.5721720461431,1000,50,505
