seed,load,qos_regime,algorithm,arrived_tasks,completed_tasks,mean_latency_ms,p95_latency_ms,dmr_pct,throughput_tasks_s,energy_j,monetary_cost,run_cost_index,fairness,rejection_rate_pct,network_failure_rate_pct,mean_packet_loss_pct,mean_jitter_ms,p95_jitter_ms,retransmission_bytes,retransmission_overhead_pct,retransmission_energy_j,sla_success_pct,local_pct,fog_pct,cloud_pct,decision_median_us,decision_p95_us,decision_p99_us,cpu_s,cpu_utilization_pct,wall_s,peak_memory_kib,simulator_throughput_tasks_s,sensitivity_type,configured_loss_pct,configured_jitter_ms
30000,high,moderate,DT-KF-CostAware,1588,1579,449.898926306441,1059.7600806668625,14.483627204030226,17.544444444444444,197.01848967298514,15.446709337604903,0.3728854321061713,0.9525288892434941,0.0,0.0,0.0,19.543093160408027,38.241562467508764,2.0901325115119107e-10,1.071756804935507e-15,0.0,85.51637279596977,0.0,95.90680100755668,4.093198992443325,186.9,339.73999999999984,507.20799999999997,1.0625,98.97810809185324,1.0734697000007145,nan,1815.6078369037364,loss,0.0,8.0
30001,high,moderate,DT-KF-CostAware,1574,1562,441.10795051807855,972.8388410557112,14.294790343074968,17.355555555555554,189.4345223852468,16.93619401674636,0.3890329847897225,0.9213537013320107,0.44472681067344344,0.0,0.0,19.259272902888437,39.9864895427327,5.034337391407462e-10,2.534153224150292e-15,0.0,85.70520965692504,0.0,93.83735705209656,5.717916137229987,185.7,312.76,476.7879999999999,1.0625,100.20901950921142,1.0602838000049815,nan,1838.1870966913227,loss,0.0,8.0
30002,high,moderate,DT-KF-CostAware,1626,1607,454.70819739530174,1011.3205055000215,16.482164821648215,17.855555555555554,193.75012199451524,16.039177099536435,0.3863002807496675,0.9222084500970037,0.6765067650676507,0.0,0.0,20.25317452639249,40.4860315354628,2.7540636438061483e-11,1.4916721197412114e-16,0.0,83.51783517835179,0.0,91.5129151291513,7.810578105781058,180.95,328.82999999999987,489.69000000000017,1.0625,98.76877861935012,1.0757447999785654,nan,1862.8953633240249,loss,0.0,8.0
30003,high,moderate,DT-KF-CostAware,1611,1581,448.7445308240708,970.5556372909878,15.021725636250777,17.566666666666666,213.9866388034492,18.62143657898103,0.40462828469821915,0.9191930961091821,1.303538175046555,0.0,0.0,20.39229646343724,40.896176013332735,4.260414243617561e-11,3.6297322877916884e-16,0.0,84.97827436374922,0.0,85.97144630664184,12.725015518311608,184.4,356.94999999999993,539.3029999999998,1.09375,99.18602619100119,1.1027259000111371,nan,1781.0409640148694,loss,0.0,8.0
30004,high,moderate,DT-KF-CostAware,1616,1600,444.99825594369065,1014.8881030081516,15.841584158415841,17.77777777777778,190.0095770911175,16.15857060023563,0.380332956734072,0.9242920800736462,0.24752475247524752,0.0,0.0,19.71705152955106,38.08309449704656,1.4381384971784428e-11,1.0136487539089684e-16,0.0,84.15841584158416,0.0,93.37871287128714,6.373762376237623,185.2,307.2799999999999,510.48599999999914,1.03125,97.2260431732665,1.0606725999969058,nan,1851.655261016198,loss,0.0,8.0
30005,high,moderate,DT-KF-CostAware,1638,1626,447.848356448589,1047.522682610272,14.835164835164836,18.066666666666666,180.45520273087334,16.820162365400922,0.3912231133653604,0.9096892439087978,0.3052503052503053,0.0,0.0,19.696618596181317,38.88785370061794,9.00968188943807e-12,7.97399191105815e-17,0.0,85.16483516483517,0.0,91.08669108669109,8.608058608058608,181.6,313.125,459.65,1.03125,98.63914801482704,1.0454773999517784,nan,1890.0456385677405,loss,0.0,8.0
30006,high,moderate,DT-KF-CostAware,1607,1587,460.4405884290845,1049.9147913323661,14.996888612321095,17.633333333333333,201.1983883206249,18.628654959062914,0.40085479221313125,0.9050035739162464,0.7467330429371499,0.0,0.0,20.818871103347814,40.531354331305806,2.8961721909581684e-11,1.4368671089358682e-16,0.0,85.0031113876789,0.0,88.0522713130056,11.20099564405725,183.1,335.5,462.7,1.078125,100.46227789962427,1.0731640000012703,nan,1817.9886764722733,loss,0.0,8.0
30007,high,moderate,DT-KF-CostAware,1598,1575,461.8989822387517,1043.9942454845927,15.644555694618273,17.5,205.67618265541046,17.860589823505723,0.40371475361753034,0.9204407919312664,1.0012515644555695,0.0,0.0,20.622138423702136,39.96122201041462,8.236611392931081e-11,4.758442831940925e-16,0.0,84.35544430538172,0.0,88.29787234042553,10.700876095118899,187.2,323.1899999999999,481.01599999999996,1.078125,100.93168428644039,1.0681730000069365,nan,1818.993739766295,loss,0.0,8.0
30008,high,moderate,DT-KF-CostAware,1645,1627,465.06744646668034,1024.2659817131348,16.048632218844986,18.07777777777778,222.94609048925048,19.199260351861884,0.3957715476643684,0.9467337231705976,0.729483282674772,0.0,0.0,20.378594213535894,39.21431481962745,1.610089839232387e-10,5.252672700223197e-16,0.0,83.95136778115501,0.0,89.17933130699087,10.091185410334347,179.5,306.6,454.1,1.03125,98.38970987686646,1.04812790005235,nan,1890.0365116710057,loss,0.0,8.0
30009,high,moderate,DT-KF-CostAware,1702,1683,449.6634214839519,1015.8612634112881,17.09753231492362,18.7,201.53971390578624,18.298293328759804,0.3834283865046601,0.9399132549328699,0.5287896592244419,0.0,0.0,19.39634825415182,37.56606669262786,4.760636329592671e-10,2.2376029533880635e-15,0.0,82.90246768507637,0.0,93.83078730904818,5.640423031727379,192.14999999999998,330.15000000000003,498.5250000000001,1.15625,94.6330439509137,1.2218248000135645,nan,1682.7289804374363,loss,0.0,8.0
30010,high,moderate,DT-KF-CostAware,1602,1587,456.4122709696412,967.6648023527487,13.233458177278402,17.633333333333333,204.39295493329826,18.457505196438575,0.395174205361434,0.9300227333202217,0.6242197253433208,0.0,0.0,18.940841558772853,36.232106285361105,4.391154106997419e-11,3.035986346351793e-16,0.0,86.76654182272159,0.0,87.01622971285893,12.359550561797754,183.6,315.71,492.51999999999936,1.0625,99.4325931703322,1.0685631000087596,nan,1840.7897483862912,loss,0.0,8.0
30011,high,moderate,DT-KF-CostAware,1585,1568,444.34601025276015,1016.3549638196762,12.74447949526814,17.42222222222222,171.99751723174126,15.12019068206577,0.37870373823507375,0.9428812913334698,0.31545741324921134,0.0,0.0,19.779011298025193,38.99065355594063,1.135163074650336e-10,7.246954352089179e-16,0.0,87.25552050473186,0.0,92.87066246056783,6.813880126182966,187.7,296.8999999999995,473.78000000000054,1.046875,100.73761828083086,1.0392096000141464,nan,1860.0674974265892,loss,0.0,8.0
30012,high,moderate,DT-KF-CostAware,1650,1628,460.0850250596041,1027.6915867161824,15.818181818181818,18.08888888888889,202.54520532823972,19.60774200132675,0.39858116723314213,0.9116385699322122,0.9090909090909091,0.0,0.0,19.24223408476442,40.12889467254014,6.752998160663992e-11,3.2620383937453822e-16,0.0,84.18181818181819,0.0,90.54545454545455,8.545454545454545,181.9,294.43999999999994,434.45599999999973,1.0625,99.004937481287,1.0731787999975495,nan,1879.4631425859377,loss,0.0,8.0
30013,high,moderate,DT-KF-CostAware,1650,1625,451.77015665420146,1036.9408467817027,16.545454545454547,18.055555555555557,205.03682306543632,16.67321649658252,0.3942687100716844,0.8871426909579727,0.9090909090909091,0.0,0.0,20.363909179195154,40.212492990393415,5.92621063333354e-10,3.104587581951462e-15,0.0,83.45454545454545,0.0,90.42424242424242,8.666666666666666,187.7,316.8699999999996,491.51900000000006,1.078125,98.30809320868791,1.0966798000154085,nan,1809.0968758357037,loss,0.0,8.0
30014,high,moderate,DT-KF-CostAware,1646,1633,434.1651769134347,995.0737990761454,15.795868772782503,18.144444444444446,152.58352890333194,15.146861610690074,0.3781979298404023,0.9247670249207979,0.3037667071688943,0.0,0.0,19.091667132928592,38.22848230692562,3.8397729440475814e-11,3.901783600634099e-16,0.0,84.2041312272175,0.0,93.74240583232078,5.953827460510328,186.3,307.1899999999995,437.964,1.0625,99.61833753995462,1.066570699971635,nan,1855.4794352147785,loss,0.0,8.0
30015,high,moderate,DT-KF-CostAware,1582,1571,448.77983213380406,1026.3284925240932,14.72819216182048,17.455555555555556,161.02128592819662,15.367077080052129,0.3756655238207446,0.9293481891173366,0.18963337547408343,0.0,0.0,20.297116880686193,41.784523208062524,2.1032064978498966e-11,1.4037934864436407e-16,0.0,85.27180783817953,0.0,94.81668773704172,4.993678887484197,182.2,297.96999999999997,442.17999999999995,1.015625,100.50305707425235,1.010541399999056,nan,1902.9403446526746,loss,0.0,8.0
30016,high,moderate,DT-KF-CostAware,1590,1574,442.7766745319081,1040.258753483096,13.270440251572326,17.488888888888887,184.23092678276035,16.65912153327551,0.38412157509725914,0.9478463812439881,0.5031446540880503,0.0,0.0,19.223169815198165,37.68197443285796,7.264588930411264e-11,4.098485280223774e-16,0.0,86.72955974842768,0.0,92.76729559748428,6.729559748427673,184.25,328.575,449.6950000000008,1.046875,100.34718328609036,1.0432529999525286,nan,1855.7339399820505,loss,0.0,8.0
30017,high,moderate,DT-KF-CostAware,1631,1619,448.41703065563655,1005.7950318383837,15.818516247700797,17.988888888888887,181.05095106272893,16.46198252816197,0.3829355021043984,0.9525449240229995,0.24524831391784183,0.0,0.0,20.524687783550835,39.712519716680326,3.9051428757375106e-11,1.7411407937204903e-16,0.0,84.1814837522992,0.0,93.62354383813611,6.131207847946046,181.5,316.53,446.93700000000007,1.0625,98.63819870813217,1.0771688999957405,nan,1864.1459106440414,loss,0.0,8.0
30018,high,moderate,DT-KF-CostAware,1588,1558,446.65515196445676,981.6001745962876,13.602015113350125,17.31111111111111,212.45087559870512,19.641461823396057,0.40895675806685766,0.925687929558725,1.3224181360201512,0.0,0.0,20.060430889128575,40.749848980797836,8.768097359279636e-12,9.179964739275497e-17,0.0,86.39798488664988,0.0,83.75314861460957,14.924433249370278,179.2,298.0299999999999,434.57599999999985,1.03125,100.67422689294908,1.0243435999727808,nan,1896.8244640290914,loss,0.0,8.0
30019,high,moderate,DT-KF-CostAware,1588,1568,455.34711413858355,1019.5864232261084,14.987405541561714,17.42222222222222,188.52158030981877,18.03587860321209,0.3924530560402661,0.9513731731176359,0.818639798488665,0.0,0.0,20.102399999177752,40.46124839569333,5.967422112007625e-10,2.8292880877795895e-15,0.0,85.01259445843829,0.0,91.30982367758186,7.871536523929471,183.6,308.5999999999999,500.5319999999957,1.046875,99.66215541232965,1.0504237999557517,nan,1844.0176242023406,loss,0.0,8.0
30000,high,moderate,DT-KF-CostAware,1588,1574,462.7848923973916,1123.9777296059679,16.49874055415617,17.488888888888887,192.12783612168224,15.16345169649138,0.37617053928572936,0.9530662432453028,0.2518891687657431,0.0,1.1741660033338888,19.48093613633329,39.97514993473595,232140.0000000003,1.1904314419127777,0.06202845378140071,83.50125944584383,0.0,96.15869017632242,3.5894206549118386,189.2,354.03999999999996,550.1559999999997,1.09375,99.15586740248541,1.1030613000039011,nan,1766.9008966166314,loss,1.0,8.0
30001,high,moderate,DT-KF-CostAware,1574,1564,456.6250163558826,1078.659525857898,15.56543837357052,17.377777777777776,183.90199658392058,16.675357393758244,0.3912382546625675,0.9298253551324874,0.3176620076238882,0.0,1.2338105404397763,18.987215828905057,37.37716205020553,289080.0000000001,1.4547805705972687,0.07192716746587115,84.43456162642948,0.0,93.64675984752223,6.035578144853876,182.6,309.6199999999999,453.8559999999995,1.03125,99.48670167872841,1.0365707000019029,nan,1880.2383667572526,loss,1.0,8.0
30002,high,moderate,DT-KF-CostAware,1626,1607,449.34692632608613,971.0917764886816,16.482164821648215,17.855555555555554,196.5915423724075,16.171652643676644,0.3860922801578687,0.9216429917137665,0.7380073800738007,0.0,1.2572880732548661,20.606105856131908,40.71072495249347,210240.00000000012,1.1380051555574133,0.05192491443510181,83.51783517835179,0.0,91.88191881918819,7.380073800738008,179.7,307.24499999999983,477.97400000000016,1.0,95.1848551724538,1.0505873000365682,nan,1907.5044976559739,loss,1.0,8.0
30003,high,moderate,DT-KF-CostAware,1611,1583,456.86100187229215,972.9153919018777,15.083798882681565,17.58888888888889,206.54444595855924,18.24284109460335,0.4053386935571721,0.924815683710927,1.1793916821849784,0.0,1.2233526399827646,20.48705611536577,41.337872561194324,189800.00000000006,1.6172966554083625,0.05842039564849833,84.91620111731844,0.0,86.40595903165736,12.414649286157665,188.6,321.0,452.1839999999996,1.078125,98.38705011439147,1.095799700007774,nan,1792.2983552432684,loss,1.0,8.0
30004,high,moderate,DT-KF-CostAware,1616,1600,446.1146883353168,991.9926411537574,14.851485148514852,17.77777777777778,192.28716633544067,16.25886814073669,0.3798484224045522,0.9184071662519302,0.3094059405940594,0.0,1.2194813509329334,19.83529042447906,39.08683599505912,232140.00000000006,1.636239454558655,0.05769377594100616,85.14851485148515,0.0,93.31683168316832,6.373762376237623,185.4,309.5799999999999,493.61399999999975,1.0625,100.28621922762868,1.0594676000182517,nan,1853.7612664758844,loss,1.0,8.0
30005,high,moderate,DT-KF-CostAware,1638,1624,460.40003496338886,1111.5641269868413,15.628815628815628,18.044444444444444,182.61192331917536,16.91825260849376,0.3937773714463425,0.9042509830248393,0.3663003663003663,0.0,1.168997527491849,19.37479452883544,39.123518786463016,137240.0,1.2141583747688618,0.04512114666269135,84.37118437118437,0.0,90.78144078144078,8.852258852258853,183.5,311.70000000000005,498.35,1.03125,97.63215630264872,1.056260600045789,nan,1870.750456766389,loss,1.0,8.0
30006,high,moderate,DT-KF-CostAware,1607,1588,461.9063297728858,1074.1296876782799,15.68139390168015,17.644444444444446,199.60856660154874,18.54425724143397,0.40158286428469636,0.9089433826181031,0.6845052893590542,0.0,1.1708014142321337,20.713814006122377,41.44197715126162,286159.99999999994,1.4195593611546329,0.06475162327598095,84.31860609831985,0.0,88.79900435594276,10.516490354698195,189.7,340.4,511.75,1.125,96.36053538704027,1.167490399966482,nan,1671.1058181343608,loss,1.0,8.0
30007,high,moderate,DT-KF-CostAware,1598,1580,471.54684503707404,1131.674744781377,17.083854818523154,17.555555555555557,205.33858241002605,17.886969030603865,0.40320984810064087,0.9193518791053618,0.688360450563204,0.0,1.1946647204305727,19.92695279174808,38.290126367357665,201480.0000000005,1.1632459318868382,0.060203565024794244,82.91614518147685,0.0,88.36045056320401,10.951188986232792,183.2,329.4,493.33799999999917,1.0625,99.93693391763088,1.0631704999832436,nan,1827.5525891948876,loss,1.0,8.0
30008,high,moderate,DT-KF-CostAware,1645,1624,471.3515273393657,1056.3515818877404,16.778115501519757,18.044444444444444,225.01396375554083,19.24790261763537,0.3991914571140974,0.941106967654449,0.9726443768996961,0.0,1.1965024904451989,20.391836743165452,40.92161764926367,359159.9999999995,1.1714204715870833,0.07587372446305737,83.22188449848025,0.0,87.90273556231003,11.124620060790274,182.4,314.9,498.5,1.046875,97.88487327441952,1.0694961999543011,nan,1852.2739960035826,loss,1.0,8.0
30009,high,moderate,DT-KF-CostAware,1702,1685,465.76719379897986,1113.719439554679,17.861339600470036,18.72222222222222,199.6136016849712,18.184189401408627,0.38477467278001826,0.9439743465794935,0.4112808460634548,0.0,1.1754693419065931,19.483478196161524,38.57582532115994,277400.0,1.3041886505592002,0.07640973173324055,82.13866039952997,0.0,93.41950646298473,6.169212690951821,182.3,326.075,542.4200000000001,1.109375,100.04762605233307,1.1088468999951147,nan,1854.1784262634078,loss,1.0,8.0
30010,high,moderate,DT-KF-CostAware,1602,1591,453.85459167853605,1016.96752326484,12.359550561797754,17.677777777777777,201.04741955177414,18.31615629999692,0.3951051011880496,0.9365628620706573,0.4369538077403246,0.0,1.2023478133287093,18.674721501148063,36.883597506727256,227759.99999999997,1.5740677453158938,0.06973336317133698,87.64044943820225,0.0,88.20224719101124,11.36079900124844,181.2,333.8,492.6239999999997,1.078125,101.03383678925208,1.0670929999905638,nan,1843.3257457572995,loss,1.0,8.0
30011,high,moderate,DT-KF-CostAware,1585,1569,448.75840610934597,999.0442986205152,14.447949526813881,17.433333333333334,174.97447002906534,15.258345044965196,0.3805771012704633,0.9433454693981028,0.1892744479495268,0.0,1.230546186250088,20.184745195244624,39.320617026618145,201480.0000000005,1.285980962911758,0.06088915199073124,85.55205047318611,0.0,93.1230283911672,6.687697160883281,180.2,308.61999999999995,457.9920000000004,1.0,98.14150415426828,1.0189368999563158,nan,1897.0752753020058,loss,1.0,8.0
30012,high,moderate,DT-KF-CostAware,1650,1633,464.01379673434457,1061.1032593537298,16.0,18.144444444444446,204.4619761887654,19.729413080746905,0.3980057627761441,0.9054108870728377,0.6060606060606061,0.0,1.19607078471824,19.583529849989414,39.62512606095072,259880.00000000044,1.2549727716591357,0.06669043420726949,84.0,0.0,90.24242424242425,9.151515151515152,183.1,302.01999999999987,482.3159999999994,1.078125,99.9655724332775,1.0784963000332937,nan,1870.1964948212935,loss,1.0,8.0
30013,high,moderate,DT-KF-CostAware,1650,1626,453.64493543954313,999.8780297701089,17.575757575757574,18.066666666666666,207.24599051688483,16.787519680928913,0.3955683523015803,0.8787046418846178,0.8484848484848485,0.0,1.1666497969807428,19.698915093612534,39.313961855489495,237980.0,1.2467381697917197,0.059341852280844216,82.42424242424242,0.0,90.9090909090909,8.242424242424242,199.8,468.1549999999998,862.9670000000026,1.328125,99.47709781929095,1.3351062999572605,nan,1486.0239967885043,loss,1.0,8.0
30014,high,moderate,DT-KF-CostAware,1646,1637,439.9980300762624,1033.1913472104002,15.552855407047387,18.18888888888889,150.91189347076846,15.08851432230529,0.3784950604272873,0.9248018075911192,0.12150668286755771,0.0,1.2096035472786446,19.851927478062407,38.53319371749806,151840.00000000003,1.5426487412996148,0.06274925753204272,84.44714459295261,0.0,93.07411907654921,6.804374240583232,195.8,370.27999999999986,588.3540000000002,1.15625,100.02743239058681,1.1559328999719582,nan,1712.03709146786,loss,1.0,8.0
30015,high,moderate,DT-KF-CostAware,1582,1570,453.8163663524978,994.1889133478553,15.929203539823009,17.444444444444443,161.8461049149371,15.379497002962616,0.37825321205599916,0.9227716484115742,0.2528445006321112,0.0,1.2082786683007154,20.29546479729898,41.33471598393041,239440.00000000003,1.5973954928149228,0.06473111762407004,84.070796460177,0.0,94.62705436156763,5.120101137800253,186.9,355.5299999999999,532.3819999999998,1.0625,98.56631240163186,1.0779544999822974,nan,1783.9342941020054,loss,1.0,8.0
30016,high,moderate,DT-KF-CostAware,1590,1575,442.9925535493589,1008.1922092940993,14.025157232704403,17.5,185.27292538299469,16.757300802783654,0.38308297871621766,0.9465646030795251,0.18867924528301888,0.0,1.2085795676695426,19.33190720340938,38.621606387613625,242360.0,1.367143297782493,0.061600032830384885,85.9748427672956,0.0,92.76729559748428,7.044025157232705,193.64999999999998,366.6,533.8350000000005,1.140625,100.14288001955278,1.1389976000064053,nan,1699.740192594886,loss,1.0,8.0
30017,high,moderate,DT-KF-CostAware,1631,1619,450.081749616888,1039.5037495308509,14.347026364193747,17.988888888888887,181.07736036018744,16.435018904576513,0.3837021750019697,0.959546665093465,0.24524831391784183,0.0,1.146628848909506,20.52227366485453,41.90295635427812,270100.00000000006,1.204310387839221,0.07196677365791657,85.65297363580625,0.0,92.94911097486205,6.805640711220111,184.0,311.62999999999994,483.2310000000004,1.078125,100.27796470464065,1.075136500003282,nan,1867.6698261047507,loss,1.0,8.0
30018,high,moderate,DT-KF-CostAware,1588,1554,449.4695476922365,951.9938775743701,15.4911838790932,17.266666666666666,212.1704432204945,19.621759050174433,0.4129555266188393,0.927400468384075,1.5743073047858942,0.0,1.1166047761106688,20.55914299805047,42.17928767399428,110960.0,1.161187374787248,0.03356551047189626,84.5088161209068,0.0,83.62720403022671,14.798488664987406,180.0,287.39,441.81599999999963,1.0,98.67770883415312,1.013400099996943,nan,1917.307882647595,loss,1.0,8.0
30019,high,moderate,DT-KF-CostAware,1588,1568,463.7159300886834,1039.1460506713463,16.120906801007557,17.42222222222222,185.45724477116283,17.837600483413418,0.3947557426972606,0.9515064621089561,0.818639798488665,0.0,1.2751109454664016,21.045076830287673,42.46438605021282,255500.00000000017,1.211691978698693,0.06613257702336531,83.87909319899245,0.0,91.49874055415617,7.682619647355164,185.6,329.3999999999998,531.9439999999956,1.0625,101.09462885410944,1.0509955000015907,nan,1843.014551439153,loss,1.0,8.0
30000,high,moderate,DT-KF-CostAware,1588,1575,459.9839739738016,1143.7249587130293,15.302267002518892,17.5,193.47714329903727,15.228702668432769,0.37594116029904545,0.9499593368574724,0.1889168765743073,0.0,3.516743226732798,19.46838272726719,39.4905876705356,722699.9999999997,3.705982040627448,0.18686292890552206,84.69773299748111,0.0,95.71788413098237,4.093198992443325,185.8,323.35999999999996,540.636,1.0625,99.3585412558432,1.0693595000193454,nan,1822.5863238365969,loss,3.0,8.0
30001,high,moderate,DT-KF-CostAware,1574,1565,457.2146217144514,1072.6628336535923,15.56543837357052,17.38888888888889,182.56571841154235,16.5950727358637,0.3923397939781709,0.9279420720754626,0.1905972045743329,0.06353240152477764,3.6935471814807572,18.719708299947204,36.67122936699619,886220.0,4.459478560743072,0.22295892486734026,84.43456162642948,0.0,93.90088945362135,5.844980940279543,186.6,301.65999999999974,485.65599999999984,1.046875,99.53786855064507,1.051735400047619,nan,1853.1276972437706,loss,3.0,8.0
30002,high,moderate,DT-KF-CostAware,1626,1606,455.0392663166414,1031.455005908197,16.851168511685117,17.844444444444445,196.28161208018517,16.12650022151779,0.38760096728505716,0.9202015223380006,0.7995079950799509,0.0,3.776632810512906,20.59487831237224,40.4761429031509,696419.9999999995,3.7696324876261715,0.1979355198674704,83.14883148831488,0.0,91.63591635916359,7.564575645756458,183.8,304.23999999999995,418.5020000000002,1.078125,100.61383186708007,1.0715474999742582,nan,1870.1924086875683,loss,3.0,8.0
30003,high,moderate,DT-KF-CostAware,1611,1582,459.0329557116094,996.285829317479,15.021725636250777,17.57777777777778,204.72967504401961,18.16230157941601,0.40650902051186644,0.9312564210740137,1.2414649286157666,0.0,3.6625455596559955,20.51396966799257,40.2065454468104,604440.0,5.153663919620441,0.18067946563249043,84.97827436374922,0.0,86.28181253879578,12.476722532588454,181.14999999999998,332.13999999999993,496.5229999999992,1.046875,97.2116156763613,1.0769032000098377,nan,1823.7479468740166,loss,3.0,8.0
30004,high,moderate,DT-KF-CostAware,1616,1598,448.9873056535313,966.8439027458033,15.470297029702971,17.755555555555556,192.57458922329099,16.269610452039764,0.3826583730748442,0.9167988464311464,0.43316831683168316,0.0,3.6596455933411343,19.674875692610488,38.838883851549724,677440.0,4.775909293819095,0.18560171232662617,84.52970297029702,0.0,93.2549504950495,6.311881188118812,187.5,291.185,457.637,1.0625,100.43205159628153,1.057929200003855,nan,1856.4569349185592,loss,3.0,8.0
30005,high,moderate,DT-KF-CostAware,1638,1628,465.45085405654686,1120.0398391146364,17.094017094017094,18.08888888888889,183.00647260109776,16.96016788784263,0.39452351010173603,0.9053292837513388,0.18315018315018314,0.0,3.509307373171204,19.34684791627037,37.83811557212493,448219.99999999994,3.96455972662918,0.15140197919444234,82.90598290598291,0.0,91.20879120879121,8.608058608058608,181.9,302.575,468.5,1.03125,98.11195027776937,1.051095200004056,nan,1879.9438908981554,loss,3.0,8.0
30006,high,moderate,DT-KF-CostAware,1607,1585,470.8224062461678,1084.5381494091184,17.17485998755445,17.61111111111111,199.29073575703364,18.49265083050565,0.4048751254577386,0.9106648748360692,0.8711885500933416,0.0,3.5161210248564547,20.6255095032471,41.45017064905511,801539.9999999999,3.978914542740543,0.17851524873234167,82.82514001244554,0.0,88.92345986309894,10.205351586807716,181.8,327.79999999999995,475.35,1.046875,98.65617450077556,1.061134800023865,nan,1838.5976974425134,loss,3.0,8.0
30007,high,moderate,DT-KF-CostAware,1598,1574,472.1315424064343,1142.2909919230335,17.459324155193993,17.488888888888887,207.14231309881166,17.94443101912084,0.40592667499156926,0.9209982332486141,1.0638297872340425,0.0,3.5984476901695386,19.956090593309217,39.21414396253807,616120.0,3.558096763576852,0.16829988466949347,82.540675844806,0.0,88.23529411764706,10.700876095118899,184.3,323.9599999999995,513.7099999999989,1.0625,100.45368192222287,1.0577013999572955,nan,1837.0023903518027,loss,3.0,8.0
30008,high,moderate,DT-KF-CostAware,1645,1628,480.8608719572787,1091.8977829180353,17.75075987841945,18.08888888888889,223.2110116042865,19.162962821316558,0.4005320401978325,0.9486455573412095,0.729483282674772,0.0,3.5861575865047963,20.209223970856115,39.83072741780469,1089160.0,3.5511227708199797,0.24062356668450424,82.24924012158054,0.0,88.32826747720365,10.94224924012158,185.1,329.7,466.32,1.09375,100.8961050077666,1.084035900013987,nan,1827.4302539006685,loss,3.0,8.0
30009,high,moderate,DT-KF-CostAware,1702,1683,463.56886651328847,1083.947164015177,17.80258519388954,18.7,203.08243233884644,18.342739806369504,0.3860358368162874,0.9344585971924586,0.5287896592244419,0.0,3.5227961011950435,18.99855523211805,36.86636102283987,854099.9999999998,4.0154094688066,0.23139036638634494,82.19741480611046,0.0,93.12573443008226,6.345475910693302,188.1,317.7,475.83000000000015,1.125,100.05995592653893,1.1243258999893442,nan,1828.6512834219027,loss,3.0,8.0
30010,high,moderate,DT-KF-CostAware,1602,1584,453.75857947054374,1011.7960771623316,13.48314606741573,17.6,203.5479294292759,18.412044244096936,0.39855122050254793,0.9300383403560718,0.8739076154806492,0.0,3.6058716943194264,18.592876037799947,36.342032853083154,645320.0,4.463296729624658,0.20037376356857428,86.51685393258427,0.0,87.64044943820225,11.485642946317103,178.6,349.4199999999999,539.3259999999984,1.0625,99.21944877058668,1.0708585999673232,nan,1836.8438186517083,loss,3.0,8.0
30011,high,moderate,DT-KF-CostAware,1585,1569,448.2760903937218,1010.3875387530863,13.564668769716087,17.433333333333334,173.71327631500498,15.19075815598254,0.38085414032646353,0.942923279959004,0.1892744479495268,0.0,3.689215565578304,19.94280379093457,39.38885462868607,626340.0000000006,3.9977234281821987,0.19280976374110328,86.43533123028391,0.0,93.24921135646687,6.561514195583596,182.0,321.0799999999999,491.8200000000004,1.03125,100.64807110353154,1.0246097999624908,nan,1886.571844296984,loss,3.0,8.0
30012,high,moderate,DT-KF-CostAware,1650,1639,462.45581012628344,1045.553659709509,16.0,18.211111111111112,207.90515852566907,19.920471735646146,0.3983649708762758,0.9046921251320302,0.30303030303030304,0.0,3.5895752095522044,18.850453863504686,37.76333800510935,832199.9999999995,4.016564927685178,0.20170557010692078,84.0,0.0,90.60606060606061,9.090909090909092,184.7,320.6399999999996,483.6559999999997,1.09375,100.05920760963008,1.0931027999613434,nan,1845.206141701704,loss,3.0,8.0
30013,high,moderate,DT-KF-CostAware,1650,1624,455.61543313860125,1004.9997917370428,17.393939393939394,18.044444444444444,207.19980801925902,16.771316585782667,0.39716765488256406,0.8808318015879094,0.9090909090909091,0.0,3.5040487121312793,19.483083971861568,39.29029155312576,687660.0,3.604280165247802,0.17286925011303234,82.60606060606061,0.0,90.72727272727273,8.363636363636363,188.8,332.155,494.653000000003,1.125,100.65896278368913,1.1176351999747567,nan,1775.1767303363488,loss,3.0,8.0
30014,high,moderate,DT-KF-CostAware,1646,1634,439.3585025292315,999.0355713279229,15.735115431348724,18.155555555555555,151.95188878735695,15.108156102585935,0.38053876047325697,0.927682287285206,0.3037667071688943,0.0,3.6203681402836563,19.74309013728025,37.74081076487106,452600.0,4.599055537304529,0.17339414161460637,84.26488456865128,0.0,93.31713244228433,6.37910085054678,184.5,306.42999999999995,452.45000000000005,1.046875,99.04505195542167,1.0569685000227764,nan,1872.3358358904309,loss,3.0,8.0
30015,high,moderate,DT-KF-CostAware,1582,1570,453.46138080349044,1006.7851208136557,15.739570164348926,17.444444444444443,158.12672745839478,15.211302029528358,0.37917677898745944,0.9216060958043357,0.31605562579013907,0.0,3.627599536808389,20.450312759800145,41.56838780640226,670140.0,4.4711721684844745,0.19114433315307178,84.26042983565108,0.0,95.19595448798988,4.4879898862199745,184.6,321.3699999999997,455.758,1.0,97.72410335373088,1.023289000033401,nan,1879.2345074922448,loss,3.0,8.0
30016,high,moderate,DT-KF-CostAware,1590,1574,448.375036752092,1049.4904224743138,14.40251572327044,17.488888888888887,183.1883459029832,16.65091533574659,0.38471793311508856,0.9466873778764918,0.25157232704402516,0.0,3.628676970482313,19.168844339532434,39.485999661140966,821979.9999999999,4.636590743560284,0.22109118314105328,85.59748427672956,0.0,93.01886792452831,6.729559748427673,183.85000000000002,315.92499999999995,452.1850000000006,1.046875,100.56297977663499,1.0410143000190146,nan,1859.724693469281,loss,3.0,8.0
30017,high,moderate,DT-KF-CostAware,1631,1619,452.35220962735826,1049.2822949744127,15.205395462906193,17.988888888888887,180.8623098440249,16.431898997599465,0.38364253495278755,0.9486184132113202,0.24524831391784183,0.0,3.4409210052657673,20.22578969479217,40.05491503992348,816140.0000000001,3.638836615593923,0.20232433032938382,84.7946045370938,0.0,93.25567136725935,6.499080318822808,186.0,336.81999999999994,508.6800000000004,1.125,100.91696292262202,1.11477789998753,nan,1801.25565821,loss,3.0,8.0
30018,high,moderate,DT-KF-CostAware,1588,1556,449.77056713657197,944.0620900481476,15.428211586901764,17.288888888888888,215.3346625043491,19.75808937333839,0.41437240639167083,0.92928464400124,1.4483627204030227,0.0,3.345216410725718,20.620751126149838,42.03675934430142,386900.0,4.049605521949563,0.121146626048749,84.57178841309823,0.0,83.24937027707809,15.302267002518892,179.5,312.99,484.3639999999996,1.03125,100.20188067519163,1.029172300011851,nan,1887.924888745671,loss,3.0,8.0
30019,high,moderate,DT-KF-CostAware,1588,1565,470.2142899563175,1069.0588534580777,17.38035264483627,17.38888888888889,184.23761945077683,17.802743865007645,0.39773514947985816,0.9502903778633853,0.8816120906801007,0.0,3.8211951080307687,20.74729295444552,41.27347351223508,838040.0000000006,3.9731854076701416,0.2078318837732308,82.61964735516372,0.0,91.62468513853904,7.493702770780857,187.5,320.91999999999996,490.4999999999965,1.046875,98.21031374254204,1.065952200035099,nan,1817.1546528411122,loss,3.0,8.0
30000,high,moderate,DT-KF-CostAware,1588,1577,459.1638257770275,1126.6813327870454,16.309823677581864,17.522222222222222,195.76968534118217,15.361223158725839,0.3771161143518207,0.9412690392211258,0.12594458438287154,0.0,5.839490494770106,19.618017168904224,39.621549532246824,1308160.0,6.707961047716895,0.35279586096696397,83.69017632241814,0.0,95.65491183879094,4.2191435768261965,188.7,339.56,497.9359999999999,1.09375,99.9124333157449,1.0947086000232957,nan,1780.3824688675368,loss,5.0,8.0
30001,high,moderate,DT-KF-CostAware,1574,1557,457.33285526985657,1087.0903235119008,15.819567979669632,17.3,195.1804062952458,17.26425287670821,0.39562377177341035,0.9309024206515913,0.6353240152477764,0.06353240152477764,6.112231861198917,18.600503353667715,36.66840965433272,1481900.0000000002,7.459230691017012,0.3697062966833701,84.18043202033037,0.0,91.35959339263025,7.941550190597205,184.0,306.1599999999999,520.5799999999997,1.03125,98.38370244842065,1.0481919000158086,nan,1859.392349788818,loss,5.0,8.0
30002,high,moderate,DT-KF-CostAware,1626,1600,462.64394626014183,1059.192010117349,17.958179581795818,17.77777777777778,196.20765844788374,16.098280509070715,0.39070591626467455,0.9151326143385634,1.168511685116851,0.0,6.284642519677831,20.276329642373394,40.34595450414762,1198659.9999999995,6.492289938542982,0.3396607913471204,82.04182041820418,0.0,90.59040590405904,8.241082410824108,181.14999999999998,317.16999999999996,521.9950000000001,1.0625,99.06156762829887,1.0725652999826707,nan,1868.4177084904559,loss,5.0,8.0
30003,high,moderate,DT-KF-CostAware,1611,1579,459.340272879384,985.9565742038591,15.021725636250777,17.544444444444444,210.04692076053962,18.437814151206883,0.40933630307876934,0.9295953978564598,1.4276846679081316,0.0,6.090104556070674,20.62744042253795,41.66756935750399,970900.0,8.288792492227069,0.2865893718427392,84.97827436374922,0.0,85.47486033519553,13.097454996896337,185.2,311.4649999999999,495.8659999999998,1.0625,98.83981131515874,1.074971700028982,nan,1827.0248416279694,loss,5.0,8.0
30004,high,moderate,DT-KF-CostAware,1616,1601,456.27515762141127,1039.6853649987759,15.222772277227723,17.788888888888888,192.79665278249362,16.387791153693,0.3836678288942377,0.9330558935283682,0.24752475247524752,0.0,6.050531740407861,19.434474368601,38.79872774574421,1100839.9999999998,7.760466344218597,0.3062397347499898,84.77722772277228,0.0,92.38861386138613,7.3638613861386135,188.2,351.86999999999995,523.1879999999986,1.140625,99.64755451813856,1.1446592999855056,nan,1715.7943853030063,loss,5.0,8.0
30005,high,moderate,DT-KF-CostAware,1638,1628,461.35834216380175,1088.1955249076495,16.23931623931624,18.08888888888889,183.78357975854064,16.98560022194254,0.39598275217389167,0.9110501488742431,0.18315018315018314,0.0,5.786061843203017,19.442303053541302,37.78575119736904,878919.9999999999,7.783670427640478,0.3027341793282542,83.76068376068376,0.0,90.53724053724054,9.27960927960928,185.1,308.5,446.125,1.078125,100.9187786013219,1.0683095999993384,nan,1849.6510749329818,loss,5.0,8.0
30006,high,moderate,DT-KF-CostAware,1607,1580,470.4776257576939,1080.128798654531,17.112632233976353,17.555555555555557,195.64722056246657,18.304981968873822,0.4090751714215277,0.9142277404661671,1.1823273179838207,0.0,5.872356496014403,20.91222029078662,41.81069173031934,1373860.0,6.8175923119893325,0.31597694851985325,82.88736776602364,0.0,88.73677660236466,10.080896079651525,181.1,305.04999999999995,449.35,1.03125,99.85732869177389,1.032723399985116,nan,1889.179619662069,loss,5.0,8.0
30007,high,moderate,DT-KF-CostAware,1598,1570,466.17359247073,1126.3965129396947,16.770963704630788,17.444444444444443,213.52951163948285,18.32297584198578,0.4067970164714196,0.9288375624571372,1.2515644555694618,0.0,5.927505415921954,20.204565843716665,39.091674847516344,1097920.0,6.34083891946311,0.29606103382262294,83.22903629536921,0.0,86.67083854818523,12.077596996245306,186.0,339.54999999999995,482.3519999999997,1.0625,98.70651269535922,1.0764234000234865,nan,1805.0518039254866,loss,5.0,8.0
30008,high,moderate,DT-KF-CostAware,1645,1622,478.627555192069,1119.5337534941634,17.325227963525837,18.022222222222222,223.99764810571892,19.256971185150636,0.40349438126930215,0.9494991874750098,1.033434650455927,0.0,5.987828824756621,20.249726212492035,41.08355392201922,1944720.0,6.34042747285132,0.4166459163689904,82.67477203647417,0.0,87.8419452887538,11.124620060790274,183.6,297.1,458.18000000000046,1.046875,98.63257447193142,1.061388700036332,nan,1866.422734604381,loss,5.0,8.0
30009,high,moderate,DT-KF-CostAware,1702,1683,461.48230466723305,1085.7634199652578,17.038777908343125,18.7,203.91658361898794,18.40112780841596,0.38663112511592646,0.9457183571033586,0.5287896592244419,0.0,5.874567264061499,19.07695850183431,36.987104847399166,1427879.9999999995,6.713334847251741,0.3597213218266111,82.96122209165688,0.0,93.24324324324324,6.227967097532315,182.75,316.925,475.12000000000063,1.09375,99.42569897958059,1.1000677000265568,nan,1868.9758820755903,loss,5.0,8.0
30010,high,moderate,DT-KF-CostAware,1602,1586,455.25151971048416,995.9784352639588,13.420724094881399,17.622222222222224,200.78222259869585,18.239983767951436,0.39938670363177053,0.9387682163293736,0.7490636704119851,0.0,6.007447844522194,18.72358642726199,37.36997575719724,1017620.0000000005,7.042121940083076,0.31429237910299673,86.5792759051186,0.0,87.45318352059925,11.797752808988765,187.9,321.7,506.01399999999984,1.09375,99.59055647388419,1.0982467000139877,nan,1791.0365676263334,loss,5.0,8.0
30011,high,moderate,DT-KF-CostAware,1585,1568,450.1548565888558,990.2686740498793,13.943217665615142,17.42222222222222,178.18425764166057,15.450152090171597,0.3833787746317764,0.9403089464601472,0.25236593059936907,0.0,6.124393865457323,20.456687472027927,40.55243857028175,1130039.999999999,7.215427084209285,0.3341882426372832,86.05678233438486,0.0,92.6813880126183,7.066246056782334,185.1,325.04,480.9560000000004,1.046875,99.79312616901443,1.0490451999939978,nan,1842.6279439733005,loss,5.0,8.0
30012,high,moderate,DT-KF-CostAware,1650,1628,459.91698700297184,1058.8543511229425,15.454545454545455,18.08888888888889,210.97727970309833,19.994129611869585,0.40212155449322706,0.9172256720178882,0.7878787878787878,0.06060606060606061,5.9437258903552,19.152795149437942,37.91689595485305,1503800.0,7.264148956499544,0.37968530126317623,84.54545454545455,0.0,88.66666666666667,10.484848484848484,180.7,291.2199999999995,444.9239999999993,1.078125,100.90301471398433,1.0684764999896288,nan,1887.7345454201175,loss,5.0,8.0
30013,high,moderate,DT-KF-CostAware,1650,1628,466.25228213166986,1084.7332720628417,18.0,18.08888888888889,205.4165820524453,16.70170714304829,0.39825278974148864,0.8816547686261751,0.5454545454545454,0.06060606060606061,5.821429911901498,20.091589297948588,40.05084272573656,1141719.9999999998,5.979602146857963,0.29983585951983505,82.0,0.0,90.84848484848484,8.545454545454545,182.55,324.97999999999996,480.86700000000036,1.09375,100.57036615133872,1.0875470000319183,nan,1824.2889732046265,loss,5.0,8.0
30014,high,moderate,DT-KF-CostAware,1646,1633,435.638383660431,1023.182515000573,14.641555285540704,18.144444444444446,157.92525725949085,15.402379323416106,0.3814413117498397,0.9253570681807215,0.3645200486026732,0.0,6.023446084951407,19.806013941822627,37.08967149663421,838040.0000000001,8.517039719930823,0.31131616527962885,85.3584447144593,0.0,92.58809234507898,7.047387606318347,184.1,310.23999999999995,475.24600000000015,1.0625,99.14264242175123,1.0716881999978796,nan,1846.6191939072537,loss,5.0,8.0
30015,high,moderate,DT-KF-CostAware,1582,1572,454.5841350063879,1004.1863215715985,16.055625790139064,17.466666666666665,165.27488778076562,15.588537837842372,0.37988911961989597,0.9238519055481723,0.18963337547408343,0.0,6.022132277488467,20.466064506712755,41.80699266761736,1112520.0,7.422527717221789,0.31143503700169156,83.94437420986094,0.0,94.24778761061947,5.562579013906448,187.3,303.89,429.07799999999986,1.03125,99.76003418790543,1.0337306000292301,nan,1860.252564783924,loss,5.0,8.0
30016,high,moderate,DT-KF-CostAware,1590,1551,446.66261554245693,1007.3504579265633,14.842767295597485,17.233333333333334,197.6039413336618,17.408931470298473,0.3955478836114301,0.9593987808475076,1.6352201257861636,0.0,5.895390701525022,19.219742777212645,38.16670918679925,1408900.0,7.953905848201155,0.3716861050687241,85.15723270440252,0.0,88.55345911949685,9.81132075471698,180.1,301.65,440.2,1.0,99.40469510578876,1.0059886999661103,nan,1924.4748972480704,loss,5.0,8.0
30017,high,moderate,DT-KF-CostAware,1631,1616,456.523369368534,1046.743132251734,15.511955855303494,17.955555555555556,180.0064693318259,16.398363801161715,0.38580100941666245,0.9513807139422679,0.3678724708767627,0.0,5.746537921793557,20.18733560459834,41.8742733339013,1302320.0,5.8064724386952395,0.31716405020778876,84.4880441446965,0.0,93.37829552421827,6.253832004904966,185.3,347.7799999999998,507.6880000000007,1.109375,99.15654260433595,1.118811700027436,nan,1794.7613525589327,loss,5.0,8.0
30018,high,moderate,DT-KF-CostAware,1588,1555,453.8399392959434,973.3156103807593,14.483627204030226,17.27777777777778,216.69386330932818,19.822358114714714,0.415034941903435,0.9393355267472618,1.5113350125944585,0.0,5.577658813200204,20.46277767151209,41.84206103481728,706640.0,7.391381296282427,0.23082648501733166,85.51637279596977,0.0,83.06045340050377,15.428211586901764,178.5,308.62999999999977,439.506,1.0,98.28814487075923,1.0174166999640875,nan,1909.7386548388517,loss,5.0,8.0
30019,high,moderate,DT-KF-CostAware,1588,1563,452.5484620710072,1065.7945285636501,15.113350125944585,17.366666666666667,193.8360537280925,18.258309326291997,0.3984230775283827,0.9460577864838394,1.070528967254408,0.0,6.34994311916826,20.194260494203856,40.60356373319805,1493579.9999999995,7.085584868639057,0.3757430598282037,84.88664987405542,0.0,90.4911838790932,8.438287153652393,180.6,312.4399999999999,484.77199999999937,1.015625,98.75533035967649,1.0284254999714904,nan,1883.46166061975,loss,5.0,8.0
30000,high,moderate,DT-KF-CostAware,1588,957,533.2669205286782,1320.469340251115,53.71536523929471,10.633333333333333,432.3542949316105,27.432675589830822,0.6736775778393533,0.2162067352666043,39.357682619647356,0.0,8.929578151169018,26.031913022343524,51.80420601215347,1933040.0,10.524711625874225,0.2079247435376645,46.28463476070529,0.0,2.707808564231738,57.9345088161209,160.7,278.93999999999977,422.56799999999987,0.828125,98.9294770409705,0.8370861999574117,nan,2328.3145751287725,loss,10.0,8.0
30001,high,moderate,DT-KF-CostAware,1574,938,524.0118458969747,1212.3522088658533,54.00254129606099,10.422222222222222,428.16906381479254,27.349256062366493,0.6797762455955104,0.125,40.02541296060991,0.06353240152477764,10.407562154522674,20.239888529177538,39.66688054506297,2470320.0,13.160400721181777,0.23169960231858852,45.99745870393901,0.0,0.1905972045743329,59.72045743329098,161.2,288.1199999999999,451.4559999999999,0.8125,96.78944929066215,0.8394510000362061,nan,2321.755528215391,loss,10.0,8.0
30002,high,moderate,DT-KF-CostAware,1626,979,507.9690965991305,1144.6893866620794,53.321033210332104,10.877777777777778,425.6771979335316,27.396972478395043,0.6722107478309816,0.0,39.48339483394834,0.0,8.725967573456204,25.26155921444574,50.25556394678187,1830840.0,10.818979697010185,0.17537508224575518,46.678966789667896,0.0,0.0,60.51660516605166,156.4,286.3649999999999,404.7010000000001,0.84375,101.19697278303617,0.8337700000265613,nan,2403.540544677979,loss,10.0,8.0
30003,high,moderate,DT-KF-CostAware,1611,933,514.1212263160984,1106.376642416309,56.42458100558659,10.366666666666667,406.1584876711833,26.36268462292267,0.6861535797850972,0.125,41.71322160148976,0.12414649286157665,11.334075182618692,23.43384748738312,45.034493296218876,1582640.0,14.774377176227278,0.18368697380460858,43.57541899441341,0.0,0.4965859714463066,57.66604593420236,162.1,310.53999999999996,441.15499999999986,0.875,99.38447503243225,0.8804191999952309,nan,2230.7555310136795,loss,10.0,8.0
30004,high,moderate,DT-KF-CostAware,1616,933,533.7794000676583,1164.6144052803606,57.054455445544555,10.366666666666667,414.53385977034594,26.98736612644469,0.6900466888342929,0.125,41.584158415841586,0.18564356435643564,11.74891235703941,20.983197058841828,40.52226225146455,2096559.9999999998,15.874935288679687,0.21766028191960565,42.945544554455445,0.0,0.8044554455445545,57.42574257425743,160.9,286.185,462.75199999999893,0.84375,100.29661647356279,0.8412546999752522,nan,2334.6080563446203,loss,10.0,8.0
30005,high,moderate,DT-KF-CostAware,1638,954,503.83168312130664,1070.2613504765632,55.12820512820513,10.6,415.4805842225007,26.916400930508058,0.6835561346748692,0.125,41.33089133089133,0.06105006105006105,9.130284461769172,23.592682260389314,44.243429525492054,1198660.0,11.541735352570521,0.12288728878014732,44.87179487179487,0.0,0.3052503052503053,58.3028083028083,164.6,344.47499999999997,563.975,0.90625,98.42233210458095,0.9207767999614589,nan,2146.0141047023662,loss,10.0,8.0
30006,high,moderate,DT-KF-CostAware,1607,902,548.2832306069811,1217.8027485333052,58.49408836341008,10.022222222222222,415.5676875614126,26.930439433611987,0.702689347977491,0.0,43.62165525824518,0.0,11.038848014079566,26.250725755995422,51.04513509763542,2628000.0000000005,13.769207336912702,0.25128980858460664,41.50591163658992,0.0,0.0,56.37834474175482,160.6,268.35,439.75,0.796875,97.64405645782958,0.8161019000108354,nan,2390.6328363824377,loss,10.0,8.0
30007,high,moderate,DT-KF-CostAware,1598,922,525.7340735772549,1102.00448381445,57.00876095118899,10.244444444444444,415.05683794757005,27.006017722446472,0.6906696846623874,0.0,41.8648310387985,0.0625782227784731,8.691304524245322,28.187206151425208,56.27979009743007,1654180.0,10.145565665057475,0.16220493346897125,42.99123904881101,0.0,0.0,58.07259073842303,160.2,265.96999999999997,413.9679999999997,0.8125,99.98876433987027,0.8125912999967113,nan,2391.1159275368364,loss,10.0,8.0
30008,high,moderate,DT-KF-CostAware,1645,931,545.2558058670357,1220.8301503846371,58.17629179331307,10.344444444444445,439.0975488251992,27.82869361165067,0.6987034924834663,0.0,42.97872340425532,0.182370820668693,9.379664620865952,22.21628405240305,43.10928146280902,2873280.0,11.496103928735742,0.26846149846002165,41.82370820668693,0.0,0.0,56.838905775075986,156.8,270.5,405.30000000000035,0.8125,99.2192876969219,0.8188931999611668,nan,2419.118879108951,loss,10.0,8.0
30009,high,moderate,DT-KF-CostAware,1702,917,551.7292644765719,1302.9262785161277,60.810810810810814,10.188888888888888,419.5559217889315,27.09143819994144,0.7132583141454338,0.125,45.710928319623974,0.05875440658049354,9.397188884984152,23.261392976880146,46.29666278309729,2195840.0,11.119985127708611,0.2071038286976723,39.189189189189186,0.0,0.1762632197414806,54.054054054054056,167.7,288.225,437.13000000000017,0.90625,100.60336486485916,0.9008147999993525,nan,2282.3781314444186,loss,10.0,8.0
30010,high,moderate,DT-KF-CostAware,1602,934,530.309934540349,1219.4262217664996,56.991260923845196,10.377777777777778,423.20059400025264,27.198784288699297,0.6867692352353167,0.125,41.26092384519351,0.12484394506866417,10.664951442249995,20.353433721486354,39.1238340670949,1890700.0,14.243607345925595,0.19117041837973295,43.008739076154804,0.0,0.12484394506866417,58.48938826466917,160.1,274.4199999999997,392.3079999999999,0.828125,100.96981007626215,0.8201708999695256,nan,2398.2806511095264,loss,10.0,8.0
30011,high,moderate,DT-KF-CostAware,1585,942,522.6395145581873,1197.758014453445,54.70031545741325,10.466666666666667,423.70911455297875,27.344604427963716,0.6788035846254971,0.0,39.936908517350155,0.06309148264984227,9.465762329828193,27.300073120838746,52.946851342414455,1727180.0000000002,11.710825506137,0.16992378827223853,45.29968454258675,0.0,0.0,60.0,157.0,254.2799999999999,419.54800000000023,0.796875,98.93941909503255,0.8054170999675989,nan,2399.998708840131,loss,10.0,8.0
30012,high,moderate,DT-KF-CostAware,1650,950,553.3634608458025,1361.474957722349,58.60606060606061,10.555555555555555,431.400374493968,27.870623547428753,0.6953156731174529,0.325,42.0,0.24242424242424243,11.531535024708898,24.321534035656676,45.33837874067155,2660120.0,13.80604625647259,0.2632345126173194,41.39393939393939,0.0,0.7878787878787878,56.96969696969697,155.1,253.37999999999994,390.57999999999964,0.796875,97.98246195062637,0.8132833000272512,nan,2480.0705977024427,loss,10.0,8.0
30013,high,moderate,DT-KF-CostAware,1650,996,494.63264083534654,1137.1022142871184,52.0,11.066666666666666,423.0267760735291,27.233352964855598,0.667952677328439,0.125,39.333333333333336,0.0,7.953036887533241,23.30356024924148,46.72846032033271,1744700.0,9.757106380142055,0.1815487687074196,48.0,0.0,2.3636363636363638,58.303030303030305,162.25,296.3399999999999,432.33300000000037,0.859375,98.94840371263304,0.8685081999865361,nan,2284.376819966417,loss,10.0,8.0
30014,high,moderate,DT-KF-CostAware,1646,966,502.0895661532711,1069.5735613525983,55.22478736330498,10.733333333333333,415.0774426956717,26.84190743722185,0.6804321363328316,0.0,40.88699878493317,0.12150668286755771,11.339481009653966,27.27373811653352,52.70485617596483,1350500.0,15.295221559863435,0.14200327538145335,44.77521263669502,0.0,0.0,58.99149453219927,160.7,283.7,442.92,0.828125,97.99777455986418,0.8450446999631822,nan,2341.8879499347468,loss,10.0,8.0
30015,high,moderate,DT-KF-CostAware,1582,950,523.5668495916833,1236.3956971308662,53.53982300884956,10.555555555555555,414.82827962039414,27.093100382903124,0.6743071682604312,0.0,39.38053097345133,0.0632111251580278,9.91261974583192,26.379545567605266,50.15268016769502,1251220.0,12.655796463412821,0.1338026334521078,46.46017699115044,0.0,0.0,60.556257901390644,164.0,268.4899999999996,422.82399999999996,0.828125,99.91895479405417,0.828796699992381,nan,2320.231246115818,loss,10.0,8.0
30016,high,moderate,DT-KF-CostAware,1590,981,507.11725041283984,1110.6843296019256,51.698113207547166,10.9,431.58485741152055,27.402046717081593,0.6639302018592892,0.241710875331565,37.735849056603776,0.12578616352201258,9.348347122258136,24.919555900333236,49.25653326434148,2070280.0,12.206354535203022,0.2282120766906501,48.301886792452834,0.0,3.459119496855346,58.679245283018865,160.2,263.725,415.2100000000003,0.8125,99.14538508304815,0.8195036000106484,nan,2362.4057294865383,loss,10.0,8.0
30017,high,moderate,DT-KF-CostAware,1631,934,513.9451933510261,1102.0288909306578,55.05824647455549,10.377777777777778,422.1090213459516,27.00431923991951,0.6888148782479396,0.125,42.30533415082771,0.061312078479460456,8.42517726042593,23.748851485252384,45.61626105191053,2200220.0000000005,10.44516794791535,0.20693132675227122,44.94175352544451,0.0,0.061312078479460456,57.57204169221337,159.55,271.7,415.80300000000045,0.84375,99.64526874862702,0.846753699996043,nan,2371.409773596955,loss,10.0,8.0
30018,high,moderate,DT-KF-CostAware,1588,972,499.46435767627656,1066.5232789708134,52.51889168765743,10.8,421.84473357022057,27.07446032168766,0.6663043620419251,0.16257225433526012,38.476070528967256,0.0,8.448533856447414,24.395429126522167,46.40315446592408,935860.0,10.762020163177093,0.10213209153860478,47.48110831234257,0.0,0.9445843828715366,60.57934508816121,161.3,295.07,423.40599999999995,0.8125,95.91246455490564,0.8471266000415199,nan,2293.6359216022356,loss,10.0,8.0
30019,high,moderate,DT-KF-CostAware,1588,891,539.4090459916189,1173.6686230891821,58.87909319899244,9.9,411.56193028071067,26.721005610260704,0.7000496343286945,0.0,43.45088161209068,0.06297229219143577,9.518860178458004,26.974893893308657,51.37251426843442,2498060.0,12.468088101047982,0.24422348374580374,41.12090680100756,0.0,0.0,56.486146095717885,162.4,265.7599999999999,396.44399999999945,0.828125,101.11381792108034,0.8190028000390157,nan,2365.071279252922,loss,10.0,8.0
30000,high,moderate,DT-KF-CostAware,1588,1578,429.5602805929887,1044.9322236457374,12.279596977329975,17.533333333333335,187.67642443776708,14.917670559224046,0.357559376857354,0.9553032333779008,0.06297229219143577,0.0,1.7641532917252887,0.0,0.0,372300.0000000002,1.909110446321102,0.10673284106654532,87.72040302267003,0.0,96.8513853904282,3.0856423173803527,183.3,321.61999999999995,441.93199999999996,1.015625,98.8587719051583,1.0273493999848142,nan,1897.1150419018195,jitter,1.5,0.0
30001,high,moderate,DT-KF-CostAware,1574,1562,432.3833485085717,1033.7538631180216,13.278271918678525,17.355555555555554,178.2355287125135,16.347551806532326,0.37811747031007437,0.9278372411919991,0.44472681067344344,0.0,1.8627400070004105,0.0,0.0,392739.99999999994,1.9765174189845012,0.09482097282611367,86.72172808132147,0.0,95.42566709021601,4.129606099110546,187.4,347.91999999999996,510.2999999999997,1.078125,99.83396887243842,1.079918000032194,nan,1804.7666581554317,jitter,1.5,0.0
30002,high,moderate,DT-KF-CostAware,1626,1613,422.46098560891596,995.4399768111534,11.992619926199263,17.92222222222222,187.76875667648906,15.69383912933214,0.367601972425288,0.9336331317872232,0.36900369003690037,0.0,1.8904947743572518,0.0,0.0,362079.9999999999,1.9595630144170857,0.10075134655734033,88.00738007380073,0.0,92.619926199262,7.011070110701107,198.35000000000002,415.07,647.9830000000002,1.25,99.36019980172368,1.2580489999963902,nan,1592.942723221234,jitter,1.5,0.0
30003,high,moderate,DT-KF-CostAware,1611,1595,439.0239426007107,984.1453863329363,14.028553693358162,17.72222222222222,196.77697549290275,17.79007122086729,0.3888388469411613,0.9257142857142857,0.4965859714463066,0.0,1.8372011603184242,0.0,0.0,281780.0,2.3996391258868672,0.08298210867060228,85.97144630664184,0.0,89.8820608317815,9.62135319677219,185.4,314.36999999999995,468.54799999999994,1.046875,99.8278502981871,1.048680300009437,nan,1872.8300703105858,jitter,1.5,0.0
30004,high,moderate,DT-KF-CostAware,1616,1602,424.9161569190066,987.7359589674998,12.871287128712872,17.8,186.0784051288071,15.93720897411268,0.3644655983813859,0.924145928792319,0.12376237623762376,0.0,1.8310979660098041,0.0,0.0,338720.00000000006,2.3873788628303823,0.09475468636243944,87.12871287128714,0.0,94.2450495049505,5.631188118811881,190.5,311.1299999999998,478.6979999999994,1.03125,96.81845860660052,1.0651378000038676,nan,1843.8928746992817,jitter,1.5,0.0
30005,high,moderate,DT-KF-CostAware,1638,1628,427.75856435154395,983.8250479117771,12.148962148962148,18.08888888888889,172.07574184637662,16.448071027714327,0.37782102055339295,0.920696427602366,0.1221001221001221,0.0,1.7594180655719927,0.0,0.0,258420.00000000003,2.286209710773505,0.09239401937497826,87.85103785103784,0.0,93.22344322344323,6.654456654456655,184.4,320.1,507.475,1.0625,100.94942818565204,1.0525071999873035,nan,1877.4218361868088,jitter,1.5,0.0
30006,high,moderate,DT-KF-CostAware,1607,1596,442.66076352697553,1020.3805970519863,11.823273179838209,17.733333333333334,183.56388663010873,17.78015940748699,0.38872595765737455,0.9222220055681969,0.24891101431238333,0.0,1.763507515704727,0.0,0.0,392740.00000000006,1.9474100126149767,0.0932546205318836,88.17672682016179,0.0,92.22153080273802,7.529558182949596,184.5,291.25,439.1,1.03125,100.18882618575104,1.0293063999852166,nan,1895.4511504329723,jitter,1.5,0.0
30007,high,moderate,DT-KF-CostAware,1598,1585,446.64016295304083,1073.6419607270236,13.954943679599499,17.61111111111111,196.13017004270463,17.41303189395984,0.3891694873163709,0.92909899761881,0.4380475594493116,0.0,1.8074812139816827,0.0,0.0,308060.0,1.7786089679743575,0.08423166928104656,86.0450563204005,0.0,90.73842302878599,8.823529411764707,184.4,303.19,428.52199999999993,1.015625,98.76853566023641,1.028288000030443,nan,1889.548453295649,jitter,1.5,0.0
30008,high,moderate,DT-KF-CostAware,1645,1631,460.1284756696358,1072.8530391550757,14.407294832826748,18.122222222222224,207.27872823220162,18.448119030575217,0.3848375211792824,0.9553755795715049,0.547112462006079,0.0,1.8125586518382184,0.0,0.0,567939.9999999995,1.852333224290697,0.12338741312373856,85.59270516717325,0.0,90.82066869300913,8.632218844984802,182.3,345.0,502.46000000000043,1.09375,100.55004436450365,1.0877668000175618,nan,1821.16240352989,jitter,1.5,0.0
30009,high,moderate,DT-KF-CostAware,1702,1687,434.4619961236283,1022.7504282564574,14.45358401880141,18.744444444444444,192.83334275107603,17.866684231350153,0.36922134793400324,0.941441398852036,0.23501762632197415,0.0,1.7795883629772882,0.0,0.0,391280.0,1.8386341065029088,0.10211485921760799,85.54641598119859,0.0,95.18213866039953,4.582843713278496,182.2,300.35,422.47,1.078125,100.69506094104356,1.0706830999697559,nan,1920.2694056327937,jitter,1.5,0.0
30010,high,moderate,DT-KF-CostAware,1602,1593,429.5352388244866,930.0892231136963,10.674157303370787,17.7,192.33495367105883,17.90189417840016,0.38132751904863915,0.9467277545494217,0.3121098626716604,0.0,1.8085871016376571,0.0,0.0,284700.0,1.968322521156356,0.08805769130123861,89.32584269662921,0.0,89.20099875156055,10.486891385767791,182.9,310.7599999999997,469.4159999999998,1.03125,99.89018617614771,1.0323837000178173,nan,1905.299357173164,jitter,1.5,0.0
30011,high,moderate,DT-KF-CostAware,1585,1567,427.07781175227353,972.0705628776108,10.725552050473187,17.41111111111111,161.2737075787747,14.513519558059835,0.36796777353215365,0.9457087609698052,0.3785488958990536,0.0,1.858247620653744,0.0,0.0,324120.00000000047,2.069101028843445,0.09656392951740358,89.27444794952682,0.0,95.0788643533123,4.542586750788644,191.6,344.71999999999997,463.09600000000046,1.046875,97.58652843115003,1.0727658999967389,nan,1801.884269443945,jitter,1.5,0.0
30012,high,moderate,DT-KF-CostAware,1650,1636,439.742836460998,1042.4006545757961,13.212121212121213,18.177777777777777,196.0033920308964,19.33887047654944,0.38333355490597915,0.9210826294576074,0.48484848484848486,0.0,1.7904104940828742,0.0,0.0,426319.99999999977,2.0593077939621773,0.11328646932914502,86.78787878787878,0.0,91.39393939393939,8.121212121212121,190.3,366.4799999999999,528.5839999999996,1.140625,99.57201383952754,1.145527700020466,nan,1760.760564728347,jitter,1.5,0.0
30013,high,moderate,DT-KF-CostAware,1650,1631,426.00147277426,986.8921468484899,14.727272727272727,18.122222222222224,198.1151047765558,16.313397237167653,0.3799115198585297,0.8959602742684704,0.5454545454545454,0.0,1.768869525025873,0.0,0.0,343100.00000000006,1.7969465107525333,0.08586174877781169,85.27272727272727,0.0,93.63636363636364,5.818181818181818,189.95,323.955,498.03400000000073,1.078125,98.57142857142857,1.09375,nan,1813.942857142857,jitter,1.5,0.0
30014,high,moderate,DT-KF-CostAware,1646,1638,413.9833892576466,968.5268470651414,12.69744835965978,18.2,148.4269502077103,14.91903071997799,0.3644426448277049,0.924442447139114,0.1822600243013366,0.0,1.8174754871063723,0.0,0.0,248200.00000000006,2.5227256210636417,0.0923632151643923,87.30255164034021,0.0,94.95747266099636,4.860267314702309,185.5,350.8199999999998,516.796,1.078125,99.5245989692983,1.0832749000401236,nan,1826.8677691384703,jitter,1.5,0.0
30015,high,moderate,DT-KF-CostAware,1582,1573,425.57390250876335,958.8631322333872,11.630847029077117,17.477777777777778,146.39855998696214,14.634885476104047,0.3599613687276968,0.9459595405916076,0.1264222503160556,0.0,1.8163513568946812,0.0,0.0,341639.99999999994,2.279309025907625,0.10102832685380603,88.36915297092288,0.0,97.21871049304677,2.6548672566371683,190.6,342.8999999999996,498.60599999999994,1.0625,100.48112728294662,1.0574124999693595,nan,1818.5901907304128,jitter,1.5,0.0
30016,high,moderate,DT-KF-CostAware,1590,1578,424.2320203277727,1013.2199868737621,11.88679245283019,17.533333333333335,177.0458480432083,16.31341148166409,0.36869804464608463,0.9444289036803158,0.12578616352201258,0.0,1.8228263414665329,0.0,0.0,367920.00000000006,2.075235756867112,0.10132877879274874,88.11320754716981,0.0,94.65408805031447,5.220125786163522,184.9,316.675,462.56000000000023,1.0,97.43981751401898,1.0262745000072755,nan,1886.4348670714076,jitter,1.5,0.0
30017,high,moderate,DT-KF-CostAware,1631,1619,426.3639712246271,964.5637641170115,12.998160637645617,17.988888888888887,174.24355688828695,16.051053829892115,0.3692764137161981,0.9572392124276987,0.30656039239730226,0.0,1.7270325653348775,0.0,0.0,411720.00000000006,1.8357809818583537,0.11681947840299932,87.00183936235439,0.0,94.60453709380748,5.088902513795218,194.5,350.7299999999997,531.7470000000004,1.140625,99.34587842736012,1.148135200026445,nan,1748.9229491036854,jitter,1.5,0.0
30018,high,moderate,DT-KF-CostAware,1588,1568,428.7824380799104,876.0919385775975,11.838790931989925,17.42222222222222,205.80262935983743,19.370182144369167,0.39676015958751637,0.9280205655526992,0.6926952141057935,0.0,1.687546374290674,0.0,0.0,189800.0,1.9830071540796559,0.05654484287605058,88.16120906801008,0.0,86.71284634760706,12.594458438287154,186.8,358.78999999999985,546.9879999999997,1.078125,98.17140086901796,1.0982068000012077,nan,1769.247832009293,jitter,1.5,0.0
30019,high,moderate,DT-KF-CostAware,1588,1573,439.39452563727383,1003.1312708375505,12.720403022670025,17.477777777777778,181.570675014504,17.723366298681974,0.37738640074218166,0.9444781532238379,0.5037783375314862,0.0,1.9309795875078244,0.0,0.0,369379.99999999953,1.7507984955020413,0.09149166986702378,87.27959697732997,0.0,93.07304785894206,6.423173803526448,191.3,357.51999999999987,552.2519999999992,1.078125,97.06811744216724,1.110689099994488,nan,1743.9623743580562,jitter,1.5,0.0
30000,high,moderate,DT-KF-CostAware,1588,1578,444.8907439354618,1112.647248775638,14.42065491183879,17.533333333333335,191.16928279170693,15.118506330757265,0.36821280290204483,0.9589889818067857,0.0,0.0,1.7692959587416939,12.470755174892197,24.562854517526432,367920.0000000001,1.8865826042131533,0.10179988435994157,85.5793450881612,0.0,96.66246851385391,3.3375314861460956,185.9,320.31999999999994,503.976,1.015625,97.4873157282155,1.0418022000230849,nan,1870.7965868730291,jitter,1.5,5.0
30001,high,moderate,DT-KF-CostAware,1574,1565,443.86271748434797,1046.7300268299164,13.913595933926302,17.38888888888889,183.37187086984224,16.621647570059274,0.3848786061812215,0.9223147334999662,0.1905972045743329,0.0,1.853615751171117,11.820127103434357,23.118979373412156,416099.99999999994,2.0938339533819263,0.10594594081053417,86.0864040660737,0.0,94.28208386277001,5.527318932655654,189.8,328.31999999999994,470.34799999999996,1.078125,99.14483242385745,1.0874243000289425,nan,1792.3086691626497,jitter,1.5,5.0
30002,high,moderate,DT-KF-CostAware,1626,1612,446.56766110641803,1010.6433598290862,16.236162361623617,17.91111111111111,192.1929071621646,15.93454873611608,0.380950427926889,0.924395783353188,0.4920049200492005,0.0,1.892231453550058,12.792658013390467,25.129955670076097,353319.9999999999,1.9125028330017264,0.10389437029857962,83.76383763837639,0.0,92.43542435424354,7.072570725707257,188.8,304.13999999999993,454.93700000000035,1.109375,101.08594667767366,1.0974571999977343,nan,1826.0393207171426,jitter,1.5,5.0
30003,high,moderate,DT-KF-CostAware,1611,1593,447.4534073457756,968.4744386347006,15.021725636250777,17.7,203.14690809054673,18.074493915900824,0.3977765262234649,0.9262675368903144,0.6207324643078833,0.0,1.8387526245328731,12.594132286275434,25.17113921268231,277400.0,2.3633864243301006,0.0835855004519648,84.97827436374922,0.0,88.70266914959653,10.676598386095593,182.3,309.385,438.00999999999965,1.046875,99.7613161339003,1.0493797000381164,nan,1871.5818496666764,jitter,1.5,5.0
30004,high,moderate,DT-KF-CostAware,1616,1602,442.16984107555555,979.1045992185227,14.17079207920792,17.8,189.87224292906032,16.16612531314544,0.37520751654613843,0.9185902213005864,0.18564356435643564,0.0,1.8298916354647394,12.458445988939022,24.917488110360065,344560.0,2.4289389436540585,0.08628221662865959,85.82920792079207,0.0,93.87376237623762,5.9405940594059405,185.1,308.6499999999999,424.0179999999988,1.0625,100.32719412900991,1.0590348999830894,nan,1854.5186754764748,jitter,1.5,5.0
30005,high,moderate,DT-KF-CostAware,1638,1629,449.9670089705762,1028.895652649819,15.68986568986569,18.1,177.6740072499367,16.68446490624485,0.3875075994110841,0.9117103086155864,0.1221001221001221,0.0,1.7591839960264335,11.950847531908298,23.990547232397024,259880.00000000003,2.2985970226322654,0.081922920368501,84.31013431013432,0.0,91.6971916971917,8.18070818070818,187.45,336.25,533.0999999999999,1.109375,99.71537243964244,1.112541600014083,nan,1776.113360592527,jitter,1.5,5.0
30006,high,moderate,DT-KF-CostAware,1607,1591,452.7658738052873,1007.2765633356272,14.810205351586808,17.677777777777777,197.52652121907946,18.447011354881656,0.39821825289727364,0.9116970431929237,0.5600497822028625,0.0,1.7632990524546508,13.062159458311244,26.246231199011103,397120.0,1.9699988892960534,0.09007546301919009,85.1897946484132,0.0,89.42128189172371,10.01866832607343,182.2,294.95,432.35,1.03125,99.45486677625682,1.0369025000254624,nan,1881.565528053111,jitter,1.5,5.0
30007,high,moderate,DT-KF-CostAware,1598,1583,460.5517588755113,1051.427829572041,15.331664580725908,17.58888888888889,200.07633858444115,17.601233684166903,0.3980112950183744,0.9331452604143528,0.5632040050062578,0.0,1.7994898242802113,12.73718213712941,25.084795551673427,313900.0,1.8122484090866446,0.08950242499532697,84.66833541927409,0.0,89.23654568210263,10.200250312891114,179.6,311.3799999999998,460.50599999999883,1.015625,98.81818077475711,1.027771399996709,nan,1890.4982178003995,jitter,1.5,5.0
30008,high,moderate,DT-KF-CostAware,1645,1627,468.2460784442126,1094.4687552157116,15.927051671732523,18.07777777777778,220.70494527822058,19.063091493765036,0.39393907712996995,0.9491734197730957,0.790273556231003,0.0,1.7923737585420965,12.741043151037864,25.16819599619187,524139.9999999996,1.7090250373113536,0.11178375983391221,84.07294832826747,0.0,88.57142857142857,10.638297872340425,181.8,339.9,494.1400000000002,1.09375,100.29907694931951,1.0904885999625549,nan,1816.616881706075,jitter,1.5,5.0
30009,high,moderate,DT-KF-CostAware,1702,1683,451.0907374433112,1051.813648986069,16.803760282021152,18.7,199.0552482353613,18.16018533184432,0.37939579656918,0.9354857712793548,0.2937720329024677,0.0,1.76507509643396,12.155184174669253,24.400488623351915,398580.0,1.8733859389831178,0.10857275046287505,83.19623971797886,0.0,94.00705052878966,5.699177438307873,184.0,312.05,448.4100000000004,1.078125,97.9224678384448,1.100998600013554,nan,1867.3956533411479,jitter,1.5,5.0
30010,high,moderate,DT-KF-CostAware,1602,1589,449.2630752414996,1026.0922356728197,11.610486891385769,17.655555555555555,197.5792928558861,18.167364970669,0.39122523935445497,0.9416304929366365,0.6242197253433208,0.0,1.8027985873297026,11.548041922480715,23.25559098780702,289080.0000000001,1.9984757716267882,0.09271694312178481,88.38951310861424,0.0,88.1398252184769,11.235955056179776,182.0,304.6199999999999,496.5,1.046875,100.59271268152165,1.0407066000043415,nan,1890.0620020972235,jitter,1.5,5.0
30011,high,moderate,DT-KF-CostAware,1585,1570,437.6072541465543,991.6947287993291,11.92429022082019,17.444444444444443,171.30885416872795,15.04532007272746,0.3748438635101473,0.9411122579275828,0.1892744479495268,0.0,1.8544912083424947,12.615629822258496,24.70871004905392,324120.00000000047,2.069069196550405,0.09255626484120347,88.07570977917982,0.0,94.25867507886436,5.55205047318612,184.5,321.37999999999977,467.66800000000035,1.015625,96.87826166648813,1.0483518000110053,nan,1843.8466934283967,jitter,1.5,5.0
30012,high,moderate,DT-KF-CostAware,1650,1634,453.54230092801106,1079.2499315394437,14.484848484848484,18.155555555555555,200.5496486940194,19.52042875544583,0.3927304531772906,0.9139751834446368,0.5454545454545454,0.0,1.7863538714353089,12.007811396483264,23.503405817592366,392739.9999999998,1.8967357445390483,0.09891777460712647,85.51515151515152,0.0,90.66666666666667,8.787878787878787,186.5,332.7,495.9919999999999,1.109375,99.85242317893552,1.111014600028284,nan,1815.457690608793,jitter,1.5,5.0
30013,high,moderate,DT-KF-CostAware,1650,1630,446.98651114691023,1030.9622268718927,16.90909090909091,18.11111111111111,206.1162356634147,16.739957743354864,0.3890029162588473,0.8826741653433092,0.5454545454545454,0.0,1.756690173631069,12.530735724780103,25.119518627627905,324120.00000000006,1.6978255972928664,0.08256206820801085,83.0909090909091,0.0,91.57575757575758,7.878787878787879,190.1,302.49499999999995,433.03300000000036,1.09375,99.82193136836715,1.0957010999554768,nan,1810.712793918541,jitter,1.5,5.0
30014,high,moderate,DT-KF-CostAware,1646,1632,425.9769635595199,1006.5636740329263,14.641555285540704,18.133333333333333,151.3136951048107,15.078972449426725,0.3747232749938846,0.9251803859885651,0.3645200486026732,0.0,1.8158142746180554,12.110758670826868,23.73506963175378,210240.0,2.1366550677110503,0.07846348316576277,85.3584447144593,0.0,93.9854191980559,5.6500607533414335,184.5,319.9899999999999,477.36400000000003,1.0625,100.63927964765341,1.055750800005626,nan,1874.4953828019397,jitter,1.5,5.0
30015,high,moderate,DT-KF-CostAware,1582,1572,443.45669732157467,997.6504543335082,14.601769911504425,17.466666666666665,154.68751812938024,15.062964243488969,0.37237453851018304,0.9332079130595928,0.18963337547408343,0.0,1.8116280133178873,12.673735430314743,24.66049201240645,369379.99999999994,2.4642653833290953,0.09916511056857708,85.39823008849558,0.0,95.38558786346397,4.424778761061947,193.7,343.29,537.5479999999999,1.078125,98.03778927780698,1.0997034999891184,nan,1748.6531597098929,jitter,1.5,5.0
30016,high,moderate,DT-KF-CostAware,1590,1577,436.1115711814661,1033.85172195826,13.270440251572326,17.522222222222222,188.3884983542483,16.90350460454708,0.377324629804711,0.942021830157117,0.12578616352201258,0.0,1.818171306735437,12.155522230870067,23.10233845209361,372300.0,2.0999404706641758,0.11111683704770957,86.72955974842768,0.0,93.01886792452831,6.855345911949685,183.7,312.3,457.9050000000005,1.03125,99.95126739788174,1.0317527999868616,nan,1876.4184599495666,jitter,1.5,5.0
30017,high,moderate,DT-KF-CostAware,1631,1617,443.41682316951466,1015.5836324966152,14.530962599632128,17.966666666666665,178.0564509784059,16.26284170467261,0.3807216229434688,0.9503363082103337,0.4291845493562232,0.0,1.7308692308526323,12.549007503006646,24.648209992250113,375220.00000000006,1.6731343328172847,0.10278314773345834,85.46903740036787,0.0,93.93010423053342,5.6407112201103615,187.5,342.39999999999975,481.379,1.078125,93.29770085573136,1.1555751000414602,nan,1737.662917735036,jitter,1.5,5.0
30018,high,moderate,DT-KF-CostAware,1588,1566,447.21898571109574,956.9324380647438,13.97984886649874,17.4,208.961732840702,19.50542351424656,0.4052279767043009,0.9194550042603395,0.818639798488665,0.0,1.677018452836372,12.685380788032276,25.49420671957011,213159.99999999997,2.2312512508656615,0.06635890830794827,86.02015113350126,0.0,84.88664987405542,14.294710327455919,186.7,366.39999999999975,569.0959999999995,1.125,100.57458933268855,1.118572800012771,nan,1737.0349073192342,jitter,1.5,5.0
30019,high,moderate,DT-KF-CostAware,1588,1572,450.2681018195997,1034.8046722364927,14.861460957178842,17.466666666666665,184.26233479432713,17.85039897731293,0.38740172882612867,0.9469939295716581,0.6297229219143576,0.0,1.9253444351830713,13.08789364062684,26.068675995669725,372299.99999999953,1.7647353266736951,0.0936124591123583,85.13853904282117,0.0,92.2544080604534,7.1158690176322414,183.4,323.2199999999999,527.4559999999993,1.015625,97.49501761663308,1.0417198999784887,nan,1859.424975984426,jitter,1.5,5.0
30000,high,moderate,DT-KF-CostAware,1588,1574,474.2760319743341,1148.0465170226676,17.191435768261965,17.488888888888887,204.7010553863682,15.868712038735145,0.386840694057154,0.9491493564204202,0.2518891687657431,0.0,1.7539678925268352,37.701259961224686,74.20989563952412,370840.0000000002,1.9016327099286578,0.10697897077084384,82.80856423173803,0.0,95.02518891687657,4.722921914357682,186.9,309.7999999999999,486.37199999999996,1.046875,99.47650297466103,1.0523841999820434,nan,1851.9852350816893,jitter,1.5,15.0
30001,high,moderate,DT-KF-CostAware,1574,1561,472.8688811791729,1088.041089952455,18.424396442185515,17.344444444444445,195.50909435389318,17.219615800741174,0.40180686387592496,0.9149782751602119,0.5082592121982211,0.0,1.8451758036639196,35.865600518716555,70.55452617317059,429239.9999999999,2.16166019370538,0.11251129672660073,81.57560355781449,0.0,91.99491740787802,7.496823379923761,182.9,310.7999999999999,474.128,1.046875,100.41112089392848,1.0425887000164948,nan,1869.3853098246364,jitter,1.5,15.0
30002,high,moderate,DT-KF-CostAware,1626,1593,474.5254370355996,1053.1029816270702,19.74169741697417,17.7,203.7302095733007,16.54575853930113,0.4028837897223518,0.9188416241870276,1.5375153751537516,0.0,1.8772364780382151,38.569465555467715,76.6912751390936,362079.9999999999,1.9614376631676094,0.09942929802007446,80.25830258302582,0.0,89.36039360393605,9.102091020910208,185.2,328.0649999999999,469.54200000000026,1.09375,99.71782704094245,1.0968449999927543,nan,1827.0585178518736,jitter,1.5,15.0
30003,high,moderate,DT-KF-CostAware,1611,1566,474.9857460271025,984.301069317521,19.801365611421478,17.4,216.82891075436206,18.676308476925982,0.4222625643469215,0.9114671276705543,2.1725636250775917,0.0,1.830466998156541,38.235751925738256,80.13544401279573,281780.00000000006,2.405656442925592,0.08526899525541305,80.19863438857853,0.0,83.11607697082557,14.711359404096834,182.0,295.63999999999993,467.4549999999998,1.03125,99.456833083624,1.0368819999857806,nan,1894.1403168604852,jitter,1.5,15.0
30004,high,moderate,DT-KF-CostAware,1616,1594,467.34547857403,1071.2281474175936,18.68811881188119,17.711111111111112,202.41373174802575,16.788919416981024,0.3950679938953875,0.9150592216582064,0.6806930693069307,0.0,1.8323769328480863,36.77729929989953,73.42790276957399,329960.0,2.3275456949081095,0.09365956512390208,81.31188118811882,0.0,90.71782178217822,8.601485148514852,183.7,301.0949999999999,432.4379999999992,1.046875,100.30108289290717,1.0437324999948032,nan,1881.708196314457,jitter,1.5,15.0
30005,high,moderate,DT-KF-CostAware,1638,1613,472.0818506274357,1095.3470209365087,18.925518925518926,17.92222222222222,194.48675885198983,17.450242245358424,0.406442139032539,0.8829532228565095,0.9768009768009768,0.0,1.7394028132784451,36.27265157461325,72.31494806132778,264260.0,2.3390477404370422,0.08955483823102893,81.07448107448107,0.0,87.72893772893772,11.294261294261295,184.6,328.0,483.35,1.0625,98.51534363913159,1.0785121999797411,nan,1832.1535908792848,jitter,1.5,15.0
30006,high,moderate,DT-KF-CostAware,1607,1570,475.0508587058384,1078.021723583194,17.859365276913504,17.444444444444443,211.671277480919,19.09180474352076,0.41931020967623023,0.895929768867482,1.866832607342875,0.0,1.7490982972842504,39.05441850214138,79.67259698260601,381059.9999999999,1.892235720748593,0.09099496623436389,82.14063472308649,0.0,84.56751711263223,13.565650280024892,183.7,295.25,436.75,1.03125,100.09392571671009,1.03028229996562,nan,1893.6557485895894,jitter,1.5,15.0
30007,high,moderate,DT-KF-CostAware,1598,1559,482.3575551060035,1101.7816370744792,19.64956195244055,17.322222222222223,212.38431208073723,18.17516341576042,0.4206508009768004,0.9197204868937979,2.002503128911139,0.0,1.7784866178733303,38.78530850292247,77.28240968224819,319740.00000000006,1.8479055914083895,0.09696760842508148,80.35043804755945,0.0,85.04380475594493,12.95369211514393,183.6,315.3599999999999,456.95799999999997,1.046875,100.12929411709888,1.0455232000094838,nan,1858.3996988133551,jitter,1.5,15.0
30008,high,moderate,DT-KF-CostAware,1645,1619,483.52705798063016,1060.7520887429423,19.33130699088146,17.988888888888887,237.5855751759521,19.93744345679528,0.41045216226878833,0.9387771364982365,1.21580547112462,0.0,1.7894861519996692,37.67515627934452,74.98828979648222,531439.9999999995,1.7325770685287618,0.10674811629594391,80.66869300911854,0.0,86.13981762917933,12.644376899696049,179.1,287.9,408.76,1.03125,100.19693494544394,1.0292231000494212,nan,1924.7527575944189,jitter,1.5,15.0
30009,high,moderate,DT-KF-CostAware,1702,1677,484.7388595201244,1151.9103827749843,21.504112808460633,18.633333333333333,205.96705082560695,18.49841743376509,0.39828827832741653,0.9397722703142486,0.8225616921269095,0.0,1.7592034449883855,36.230924496173024,72.06900581311172,400039.99999999994,1.8813544623429057,0.10835611531037091,78.49588719153937,0.0,91.8331374853114,7.344300822561692,183.2,259.35,397.99000000000024,1.046875,99.0374810334991,1.0570492999977432,nan,1945.0370006435742,jitter,1.5,15.0
30010,high,moderate,DT-KF-CostAware,1602,1575,468.05067363742404,987.1847137586218,16.416978776529337,17.5,211.59007313777985,18.77912224611087,0.41301644999271275,0.9371786892136575,1.4981273408239701,0.0,1.7962593543728114,34.82275356475569,69.90361464707607,310980.0000000001,2.1549283887180937,0.09421121722752941,83.58302122347067,0.0,85.2059925093633,13.295880149812733,176.1,258.17999999999995,367.51999999999975,0.96875,98.84368953016697,0.980082800029777,nan,2006.9732883183322,jitter,1.5,15.0
30011,high,moderate,DT-KF-CostAware,1585,1564,474.37808035018827,1046.0376365698714,17.22397476340694,17.377777777777776,179.18156320418495,15.509528027131342,0.3970264052630875,0.937795138324355,0.6309148264984227,0.0,1.8399363533356996,37.297323203401284,72.99715483225843,321200.00000000047,2.050807936601178,0.09419028010649674,82.77602523659306,0.0,91.4826498422713,7.886435331230284,181.4,252.03999999999965,363.5840000000006,0.96875,99.48280238369111,0.9737864000489935,nan,1985.034911046967,jitter,1.5,15.0
30012,high,moderate,DT-KF-CostAware,1650,1627,476.1789473882372,1050.1169725555321,17.575757575757574,18.07777777777778,210.33417840936627,19.96750930636594,0.4105779266874482,0.9051478661508625,0.8484848484848485,0.0,1.790001114743185,35.642598087667224,69.31552513903343,391279.9999999998,1.8911864082045236,0.08702821163360548,82.42424242424242,0.0,88.66666666666667,10.484848484848484,193.8,508.31999999999925,851.639999999998,1.234375,86.88167783798364,1.4207540999632329,nan,1419.6686112341306,jitter,1.5,15.0
30013,high,moderate,DT-KF-CostAware,1650,1620,476.6115409479096,1084.9113301879936,21.21212121212121,18.0,217.98819190896722,17.342945629043122,0.40779754940311974,0.8602031356892865,1.0909090909090908,0.0,1.7323922844933104,36.31131991924828,70.5605637949677,344560.0,1.804785636135605,0.08345543373442131,78.78787878787878,0.0,88.18181818181819,10.727272727272727,179.8,308.62499999999994,461.32200000000046,1.046875,99.65340841858068,1.0505160000175238,nan,1888.5956996056268,jitter,1.5,15.0
30014,high,moderate,DT-KF-CostAware,1646,1634,462.5385850985366,1033.395228318733,19.07654921020656,18.155555555555555,160.70749985577027,15.561372056167931,0.3934807560265917,0.9183280306255381,0.24301336573511542,0.0,1.809379580700403,36.742592533215,74.31216943491236,208780.0,2.122289108066274,0.07794823776030274,80.92345078979343,0.0,92.46658566221141,7.290400972053463,184.6,314.2699999999999,473.398,1.078125,100.74647472606543,1.0701367000001483,nan,1849.2964496963107,jitter,1.5,15.0
30015,high,moderate,DT-KF-CostAware,1582,1568,476.58193770189985,1038.5422618712178,18.83691529709229,17.42222222222222,169.10706105180222,15.701196551279,0.3911879369933519,0.9160173904831289,0.37926675094816686,0.0,1.8115664915521714,37.39045205551226,74.13883756077198,341640.0,2.2801158798618397,0.08963665783494693,81.16308470290771,0.0,93.55246523388116,6.06826801517067,188.0,333.73999999999995,480.558,1.0625,100.09824229991663,1.0614572000340559,nan,1811.660422990491,jitter,1.5,15.0
30016,high,moderate,DT-KF-CostAware,1590,1569,467.2350027392897,1104.6339213480464,16.855345911949687,17.433333333333334,188.82554532773415,16.92957293160688,0.39712372647044425,0.9461153555950034,0.5660377358490566,0.0,1.8072121350761554,36.43263181406427,73.85702201157221,354779.99999999994,2.0021617568142656,0.09547800825052832,83.14465408805032,0.0,91.32075471698113,8.11320754716981,181.3,308.175,440.7050000000005,1.03125,100.52421734119292,1.0258722000289708,nan,1887.1746402186618,jitter,1.5,15.0
30017,high,moderate,DT-KF-CostAware,1631,1612,470.74557833167944,1040.972766122783,17.53525444512569,17.91111111111111,192.99048125137753,17.080179374319577,0.3960924706674476,0.9493265794267756,0.674432863274065,0.0,1.7088343807321735,37.638636962599,74.76931024913085,357700.00000000006,1.5963087379807148,0.08623757845822516,82.46474555487431,0.0,91.10974862047823,8.215818516247701,182.3,301.04999999999984,444.93700000000007,1.0625,99.46352417647078,1.068230799981393,nan,1879.743591024502,jitter,1.5,15.0
30018,high,moderate,DT-KF-CostAware,1588,1537,464.1022340944742,964.8357532187231,19.836272040302266,17.07777777777778,228.01463947842154,20.307542490505817,0.4296938603768781,0.9094171120551825,2.707808564231738,0.0,1.6575211753791896,38.57345302996526,77.80661274270022,202939.99999999997,2.127741889622262,0.06565529900046453,80.16372795969774,0.0,79.97481108312343,17.317380352644836,184.0,316.6599999999999,457.4019999999999,1.078125,101.18009423820851,1.0655504999449477,nan,1823.4705911173485,jitter,1.5,15.0
30019,high,moderate,DT-KF-CostAware,1588,1568,476.7956027974058,1062.6901798903607,18.57682619647355,17.42222222222222,199.58088395092466,18.547733520040342,0.40550823756910753,0.9353638358032514,0.6926952141057935,0.0,1.902434772126186,38.580364765268946,78.67141260252575,414639.99999999953,1.966400278171845,0.10803596344912716,81.42317380352645,0.0,89.92443324937028,9.382871536523929,180.2,328.4199999999998,506.1119999999999,1.046875,100.23274582144089,1.0444440999999642,nan,1854.5750797003557,jitter,1.5,15.0
30000,high,moderate,DT-KF-CostAware,1588,1546,511.6413367632395,1146.853694363279,25.503778337531486,17.177777777777777,220.07304055047385,16.678816771089785,0.4214372827705648,0.9353915668231797,1.9521410579345089,0.0,1.7379053583878665,75.22274192368853,150.3446001714972,363540.0000000002,1.8662422677538661,0.09981109440692312,74.49622166246851,0.0,90.11335012594458,7.934508816120907,180.1,304.97999999999973,443.31999999999994,1.0,97.62466498918428,1.0243312999955378,nan,1902.7047206392015,jitter,1.5,30.0
30001,high,moderate,DT-KF-CostAware,1574,1515,499.36133757034963,1089.4869300928683,24.587039390088947,16.833333333333332,213.16135489240727,17.93589466142698,0.43851396669734743,0.896686987416265,3.4307496823379924,0.0,1.8187537642766451,69.23088432137077,138.85276497958102,369379.99999999994,1.8619414144252215,0.0804067577094139,75.41296060991105,0.0,86.27700127064803,10.292249047013977,184.9,311.17999999999984,490.2599999999997,1.03125,98.83554713556252,1.0433999000233598,nan,1867.9319405305343,jitter,1.5,30.0
30002,high,moderate,DT-KF-CostAware,1626,1532,511.42814420144447,1087.9745210258122,28.105781057810578,17.022222222222222,218.65137790134102,17.269814062571914,0.44514412489060834,0.8990721829034659,5.289052890528906,0.0,1.8517737598173034,76.19828577835374,150.48811116788826,359159.9999999999,1.9482599103266662,0.09907022612072382,71.89421894218943,0.0,83.33333333333333,11.377613776137762,179.75,333.7599999999999,459.3890000000001,1.0625,98.84618361933695,1.074902399966959,nan,1864.3553126884826,jitter,1.5,30.0
30003,high,moderate,DT-KF-CostAware,1611,1452,507.0705011207161,1075.4496052871048,29.981378026070765,16.133333333333333,236.5360659265268,19.254480321181333,0.4792913869045967,0.8278279524580272,9.31098696461825,0.0,1.8349848506434354,76.18791979019713,153.0598771903481,289080.0,2.480834208393506,0.08060265146443875,70.01862197392924,0.0,73.4326505276226,17.256362507759157,175.9,304.025,461.75499999999874,0.984375,99.44724757443828,0.9898463999852538,nan,1984.1462271613643,jitter,1.5,30.0
30004,high,moderate,DT-KF-CostAware,1616,1552,505.6212439260791,1083.6432651185926,27.66089108910891,17.244444444444444,221.50137088841137,17.72628015808742,0.4300254191555077,0.8859542346910997,3.217821782178218,0.0,1.8246087471196024,73.0880584949905,143.82563240880052,321200.0,2.2690935889487513,0.0859292346205127,72.33910891089108,0.0,84.22029702970298,12.561881188118813,179.9,310.66999999999996,481.2589999999999,1.046875,100.73288798659168,1.0392584000364877,nan,1889.8091176660637,jitter,1.5,30.0
30005,high,moderate,DT-KF-CostAware,1638,1535,508.73284810063427,1144.355060355029,28.754578754578755,17.055555555555557,207.06101527112767,17.830705277656843,0.45255473186202994,0.8559463018435496,5.738705738705739,0.0,1.7301390874887277,73.66326683022038,147.22268839275185,224840.0,1.9986472418730286,0.0731020092620696,71.24542124542124,0.0,80.21978021978022,14.041514041514041,176.4,316.625,470.125,1.0,98.38591027113158,1.0164057000074536,nan,1944.1055869575598,jitter,1.5,30.0
30006,high,moderate,DT-KF-CostAware,1607,1469,511.29239431620573,1084.393494075739,28.81144990665837,16.322222222222223,222.91280902654262,19.277358570240843,0.4736279020731129,0.857990615982368,8.151835718730554,0.0,1.748289532477694,77.77823960774118,157.81211394098804,367920.00000000006,1.83284961486844,0.07602696978956447,71.18855009334163,0.0,76.78904791537026,15.059116365899191,183.0,355.75,531.3499999999999,1.0625,99.31451950050125,1.0698335000197403,nan,1823.648259251557,jitter,1.5,30.0
30007,high,moderate,DT-KF-CostAware,1598,1456,524.7394649699393,1188.0755500202786,31.101376720901126,16.177777777777777,223.6435343984043,18.425570408451,0.4748051245205739,0.8857423107925686,8.385481852315394,0.0,1.7494670886926644,79.18678733949734,153.795398271253,268640.0,1.560094927455644,0.07081268168504797,68.89862327909887,0.0,76.0325406758448,15.5819774718398,176.6,283.8599999999999,436.66799999999967,0.984375,99.8841825444792,0.9855164000182413,nan,1971.5552171065203,jitter,1.5,30.0
30008,high,moderate,DT-KF-CostAware,1645,1531,520.4345766819612,1138.0345874711963,28.44984802431611,17.011111111111113,250.09446927859116,20.311356134515886,0.460041797379909,0.9141861981558356,6.62613981762918,0.0,1.7722574764635501,75.14710149981592,147.88388895849153,528519.9999999997,1.7265715878421541,0.11191143110694476,71.55015197568389,0.0,77.02127659574468,16.35258358662614,180.0,293.1,425.46000000000055,1.03125,100.88963872301204,1.0221564999665134,nan,1938.0593872512663,jitter,1.5,30.0
30009,high,moderate,DT-KF-CostAware,1702,1624,507.1883860061064,1136.865985259053,28.613396004700352,18.044444444444444,226.47343233338543,19.438502007137718,0.434853690895801,0.913382101892924,3.8777908343125733,0.0,1.7493071745937394,73.80015716246365,146.35400116803194,383980.0,1.8077554393792485,0.09842145753315149,71.38660399529965,0.0,86.3689776733255,9.753231492361927,188.5,376.975,607.4900000000002,1.171875,97.00719908503416,1.2080288999713957,nan,1701.9460379206846,jitter,1.5,30.0
30010,high,moderate,DT-KF-CostAware,1602,1502,498.6766869140252,1028.8439994507596,25.031210986267165,16.68888888888889,238.47121982189736,19.87783606452071,0.4556661252687175,0.8874460329645076,5.867665418227216,0.0,1.78702576557037,70.0539955710556,135.12199256480886,281780.00000000006,1.9556984129540005,0.08439445329737065,74.96878901373283,0.0,75.59300873907615,18.53932584269663,176.2,294.5,411.30199999999996,1.0,100.53873682112453,0.9946415000013076,nan,1977.5969532715196,jitter,1.5,30.0
30011,high,moderate,DT-KF-CostAware,1585,1480,506.5436031014562,1068.2477108414403,27.381703470031546,16.444444444444443,192.66010505814126,15.907965413069897,0.44562515029995586,0.9029921533675132,5.930599369085174,0.0,1.8343739332353934,75.16217007560886,147.85540126509414,316820.00000000047,2.0300509306856367,0.09259513277319603,72.61829652996846,0.0,83.65930599369085,10.410094637223974,184.4,289.61999999999995,431.2840000000004,1.0,98.7430795902281,1.0127292000106536,nan,1908.7037284791093,jitter,1.5,30.0
30012,high,moderate,DT-KF-CostAware,1650,1534,512.5432292438264,1086.307909654117,28.545454545454547,17.044444444444444,230.18910627706924,20.541753366076154,0.46090786153065905,0.8505005721968357,6.606060606060606,0.0,1.7863276909949626,72.85933160239021,147.88284644730638,376679.9999999998,1.8260289106701104,0.08510720108484858,71.45454545454545,0.0,79.39393939393939,14.0,176.0,311.0799999999996,433.93999999999994,1.03125,99.33952820291171,1.0381063999957405,nan,1942.960760099616,jitter,1.5,30.0
30013,high,moderate,DT-KF-CostAware,1650,1545,505.9298477364296,1069.9402125643928,30.060606060606062,17.166666666666668,228.1144906459336,17.715711754764463,0.454432239206338,0.8400358116173787,5.757575757575758,0.0,1.7079988217690738,74.35880452083119,151.19667927393695,350400.00000000006,1.8401826570346973,0.08625492171673069,69.93939393939394,0.0,81.6969696969697,12.545454545454545,181.5,303.285,486.5920000000013,1.03125,98.95504432437396,1.0421399000333622,nan,1903.7751072926828,jitter,1.5,30.0
30014,high,moderate,DT-KF-CostAware,1646,1571,496.1513324724909,1039.3473253924467,27.64277035236938,17.455555555555556,174.10374554783525,16.01935408441646,0.43631175747316014,0.9071252118850814,4.131227217496963,0.0,1.80076509303523,74.95637265093873,151.4240035209673,221920.00000000003,2.263252628129705,0.07732564982129969,72.35722964763062,0.0,86.45200486026731,9.416767922235723,179.4,307.21,439.83000000000015,1.015625,99.14343972881193,1.0243995999917388,nan,1931.8633080449852,jitter,1.5,30.0
30015,high,moderate,DT-KF-CostAware,1582,1499,510.3016999293414,1084.6623335056768,28.00252844500632,16.655555555555555,183.09636024764652,16.177643808338438,0.43818409707744044,0.888327125370383,4.677623261694058,0.0,1.8073815976165606,75.7100972163554,150.35877125617424,347479.99999999994,2.32609404507741,0.09037241713973619,71.99747155499368,0.0,86.85208596713022,8.470290771175726,179.5,293.60999999999973,439.9019999999998,1.0,100.26130100227914,0.9973938000039198,nan,1928.0248182738278,jitter,1.5,30.0
30016,high,moderate,DT-KF-CostAware,1590,1476,487.81966268139695,1054.7838837755085,25.345911949685533,16.4,211.3781493975926,17.77587555054834,0.4509997632261268,0.9265643118074264,6.540880503144654,0.0,1.7986017362054054,72.58572998279058,143.96733936826766,347480.0,1.9684543130013439,0.09504184790203252,74.65408805031447,0.0,82.57861635220125,10.880503144654089,185.4,343.9,491.7750000000003,1.046875,99.32611470986375,1.0539776000077836,nan,1836.8511816434263,jitter,1.5,30.0
30017,high,moderate,DT-KF-CostAware,1631,1560,494.1342178652391,1026.1540244565344,25.628448804414468,17.333333333333332,213.0288755394075,18.046263845090067,0.4356595480089603,0.9255193117823594,3.9852851011649295,0.0,1.685540706765854,76.8738782352452,152.988899323399,363540.00000000006,1.625478256087272,0.09063848063457895,74.37155119558552,0.0,83.8749233599019,12.139791538933169,183.4,299.0099999999998,456.5450000000004,1.046875,97.1507849763577,1.0775775000220165,nan,1863.4390565495046,jitter,1.5,30.0
30018,high,moderate,DT-KF-CostAware,1588,1403,497.14068836226716,1009.9356078415127,30.037783375314863,15.588888888888889,238.22257390588985,20.214531676782894,0.49342472503132434,0.878118706400864,11.146095717884132,0.0,1.6402625367967956,76.39316442431196,156.56266308763878,205860.0,2.1831872943717228,0.06614770557381104,69.96221662468514,0.0,69.39546599496222,19.45843828715365,174.9,297.5199999999999,457.68599999999986,0.96875,100.08490299480849,0.9679281999706291,nan,2007.3802995500685,jitter,1.5,30.0
30019,high,moderate,DT-KF-CostAware,1588,1474,516.5717919084391,1121.638341058825,27.07808564231738,16.377777777777776,209.07333487762187,18.53764068332027,0.4594834181322747,0.9115335034709823,6.6120906801007555,0.0,1.8884865240884265,75.86368634242817,154.92127801468743,363539.99999999953,1.7308875924345803,0.095564516639047,72.92191435768262,0.0,81.92695214105794,11.46095717884131,181.8,335.75999999999993,537.0079999999988,1.046875,99.41694071772912,1.0530146999517456,nan,1839.480493566484,jitter,1.5,30.0
30000,high,moderate,DT-KF-CostAware,1588,942,576.3154021913765,1224.5559162619836,57.178841309823675,10.466666666666667,294.666083937832,19.59964337632395,0.6692605366145503,0.5031493837327787,40.23929471032746,0.0,1.5274851977057526,133.64488737407135,275.4354267058876,277400.00000000023,1.4714220296702132,0.052069198817496255,42.821158690176325,0.0,33.94206549118388,25.818639798488665,158.7,290.9199999999999,445.54399999999976,0.78125,96.58125237300617,0.8089043999789283,nan,2409.4318191998595,jitter,1.5,50.0
30001,high,moderate,DT-KF-CostAware,1574,1094,544.3144652634016,1142.1572692740147,47.141041931385004,12.155555555555555,292.66273523555327,20.761723904054513,0.6123137542970375,0.5841723926797742,30.30495552731893,0.0,1.6564258864886463,115.52055415387763,229.37800895688088,360620.0,1.857997796390501,0.05828254572033329,52.858958068614996,0.0,40.787801778907244,28.907242693773824,163.2,266.23999999999995,439.44399999999985,0.84375,99.18308403777037,0.8506995000061579,nan,2291.0557723213565,jitter,1.5,50.0
30002,high,moderate,DT-KF-CostAware,1626,840,561.7988095572672,1098.6886789564094,61.68511685116851,9.333333333333334,308.84785697933603,21.131042828327818,0.7185497078955467,0.30519453593346446,47.97047970479705,0.0,1.5980240800951142,137.8652876071483,280.88692194474675,274479.99999999994,1.5535936900821705,0.04409780699968787,38.31488314883149,0.0,19.92619926199262,32.103321033210335,156.35000000000002,252.98499999999999,384.53100000000006,0.78125,100.93168503840624,0.7740384000353515,nan,2589.0188392571663,jitter,1.5,50.0
30003,high,moderate,DT-KF-CostAware,1611,878,544.9747836364927,1044.1728671450633,58.845437616387336,9.755555555555556,299.52760405453154,20.702839015078364,0.701139198264629,0.45807383224510295,45.189323401613905,0.0,1.7186914843239636,130.34229081760947,261.6917099539166,220460.00000000006,2.0153626839226426,0.03821815567484254,41.154562383612664,0.0,23.898199875853507,30.91247672253259,157.0,275.72499999999997,404.748,0.78125,99.86204019061701,0.7823293000110425,nan,2510.451800759959,jitter,1.5,50.0
30004,high,moderate,DT-KF-CostAware,1616,862,545.2087292127475,1005.9759920129068,58.8490099009901,9.577777777777778,336.16074271216456,22.44589122899618,0.7057349957554315,0.32262137504072985,46.101485148514854,0.0,1.7362243435623754,121.92826157620661,241.50621035548275,300760.0,2.2322439157696796,0.04089032061856555,41.1509900990099,0.0,16.893564356435643,37.004950495049506,159.0,299.0649999999999,459.26099999999946,0.828125,99.06687822994871,0.835925200022757,nan,2349.492514338044,jitter,1.5,50.0
30005,high,moderate,DT-KF-CostAware,1638,932,537.7382240901618,1077.207676555711,55.55555555555556,10.355555555555556,283.9810284843822,19.873592931506952,0.6813205230872011,0.5318108605614358,42.73504273504273,0.0,1.5653003899769227,129.72142478389637,262.83519531068333,156220.00000000006,1.4664643668027093,0.03148274374277702,44.44444444444444,0.0,26.55677655677656,30.70818070818071,164.75,269.975,417.625,0.84375,100.2797016284552,0.8413966000080109,nan,2348.476330877955,jitter,1.5,50.0
30006,high,moderate,DT-KF-CostAware,1607,690,581.9595852928602,1091.1531594309747,67.39265712507779,7.666666666666667,299.70404559735294,20.238808004043488,0.7723150451377061,0.42839713283513803,56.87616677037959,0.0,1.6533214817097255,144.23567360304065,284.9501647937139,351859.9999999999,1.846987097703811,0.04503130537951479,32.60734287492222,0.0,13.192283758556316,29.931549471064095,153.3,250.05,378.8,0.71875,99.83237883267816,0.7199567999923602,nan,2709.8848153398967,jitter,1.5,50.0
30007,high,moderate,DT-KF-CostAware,1598,720,584.1149856302974,1058.923300370128,66.39549436795996,8.0,290.35388855214933,19.849605817332154,0.7592180632717362,0.47632814288985575,54.630788485607006,0.0,1.4303895852267885,157.80699342781227,328.7153007559873,210240.0,1.2849474191619616,0.02850183575846189,33.60450563204005,0.0,16.270337922403005,29.09887359198999,159.6,287.69,409.4439999999995,0.765625,98.37847853583528,0.7782443999894895,nan,2496.6450128343245,jitter,1.5,50.0
30008,high,moderate,DT-KF-CostAware,1645,898,564.8167105181348,1122.2651809426159,59.39209726443769,9.977777777777778,354.51529238543765,23.820882762085525,0.7040690557995032,0.3574781117429371,45.16717325227963,0.0,1.5863099009673425,127.3625957246819,254.43878687290461,461359.9999999996,1.5396457273045658,0.05874577075320552,40.60790273556231,0.0,21.641337386018236,33.191489361702125,161.4,277.8,389.16000000000014,0.8125,98.81263094056797,0.8222633000114001,nan,2409.2039617632636,jitter,1.5,50.0
30009,high,moderate,DT-KF-CostAware,1702,969,563.4429784799149,1120.672658179799,57.050528789659225,10.766666666666667,311.57154459100457,22.078043290503707,0.6848295495527834,0.6199093643310031,42.53819036427732,0.0,1.579822533126871,126.69556219212774,259.7429886777868,341640.0,1.675119571196063,0.05429811269429019,42.949471210340775,0.0,29.25969447708578,28.202115158636897,159.95,272.475,413.9550000000001,0.828125,97.37063711697695,0.8504874000209384,nan,2417.4373423396783,jitter,1.5,50.0
30010,high,moderate,DT-KF-CostAware,1602,1024,530.976975302807,1049.6961492780083,50.06242197253433,11.377777777777778,315.5564666588882,22.280814921846154,0.6445137159515484,0.5134325913615954,35.830212234706615,0.0,1.7485511901977366,114.73534801211561,223.76460061060752,248200.0000000001,1.7913541540362492,0.046701036249632365,49.93757802746567,0.0,31.897627965043696,32.27215980024969,164.5,257.95999999999987,417.2819999999998,0.828125,100.07896343846491,0.8274715999723412,nan,2377.120858366315,jitter,1.5,50.0
30011,high,moderate,DT-KF-CostAware,1585,779,575.0660166402386,1125.986304892285,62.8391167192429,8.655555555555555,296.89639687092244,20.03309138066711,0.7306258175290709,0.336107558866865,50.1577287066246,0.0,1.5553176513256035,146.83412448965632,292.75803271873605,236520.00000000067,1.5868503697115852,0.03427294932018757,37.1608832807571,0.0,19.873817034700316,29.968454258675077,156.7,262.93999999999994,415.5240000000003,0.734375,97.95481679665288,0.7497079000459053,nan,2578.337509690962,jitter,1.5,50.0
30012,high,moderate,DT-KF-CostAware,1650,1004,581.2984452468256,1246.1655928889918,55.27272727272727,11.155555555555555,298.0981515969467,21.647848213146208,0.6636780909500819,0.49239585958118376,38.78787878787879,0.0,1.7552406674066083,122.772817231191,255.50640471218716,329959.9999999998,1.6418288388957185,0.04928623200723589,44.72727272727273,0.0,33.15151515151515,28.060606060606062,165.8,291.32,435.1999999999998,0.890625,99.58286171798946,0.8943557000020519,nan,2255.254816395057,jitter,1.5,50.0
30013,high,moderate,DT-KF-CostAware,1650,934,533.2957219346688,1025.9248718909216,56.06060606060606,10.377777777777778,309.69488899680687,20.86586873963312,0.685752116775583,0.39467079607210537,42.84848484848485,0.0,1.4413316781139134,123.89585101434062,258.89557880968124,268640.00000000006,1.4606731003922953,0.03846011615915281,43.93939393939394,0.0,27.515151515151516,29.636363636363637,155.7,286.9699999999998,470.80100000000186,0.796875,97.78814415703773,0.8148993999930099,nan,2434.6563514674554,jitter,1.5,50.0
30014,high,moderate,DT-KF-CostAware,1646,928,545.996355784128,1048.8030903553813,57.776427703523694,10.311111111111112,259.7025938703837,18.7437502298654,0.6851620284208063,0.5169433053186347,43.43863912515188,0.0,1.6828678127237096,133.7178131225112,280.6517497310777,183960.00000000003,1.9937400291322749,0.047793928008423886,42.223572296476306,0.0,31.40947752126367,25.15188335358445,155.4,260.0099999999998,395.90600000000023,0.796875,101.21052551218366,0.7873440000112168,nan,2513.5137880923794,jitter,1.5,50.0
30015,high,moderate,DT-KF-CostAware,1582,803,573.2930054750293,1117.2298280783152,60.80910240202276,8.922222222222222,282.61090143320723,19.418687345684525,0.7202798509624183,0.40255359394703655,49.05183312262958,0.0,1.6038445916018982,140.81596668680163,291.674893351291,195640.0,1.9217866997507886,0.04079956332172399,39.19089759797724,0.0,21.428571428571427,29.519595448798988,156.3,265.8499999999999,426.746,0.765625,101.30640773528994,0.755751800024882,nan,2544.486165877062,jitter,1.5,50.0
30016,high,moderate,DT-KF-CostAware,1590,934,541.7728405470812,1074.704403754274,55.094339622641506,10.377777777777778,262.0580115131107,18.840627434712353,0.6693093650957112,0.8496468386919807,40.62893081761006,0.0,1.638221333995065,127.33009747490392,260.5739407763684,268640.0,1.5705884626175801,0.049421011132728405,44.905660377358494,0.0,37.42138364779874,21.949685534591193,158.0,257.85,407.8250000000002,0.78125,100.83747051834662,0.7747616000124253,nan,2498.833189421044,jitter,1.5,50.0
30017,high,moderate,DT-KF-CostAware,1631,840,569.2222778324603,1122.5736408790062,61.25076640098099,9.333333333333334,314.98456865775904,21.774947828920993,0.719836995055878,0.2781846013818212,48.252605763335374,0.0,1.4183296288510245,131.38993261925623,265.2274635454989,265720.0000000002,1.2327893385156394,0.03524943992670696,38.74923359901901,0.0,20.23298589822195,31.514408338442674,159.0,285.6999999999997,472.1730000000004,0.8125,99.20764532644421,0.8189892999944277,nan,2451.8024838830765,jitter,1.5,50.0
30018,high,moderate,DT-KF-CostAware,1588,816,537.4089680456179,969.7161714440257,60.26448362720403,9.066666666666666,299.9768609195181,20.774057960044853,0.7227971769802267,0.48568489069308407,48.36272040302267,0.0,1.3993742859346834,135.10696506209058,278.758487471513,124100.0,1.4179123577060395,0.01845555424326925,39.73551637279597,0.0,20.34005037783375,31.297229219143578,157.2,258.3499999999999,397.1699999999999,0.75,99.16940991495323,0.7562815999845043,nan,2569.148846196722,jitter,1.5,50.0
30019,high,moderate,DT-KF-CostAware,1588,771,578.3389306187646,1142.9727047257802,62.8463476070529,8.566666666666666,295.18471926127125,20.1318964210923,0.7383147797792082,0.403591524529629,51.13350125944584,0.0,1.6218468703423912,143.20460495164568,298.4605182633796,324119.9999999996,1.5987314323562267,0.047066947513720946,37.1536523929471,0.0,19.20654911838791,29.65994962216625,154.6,248.53999999999996,378.2359999999997,0.734375,99.50895590715474,0.7379989000037313,nan,2624.6651587017363,jitter,1.5,50.0
