seed,load,algorithm,fog_node_id,completed_tasks
1000,low,DT-KF-CostAware,fog-1,7
1000,low,DT-KF-CostAware,fog-2,3
1000,low,DT-KF-CostAware,fog-3,206
1000,low,DT-KF-CostAware,fog-4,40
1000,low,DT-KF-CostAware,fog-5,47
1000,low,DT-KF-CostAware,fog-6,0
1000,low,DT-KF-CostAware,fog-7,153
1000,low,DT-KF-CostAware,fog-8,0
1000,low,DT-OPT,fog-1,7
1000,low,DT-OPT,fog-2,3
1000,low,DT-OPT,fog-3,206
1000,low,DT-OPT,fog-4,40
1000,low,DT-OPT,fog-5,47
1000,low,DT-OPT,fog-6,0
1000,low,DT-OPT,fog-7,153
1000,low,DT-OPT,fog-8,0
1000,low,SemiGreedy,fog-1,0
1000,low,SemiGreedy,fog-2,0
1000,low,SemiGreedy,fog-3,10
1000,low,SemiGreedy,fog-4,140
1000,low,SemiGreedy,fog-5,83
1000,low,SemiGreedy,fog-6,0
1000,low,SemiGreedy,fog-7,7
1000,low,SemiGreedy,fog-8,0
1000,low,Fog-only,fog-1,3
1000,low,Fog-only,fog-2,0
1000,low,Fog-only,fog-3,47
1000,low,Fog-only,fog-4,204
1000,low,Fog-only,fog-5,169
1000,low,Fog-only,fog-6,0
1000,low,Fog-only,fog-7,32
1000,low,Fog-only,fog-8,1
1001,low,DT-KF-CostAware,fog-1,0
1001,low,DT-KF-CostAware,fog-2,2
1001,low,DT-KF-CostAware,fog-3,5
1001,low,DT-KF-CostAware,fog-4,137
1001,low,DT-KF-CostAware,fog-5,34
1001,low,DT-KF-CostAware,fog-6,215
1001,low,DT-KF-CostAware,fog-7,20
1001,low,DT-KF-CostAware,fog-8,49
1001,low,DT-OPT,fog-1,0
1001,low,DT-OPT,fog-2,2
1001,low,DT-OPT,fog-3,5
1001,low,DT-OPT,fog-4,137
1001,low,DT-OPT,fog-5,32
1001,low,DT-OPT,fog-6,215
1001,low,DT-OPT,fog-7,22
1001,low,DT-OPT,fog-8,49
1001,low,SemiGreedy,fog-1,0
1001,low,SemiGreedy,fog-2,0
1001,low,SemiGreedy,fog-3,0
1001,low,SemiGreedy,fog-4,197
1001,low,SemiGreedy,fog-5,0
1001,low,SemiGreedy,fog-6,64
1001,low,SemiGreedy,fog-7,0
1001,low,SemiGreedy,fog-8,8
1001,low,Fog-only,fog-1,13
1001,low,Fog-only,fog-2,7
1001,low,Fog-only,fog-3,2
1001,low,Fog-only,fog-4,238
1001,low,Fog-only,fog-5,0
1001,low,Fog-only,fog-6,141
1001,low,Fog-only,fog-7,0
1001,low,Fog-only,fog-8,61
1002,low,DT-KF-CostAware,fog-1,1
1002,low,DT-KF-CostAware,fog-2,15
1002,low,DT-KF-CostAware,fog-3,0
1002,low,DT-KF-CostAware,fog-4,3
1002,low,DT-KF-CostAware,fog-5,136
1002,low,DT-KF-CostAware,fog-6,52
1002,low,DT-KF-CostAware,fog-7,50
1002,low,DT-KF-CostAware,fog-8,198
1002,low,DT-OPT,fog-1,0
1002,low,DT-OPT,fog-2,16
1002,low,DT-OPT,fog-3,0
1002,low,DT-OPT,fog-4,3
1002,low,DT-OPT,fog-5,136
1002,low,DT-OPT,fog-6,52
1002,low,DT-OPT,fog-7,50
1002,low,DT-OPT,fog-8,198
1002,low,SemiGreedy,fog-1,0
1002,low,SemiGreedy,fog-2,0
1002,low,SemiGreedy,fog-3,1
1002,low,SemiGreedy,fog-4,0
1002,low,SemiGreedy,fog-5,28
1002,low,SemiGreedy,fog-6,1
1002,low,SemiGreedy,fog-7,52
1002,low,SemiGreedy,fog-8,196
1002,low,Fog-only,fog-1,0
1002,low,Fog-only,fog-2,2
1002,low,Fog-only,fog-3,11
1002,low,Fog-only,fog-4,0
1002,low,Fog-only,fog-5,70
1002,low,Fog-only,fog-6,22
1002,low,Fog-only,fog-7,124
1002,low,Fog-only,fog-8,226
1003,low,DT-KF-CostAware,fog-1,73
1003,low,DT-KF-CostAware,fog-2,51
1003,low,DT-KF-CostAware,fog-3,2
1003,low,DT-KF-CostAware,fog-4,53
1003,low,DT-KF-CostAware,fog-5,34
1003,low,DT-KF-CostAware,fog-6,0
1003,low,DT-KF-CostAware,fog-7,232
1003,low,DT-KF-CostAware,fog-8,10
1003,low,DT-OPT,fog-1,72
1003,low,DT-OPT,fog-2,52
1003,low,DT-OPT,fog-3,2
1003,low,DT-OPT,fog-4,51
1003,low,DT-OPT,fog-5,36
1003,low,DT-OPT,fog-6,0
1003,low,DT-OPT,fog-7,232
1003,low,DT-OPT,fog-8,10
1003,low,SemiGreedy,fog-1,2
1003,low,SemiGreedy,fog-2,1
1003,low,SemiGreedy,fog-3,0
1003,low,SemiGreedy,fog-4,62
1003,low,SemiGreedy,fog-5,0
1003,low,SemiGreedy,fog-6,0
1003,low,SemiGreedy,fog-7,191
1003,low,SemiGreedy,fog-8,12
1003,low,Fog-only,fog-1,21
1003,low,Fog-only,fog-2,5
1003,low,Fog-only,fog-3,3
1003,low,Fog-only,fog-4,135
1003,low,Fog-only,fog-5,0
1003,low,Fog-only,fog-6,0
1003,low,Fog-only,fog-7,238
1003,low,Fog-only,fog-8,53
1004,low,DT-KF-CostAware,fog-1,0
1004,low,DT-KF-CostAware,fog-2,1
1004,low,DT-KF-CostAware,fog-3,206
1004,low,DT-KF-CostAware,fog-4,29
1004,low,DT-KF-CostAware,fog-5,20
1004,low,DT-KF-CostAware,fog-6,0
1004,low,DT-KF-CostAware,fog-7,152
1004,low,DT-KF-CostAware,fog-8,38
1004,low,DT-OPT,fog-1,0
1004,low,DT-OPT,fog-2,1
1004,low,DT-OPT,fog-3,205
1004,low,DT-OPT,fog-4,28
1004,low,DT-OPT,fog-5,23
1004,low,DT-OPT,fog-6,0
1004,low,DT-OPT,fog-7,151
1004,low,DT-OPT,fog-8,38
1004,low,SemiGreedy,fog-1,0
1004,low,SemiGreedy,fog-2,0
1004,low,SemiGreedy,fog-3,150
1004,low,SemiGreedy,fog-4,2
1004,low,SemiGreedy,fog-5,0
1004,low,SemiGreedy,fog-6,0
1004,low,SemiGreedy,fog-7,87
1004,low,SemiGreedy,fog-8,9
1004,low,Fog-only,fog-1,0
1004,low,Fog-only,fog-2,3
1004,low,Fog-only,fog-3,216
1004,low,Fog-only,fog-4,17
1004,low,Fog-only,fog-5,1
1004,low,Fog-only,fog-6,0
1004,low,Fog-only,fog-7,154
1004,low,Fog-only,fog-8,55
1005,low,DT-KF-CostAware,fog-1,16
1005,low,DT-KF-CostAware,fog-2,0
1005,low,DT-KF-CostAware,fog-3,7
1005,low,DT-KF-CostAware,fog-4,0
1005,low,DT-KF-CostAware,fog-5,147
1005,low,DT-KF-CostAware,fog-6,157
1005,low,DT-KF-CostAware,fog-7,124
1005,low,DT-KF-CostAware,fog-8,6
1005,low,DT-OPT,fog-1,18
1005,low,DT-OPT,fog-2,0
1005,low,DT-OPT,fog-3,7
1005,low,DT-OPT,fog-4,0
1005,low,DT-OPT,fog-5,146
1005,low,DT-OPT,fog-6,156
1005,low,DT-OPT,fog-7,125
1005,low,DT-OPT,fog-8,5
1005,low,SemiGreedy,fog-1,20
1005,low,SemiGreedy,fog-2,0
1005,low,SemiGreedy,fog-3,0
1005,low,SemiGreedy,fog-4,0
1005,low,SemiGreedy,fog-5,64
1005,low,SemiGreedy,fog-6,197
1005,low,SemiGreedy,fog-7,0
1005,low,SemiGreedy,fog-8,0
1005,low,Fog-only,fog-1,66
1005,low,Fog-only,fog-2,0
1005,low,Fog-only,fog-3,2
1005,low,Fog-only,fog-4,0
1005,low,Fog-only,fog-5,138
1005,low,Fog-only,fog-6,238
1005,low,Fog-only,fog-7,13
1005,low,Fog-only,fog-8,0
1006,low,DT-KF-CostAware,fog-1,5
1006,low,DT-KF-CostAware,fog-2,1
1006,low,DT-KF-CostAware,fog-3,1
1006,low,DT-KF-CostAware,fog-4,199
1006,low,DT-KF-CostAware,fog-5,113
1006,low,DT-KF-CostAware,fog-6,54
1006,low,DT-KF-CostAware,fog-7,7
1006,low,DT-KF-CostAware,fog-8,42
1006,low,DT-OPT,fog-1,5
1006,low,DT-OPT,fog-2,1
1006,low,DT-OPT,fog-3,1
1006,low,DT-OPT,fog-4,201
1006,low,DT-OPT,fog-5,111
1006,low,DT-OPT,fog-6,54
1006,low,DT-OPT,fog-7,7
1006,low,DT-OPT,fog-8,42
1006,low,SemiGreedy,fog-1,0
1006,low,SemiGreedy,fog-2,0
1006,low,SemiGreedy,fog-3,0
1006,low,SemiGreedy,fog-4,192
1006,low,SemiGreedy,fog-5,0
1006,low,SemiGreedy,fog-6,55
1006,low,SemiGreedy,fog-7,11
1006,low,SemiGreedy,fog-8,2
1006,low,Fog-only,fog-1,0
1006,low,Fog-only,fog-2,0
1006,low,Fog-only,fog-3,1
1006,low,Fog-only,fog-4,224
1006,low,Fog-only,fog-5,9
1006,low,Fog-only,fog-6,116
1006,low,Fog-only,fog-7,54
1006,low,Fog-only,fog-8,18
1007,low,DT-KF-CostAware,fog-1,205
1007,low,DT-KF-CostAware,fog-2,0
1007,low,DT-KF-CostAware,fog-3,98
1007,low,DT-KF-CostAware,fog-4,0
1007,low,DT-KF-CostAware,fog-5,8
1007,low,DT-KF-CostAware,fog-6,24
1007,low,DT-KF-CostAware,fog-7,109
1007,low,DT-KF-CostAware,fog-8,9
1007,low,DT-OPT,fog-1,204
1007,low,DT-OPT,fog-2,0
1007,low,DT-OPT,fog-3,98
1007,low,DT-OPT,fog-4,0
1007,low,DT-OPT,fog-5,8
1007,low,DT-OPT,fog-6,25
1007,low,DT-OPT,fog-7,109
1007,low,DT-OPT,fog-8,9
1007,low,SemiGreedy,fog-1,176
1007,low,SemiGreedy,fog-2,54
1007,low,SemiGreedy,fog-3,0
1007,low,SemiGreedy,fog-4,0
1007,low,SemiGreedy,fog-5,0
1007,low,SemiGreedy,fog-6,10
1007,low,SemiGreedy,fog-7,1
1007,low,SemiGreedy,fog-8,0
1007,low,Fog-only,fog-1,224
1007,low,Fog-only,fog-2,132
1007,low,Fog-only,fog-3,3
1007,low,Fog-only,fog-4,0
1007,low,Fog-only,fog-5,1
1007,low,Fog-only,fog-6,67
1007,low,Fog-only,fog-7,26
1007,low,Fog-only,fog-8,0
1008,low,DT-KF-CostAware,fog-1,81
1008,low,DT-KF-CostAware,fog-2,215
1008,low,DT-KF-CostAware,fog-3,78
1008,low,DT-KF-CostAware,fog-4,2
1008,low,DT-KF-CostAware,fog-5,68
1008,low,DT-KF-CostAware,fog-6,0
1008,low,DT-KF-CostAware,fog-7,1
1008,low,DT-KF-CostAware,fog-8,11
1008,low,DT-OPT,fog-1,81
1008,low,DT-OPT,fog-2,215
1008,low,DT-OPT,fog-3,78
1008,low,DT-OPT,fog-4,2
1008,low,DT-OPT,fog-5,68
1008,low,DT-OPT,fog-6,0
1008,low,DT-OPT,fog-7,1
1008,low,DT-OPT,fog-8,11
1008,low,SemiGreedy,fog-1,0
1008,low,SemiGreedy,fog-2,150
1008,low,SemiGreedy,fog-3,109
1008,low,SemiGreedy,fog-4,0
1008,low,SemiGreedy,fog-5,0
1008,low,SemiGreedy,fog-6,0
1008,low,SemiGreedy,fog-7,0
1008,low,SemiGreedy,fog-8,11
1008,low,Fog-only,fog-1,19
1008,low,Fog-only,fog-2,200
1008,low,Fog-only,fog-3,166
1008,low,Fog-only,fog-4,0
1008,low,Fog-only,fog-5,7
1008,low,Fog-only,fog-6,3
1008,low,Fog-only,fog-7,0
1008,low,Fog-only,fog-8,61
1009,low,DT-KF-CostAware,fog-1,13
1009,low,DT-KF-CostAware,fog-2,51
1009,low,DT-KF-CostAware,fog-3,223
1009,low,DT-KF-CostAware,fog-4,0
1009,low,DT-KF-CostAware,fog-5,127
1009,low,DT-KF-CostAware,fog-6,3
1009,low,DT-KF-CostAware,fog-7,0
1009,low,DT-KF-CostAware,fog-8,9
1009,low,DT-OPT,fog-1,12
1009,low,DT-OPT,fog-2,52
1009,low,DT-OPT,fog-3,223
1009,low,DT-OPT,fog-4,0
1009,low,DT-OPT,fog-5,127
1009,low,DT-OPT,fog-6,3
1009,low,DT-OPT,fog-7,0
1009,low,DT-OPT,fog-8,9
1009,low,SemiGreedy,fog-1,7
1009,low,SemiGreedy,fog-2,0
1009,low,SemiGreedy,fog-3,52
1009,low,SemiGreedy,fog-4,1
1009,low,SemiGreedy,fog-5,184
1009,low,SemiGreedy,fog-6,0
1009,low,SemiGreedy,fog-7,0
1009,low,SemiGreedy,fog-8,1
1009,low,Fog-only,fog-1,59
1009,low,Fog-only,fog-2,1
1009,low,Fog-only,fog-3,121
1009,low,Fog-only,fog-4,4
1009,low,Fog-only,fog-5,223
1009,low,Fog-only,fog-6,0
1009,low,Fog-only,fog-7,1
1009,low,Fog-only,fog-8,17
1010,low,DT-KF-CostAware,fog-1,0
1010,low,DT-KF-CostAware,fog-2,62
1010,low,DT-KF-CostAware,fog-3,50
1010,low,DT-KF-CostAware,fog-4,0
1010,low,DT-KF-CostAware,fog-5,146
1010,low,DT-KF-CostAware,fog-6,188
1010,low,DT-KF-CostAware,fog-7,0
1010,low,DT-KF-CostAware,fog-8,6
1010,low,DT-OPT,fog-1,0
1010,low,DT-OPT,fog-2,61
1010,low,DT-OPT,fog-3,51
1010,low,DT-OPT,fog-4,0
1010,low,DT-OPT,fog-5,146
1010,low,DT-OPT,fog-6,188
1010,low,DT-OPT,fog-7,0
1010,low,DT-OPT,fog-8,6
1010,low,SemiGreedy,fog-1,0
1010,low,SemiGreedy,fog-2,8
1010,low,SemiGreedy,fog-3,0
1010,low,SemiGreedy,fog-4,0
1010,low,SemiGreedy,fog-5,51
1010,low,SemiGreedy,fog-6,208
1010,low,SemiGreedy,fog-7,0
1010,low,SemiGreedy,fog-8,0
1010,low,Fog-only,fog-1,0
1010,low,Fog-only,fog-2,50
1010,low,Fog-only,fog-3,10
1010,low,Fog-only,fog-4,0
1010,low,Fog-only,fog-5,149
1010,low,Fog-only,fog-6,235
1010,low,Fog-only,fog-7,1
1010,low,Fog-only,fog-8,7
1011,low,DT-KF-CostAware,fog-1,0
1011,low,DT-KF-CostAware,fog-2,109
1011,low,DT-KF-CostAware,fog-3,222
1011,low,DT-KF-CostAware,fog-4,58
1011,low,DT-KF-CostAware,fog-5,22
1011,low,DT-KF-CostAware,fog-6,40
1011,low,DT-KF-CostAware,fog-7,0
1011,low,DT-KF-CostAware,fog-8,0
1011,low,DT-OPT,fog-1,0
1011,low,DT-OPT,fog-2,110
1011,low,DT-OPT,fog-3,222
1011,low,DT-OPT,fog-4,58
1011,low,DT-OPT,fog-5,21
1011,low,DT-OPT,fog-6,40
1011,low,DT-OPT,fog-7,0
1011,low,DT-OPT,fog-8,0
1011,low,SemiGreedy,fog-1,0
1011,low,SemiGreedy,fog-2,208
1011,low,SemiGreedy,fog-3,0
1011,low,SemiGreedy,fog-4,20
1011,low,SemiGreedy,fog-5,0
1011,low,SemiGreedy,fog-6,0
1011,low,SemiGreedy,fog-7,46
1011,low,SemiGreedy,fog-8,0
1011,low,Fog-only,fog-1,0
1011,low,Fog-only,fog-2,237
1011,low,Fog-only,fog-3,19
1011,low,Fog-only,fog-4,75
1011,low,Fog-only,fog-5,0
1011,low,Fog-only,fog-6,0
1011,low,Fog-only,fog-7,120
1011,low,Fog-only,fog-8,0
1012,low,DT-KF-CostAware,fog-1,0
1012,low,DT-KF-CostAware,fog-2,54
1012,low,DT-KF-CostAware,fog-3,99
1012,low,DT-KF-CostAware,fog-4,0
1012,low,DT-KF-CostAware,fog-5,2
1012,low,DT-KF-CostAware,fog-6,4
1012,low,DT-KF-CostAware,fog-7,47
1012,low,DT-KF-CostAware,fog-8,221
1012,low,DT-OPT,fog-1,0
1012,low,DT-OPT,fog-2,54
1012,low,DT-OPT,fog-3,99
1012,low,DT-OPT,fog-4,0
1012,low,DT-OPT,fog-5,2
1012,low,DT-OPT,fog-6,4
1012,low,DT-OPT,fog-7,47
1012,low,DT-OPT,fog-8,221
1012,low,SemiGreedy,fog-1,0
1012,low,SemiGreedy,fog-2,0
1012,low,SemiGreedy,fog-3,98
1012,low,SemiGreedy,fog-4,0
1012,low,SemiGreedy,fog-5,109
1012,low,SemiGreedy,fog-6,0
1012,low,SemiGreedy,fog-7,1
1012,low,SemiGreedy,fog-8,60
1012,low,Fog-only,fog-1,2
1012,low,Fog-only,fog-2,0
1012,low,Fog-only,fog-3,145
1012,low,Fog-only,fog-4,0
1012,low,Fog-only,fog-5,160
1012,low,Fog-only,fog-6,0
1012,low,Fog-only,fog-7,13
1012,low,Fog-only,fog-8,107
1013,low,DT-KF-CostAware,fog-1,230
1013,low,DT-KF-CostAware,fog-2,23
1013,low,DT-KF-CostAware,fog-3,129
1013,low,DT-KF-CostAware,fog-4,0
1013,low,DT-KF-CostAware,fog-5,1
1013,low,DT-KF-CostAware,fog-6,33
1013,low,DT-KF-CostAware,fog-7,0
1013,low,DT-KF-CostAware,fog-8,28
1013,low,DT-OPT,fog-1,230
1013,low,DT-OPT,fog-2,22
1013,low,DT-OPT,fog-3,129
1013,low,DT-OPT,fog-4,0
1013,low,DT-OPT,fog-5,1
1013,low,DT-OPT,fog-6,33
1013,low,DT-OPT,fog-7,0
1013,low,DT-OPT,fog-8,29
1013,low,SemiGreedy,fog-1,4
1013,low,SemiGreedy,fog-2,1
1013,low,SemiGreedy,fog-3,60
1013,low,SemiGreedy,fog-4,0
1013,low,SemiGreedy,fog-5,0
1013,low,SemiGreedy,fog-6,186
1013,low,SemiGreedy,fog-7,0
1013,low,SemiGreedy,fog-8,0
1013,low,Fog-only,fog-1,52
1013,low,Fog-only,fog-2,13
1013,low,Fog-only,fog-3,143
1013,low,Fog-only,fog-4,0
1013,low,Fog-only,fog-5,2
1013,low,Fog-only,fog-6,233
1013,low,Fog-only,fog-7,0
1013,low,Fog-only,fog-8,1
1014,low,DT-KF-CostAware,fog-1,17
1014,low,DT-KF-CostAware,fog-2,63
1014,low,DT-KF-CostAware,fog-3,0
1014,low,DT-KF-CostAware,fog-4,89
1014,low,DT-KF-CostAware,fog-5,203
1014,low,DT-KF-CostAware,fog-6,0
1014,low,DT-KF-CostAware,fog-7,12
1014,low,DT-KF-CostAware,fog-8,104
1014,low,DT-OPT,fog-1,16
1014,low,DT-OPT,fog-2,64
1014,low,DT-OPT,fog-3,0
1014,low,DT-OPT,fog-4,88
1014,low,DT-OPT,fog-5,204
1014,low,DT-OPT,fog-6,0
1014,low,DT-OPT,fog-7,12
1014,low,DT-OPT,fog-8,104
1014,low,SemiGreedy,fog-1,0
1014,low,SemiGreedy,fog-2,63
1014,low,SemiGreedy,fog-3,0
1014,low,SemiGreedy,fog-4,189
1014,low,SemiGreedy,fog-5,2
1014,low,SemiGreedy,fog-6,0
1014,low,SemiGreedy,fog-7,0
1014,low,SemiGreedy,fog-8,48
1014,low,Fog-only,fog-1,0
1014,low,Fog-only,fog-2,116
1014,low,Fog-only,fog-3,0
1014,low,Fog-only,fog-4,237
1014,low,Fog-only,fog-5,22
1014,low,Fog-only,fog-6,0
1014,low,Fog-only,fog-7,4
1014,low,Fog-only,fog-8,109
1015,low,DT-KF-CostAware,fog-1,138
1015,low,DT-KF-CostAware,fog-2,8
1015,low,DT-KF-CostAware,fog-3,0
1015,low,DT-KF-CostAware,fog-4,29
1015,low,DT-KF-CostAware,fog-5,226
1015,low,DT-KF-CostAware,fog-6,18
1015,low,DT-KF-CostAware,fog-7,20
1015,low,DT-KF-CostAware,fog-8,0
1015,low,DT-OPT,fog-1,138
1015,low,DT-OPT,fog-2,8
1015,low,DT-OPT,fog-3,0
1015,low,DT-OPT,fog-4,29
1015,low,DT-OPT,fog-5,226
1015,low,DT-OPT,fog-6,18
1015,low,DT-OPT,fog-7,20
1015,low,DT-OPT,fog-8,0
1015,low,SemiGreedy,fog-1,3
1015,low,SemiGreedy,fog-2,0
1015,low,SemiGreedy,fog-3,0
1015,low,SemiGreedy,fog-4,6
1015,low,SemiGreedy,fog-5,50
1015,low,SemiGreedy,fog-6,0
1015,low,SemiGreedy,fog-7,201
1015,low,SemiGreedy,fog-8,0
1015,low,Fog-only,fog-1,14
1015,low,Fog-only,fog-2,0
1015,low,Fog-only,fog-3,1
1015,low,Fog-only,fog-4,52
1015,low,Fog-only,fog-5,135
1015,low,Fog-only,fog-6,5
1015,low,Fog-only,fog-7,233
1015,low,Fog-only,fog-8,0
1016,low,DT-KF-CostAware,fog-1,0
1016,low,DT-KF-CostAware,fog-2,230
1016,low,DT-KF-CostAware,fog-3,14
1016,low,DT-KF-CostAware,fog-4,21
1016,low,DT-KF-CostAware,fog-5,54
1016,low,DT-KF-CostAware,fog-6,4
1016,low,DT-KF-CostAware,fog-7,143
1016,low,DT-KF-CostAware,fog-8,0
1016,low,DT-OPT,fog-1,0
1016,low,DT-OPT,fog-2,230
1016,low,DT-OPT,fog-3,13
1016,low,DT-OPT,fog-4,21
1016,low,DT-OPT,fog-5,55
1016,low,DT-OPT,fog-6,4
1016,low,DT-OPT,fog-7,143
1016,low,DT-OPT,fog-8,0
1016,low,SemiGreedy,fog-1,1
1016,low,SemiGreedy,fog-2,177
1016,low,SemiGreedy,fog-3,8
1016,low,SemiGreedy,fog-4,0
1016,low,SemiGreedy,fog-5,0
1016,low,SemiGreedy,fog-6,0
1016,low,SemiGreedy,fog-7,89
1016,low,SemiGreedy,fog-8,0
1016,low,Fog-only,fog-1,20
1016,low,Fog-only,fog-2,219
1016,low,Fog-only,fog-3,63
1016,low,Fog-only,fog-4,1
1016,low,Fog-only,fog-5,2
1016,low,Fog-only,fog-6,0
1016,low,Fog-only,fog-7,161
1016,low,Fog-only,fog-8,0
1017,low,DT-KF-CostAware,fog-1,49
1017,low,DT-KF-CostAware,fog-2,2
1017,low,DT-KF-CostAware,fog-3,7
1017,low,DT-KF-CostAware,fog-4,228
1017,low,DT-KF-CostAware,fog-5,7
1017,low,DT-KF-CostAware,fog-6,33
1017,low,DT-KF-CostAware,fog-7,0
1017,low,DT-KF-CostAware,fog-8,122
1017,low,DT-OPT,fog-1,49
1017,low,DT-OPT,fog-2,2
1017,low,DT-OPT,fog-3,7
1017,low,DT-OPT,fog-4,228
1017,low,DT-OPT,fog-5,7
1017,low,DT-OPT,fog-6,33
1017,low,DT-OPT,fog-7,0
1017,low,DT-OPT,fog-8,122
1017,low,SemiGreedy,fog-1,0
1017,low,SemiGreedy,fog-2,0
1017,low,SemiGreedy,fog-3,188
1017,low,SemiGreedy,fog-4,5
1017,low,SemiGreedy,fog-5,0
1017,low,SemiGreedy,fog-6,76
1017,low,SemiGreedy,fog-7,1
1017,low,SemiGreedy,fog-8,5
1017,low,Fog-only,fog-1,0
1017,low,Fog-only,fog-2,0
1017,low,Fog-only,fog-3,221
1017,low,Fog-only,fog-4,33
1017,low,Fog-only,fog-5,0
1017,low,Fog-only,fog-6,135
1017,low,Fog-only,fog-7,25
1017,low,Fog-only,fog-8,34
1018,low,DT-KF-CostAware,fog-1,240
1018,low,DT-KF-CostAware,fog-2,5
1018,low,DT-KF-CostAware,fog-3,6
1018,low,DT-KF-CostAware,fog-4,117
1018,low,DT-KF-CostAware,fog-5,59
1018,low,DT-KF-CostAware,fog-6,2
1018,low,DT-KF-CostAware,fog-7,1
1018,low,DT-KF-CostAware,fog-8,48
1018,low,DT-OPT,fog-1,240
1018,low,DT-OPT,fog-2,5
1018,low,DT-OPT,fog-3,6
1018,low,DT-OPT,fog-4,117
1018,low,DT-OPT,fog-5,59
1018,low,DT-OPT,fog-6,2
1018,low,DT-OPT,fog-7,1
1018,low,DT-OPT,fog-8,48
1018,low,SemiGreedy,fog-1,1
1018,low,SemiGreedy,fog-2,202
1018,low,SemiGreedy,fog-3,0
1018,low,SemiGreedy,fog-4,0
1018,low,SemiGreedy,fog-5,14
1018,low,SemiGreedy,fog-6,70
1018,low,SemiGreedy,fog-7,0
1018,low,SemiGreedy,fog-8,0
1018,low,Fog-only,fog-1,20
1018,low,Fog-only,fog-2,245
1018,low,Fog-only,fog-3,0
1018,low,Fog-only,fog-4,5
1018,low,Fog-only,fog-5,72
1018,low,Fog-only,fog-6,135
1018,low,Fog-only,fog-7,0
1018,low,Fog-only,fog-8,1
1019,low,DT-KF-CostAware,fog-1,5
1019,low,DT-KF-CostAware,fog-2,2
1019,low,DT-KF-CostAware,fog-3,179
1019,low,DT-KF-CostAware,fog-4,71
1019,low,DT-KF-CostAware,fog-5,6
1019,low,DT-KF-CostAware,fog-6,157
1019,low,DT-KF-CostAware,fog-7,8
1019,low,DT-KF-CostAware,fog-8,2
1019,low,DT-OPT,fog-1,5
1019,low,DT-OPT,fog-2,2
1019,low,DT-OPT,fog-3,179
1019,low,DT-OPT,fog-4,71
1019,low,DT-OPT,fog-5,6
1019,low,DT-OPT,fog-6,157
1019,low,DT-OPT,fog-7,8
1019,low,DT-OPT,fog-8,2
1019,low,SemiGreedy,fog-1,0
1019,low,SemiGreedy,fog-2,0
1019,low,SemiGreedy,fog-3,49
1019,low,SemiGreedy,fog-4,0
1019,low,SemiGreedy,fog-5,0
1019,low,SemiGreedy,fog-6,176
1019,low,SemiGreedy,fog-7,5
1019,low,SemiGreedy,fog-8,0
1019,low,Fog-only,fog-1,14
1019,low,Fog-only,fog-2,0
1019,low,Fog-only,fog-3,149
1019,low,Fog-only,fog-4,1
1019,low,Fog-only,fog-5,3
1019,low,Fog-only,fog-6,223
1019,low,Fog-only,fog-7,41
1019,low,Fog-only,fog-8,0
1020,low,DT-KF-CostAware,fog-1,7
1020,low,DT-KF-CostAware,fog-2,235
1020,low,DT-KF-CostAware,fog-3,0
1020,low,DT-KF-CostAware,fog-4,25
1020,low,DT-KF-CostAware,fog-5,1
1020,low,DT-KF-CostAware,fog-6,14
1020,low,DT-KF-CostAware,fog-7,137
1020,low,DT-KF-CostAware,fog-8,20
1020,low,DT-OPT,fog-1,7
1020,low,DT-OPT,fog-2,235
1020,low,DT-OPT,fog-3,0
1020,low,DT-OPT,fog-4,25
1020,low,DT-OPT,fog-5,1
1020,low,DT-OPT,fog-6,14
1020,low,DT-OPT,fog-7,137
1020,low,DT-OPT,fog-8,20
1020,low,SemiGreedy,fog-1,1
1020,low,SemiGreedy,fog-2,109
1020,low,SemiGreedy,fog-3,0
1020,low,SemiGreedy,fog-4,0
1020,low,SemiGreedy,fog-5,0
1020,low,SemiGreedy,fog-6,0
1020,low,SemiGreedy,fog-7,9
1020,low,SemiGreedy,fog-8,152
1020,low,Fog-only,fog-1,13
1020,low,Fog-only,fog-2,179
1020,low,Fog-only,fog-3,1
1020,low,Fog-only,fog-4,3
1020,low,Fog-only,fog-5,0
1020,low,Fog-only,fog-6,0
1020,low,Fog-only,fog-7,43
1020,low,Fog-only,fog-8,201
1021,low,DT-KF-CostAware,fog-1,12
1021,low,DT-KF-CostAware,fog-2,37
1021,low,DT-KF-CostAware,fog-3,244
1021,low,DT-KF-CostAware,fog-4,0
1021,low,DT-KF-CostAware,fog-5,10
1021,low,DT-KF-CostAware,fog-6,0
1021,low,DT-KF-CostAware,fog-7,127
1021,low,DT-KF-CostAware,fog-8,10
1021,low,DT-OPT,fog-1,12
1021,low,DT-OPT,fog-2,37
1021,low,DT-OPT,fog-3,244
1021,low,DT-OPT,fog-4,0
1021,low,DT-OPT,fog-5,10
1021,low,DT-OPT,fog-6,0
1021,low,DT-OPT,fog-7,127
1021,low,DT-OPT,fog-8,10
1021,low,SemiGreedy,fog-1,0
1021,low,SemiGreedy,fog-2,0
1021,low,SemiGreedy,fog-3,201
1021,low,SemiGreedy,fog-4,0
1021,low,SemiGreedy,fog-5,11
1021,low,SemiGreedy,fog-6,0
1021,low,SemiGreedy,fog-7,1
1021,low,SemiGreedy,fog-8,75
1021,low,Fog-only,fog-1,0
1021,low,Fog-only,fog-2,1
1021,low,Fog-only,fog-3,233
1021,low,Fog-only,fog-4,0
1021,low,Fog-only,fog-5,58
1021,low,Fog-only,fog-6,0
1021,low,Fog-only,fog-7,14
1021,low,Fog-only,fog-8,135
1022,low,DT-KF-CostAware,fog-1,81
1022,low,DT-KF-CostAware,fog-2,0
1022,low,DT-KF-CostAware,fog-3,205
1022,low,DT-KF-CostAware,fog-4,27
1022,low,DT-KF-CostAware,fog-5,32
1022,low,DT-KF-CostAware,fog-6,104
1022,low,DT-KF-CostAware,fog-7,6
1022,low,DT-KF-CostAware,fog-8,0
1022,low,DT-OPT,fog-1,81
1022,low,DT-OPT,fog-2,0
1022,low,DT-OPT,fog-3,205
1022,low,DT-OPT,fog-4,28
1022,low,DT-OPT,fog-5,31
1022,low,DT-OPT,fog-6,104
1022,low,DT-OPT,fog-7,6
1022,low,DT-OPT,fog-8,0
1022,low,SemiGreedy,fog-1,18
1022,low,SemiGreedy,fog-2,0
1022,low,SemiGreedy,fog-3,185
1022,low,SemiGreedy,fog-4,1
1022,low,SemiGreedy,fog-5,0
1022,low,SemiGreedy,fog-6,78
1022,low,SemiGreedy,fog-7,0
1022,low,SemiGreedy,fog-8,0
1022,low,Fog-only,fog-1,70
1022,low,Fog-only,fog-2,0
1022,low,Fog-only,fog-3,226
1022,low,Fog-only,fog-4,24
1022,low,Fog-only,fog-5,0
1022,low,Fog-only,fog-6,131
1022,low,Fog-only,fog-7,0
1022,low,Fog-only,fog-8,4
1023,low,DT-KF-CostAware,fog-1,6
1023,low,DT-KF-CostAware,fog-2,11
1023,low,DT-KF-CostAware,fog-3,223
1023,low,DT-KF-CostAware,fog-4,0
1023,low,DT-KF-CostAware,fog-5,1
1023,low,DT-KF-CostAware,fog-6,125
1023,low,DT-KF-CostAware,fog-7,50
1023,low,DT-KF-CostAware,fog-8,1
1023,low,DT-OPT,fog-1,6
1023,low,DT-OPT,fog-2,11
1023,low,DT-OPT,fog-3,223
1023,low,DT-OPT,fog-4,0
1023,low,DT-OPT,fog-5,1
1023,low,DT-OPT,fog-6,124
1023,low,DT-OPT,fog-7,51
1023,low,DT-OPT,fog-8,1
1023,low,SemiGreedy,fog-1,11
1023,low,SemiGreedy,fog-2,1
1023,low,SemiGreedy,fog-3,101
1023,low,SemiGreedy,fog-4,0
1023,low,SemiGreedy,fog-5,0
1023,low,SemiGreedy,fog-6,150
1023,low,SemiGreedy,fog-7,2
1023,low,SemiGreedy,fog-8,0
1023,low,Fog-only,fog-1,40
1023,low,Fog-only,fog-2,7
1023,low,Fog-only,fog-3,153
1023,low,Fog-only,fog-4,0
1023,low,Fog-only,fog-5,1
1023,low,Fog-only,fog-6,204
1023,low,Fog-only,fog-7,12
1023,low,Fog-only,fog-8,0
1024,low,DT-KF-CostAware,fog-1,0
1024,low,DT-KF-CostAware,fog-2,39
1024,low,DT-KF-CostAware,fog-3,227
1024,low,DT-KF-CostAware,fog-4,36
1024,low,DT-KF-CostAware,fog-5,1
1024,low,DT-KF-CostAware,fog-6,8
1024,low,DT-KF-CostAware,fog-7,0
1024,low,DT-KF-CostAware,fog-8,133
1024,low,DT-OPT,fog-1,0
1024,low,DT-OPT,fog-2,39
1024,low,DT-OPT,fog-3,227
1024,low,DT-OPT,fog-4,36
1024,low,DT-OPT,fog-5,1
1024,low,DT-OPT,fog-6,8
1024,low,DT-OPT,fog-7,0
1024,low,DT-OPT,fog-8,133
1024,low,SemiGreedy,fog-1,0
1024,low,SemiGreedy,fog-2,0
1024,low,SemiGreedy,fog-3,197
1024,low,SemiGreedy,fog-4,50
1024,low,SemiGreedy,fog-5,0
1024,low,SemiGreedy,fog-6,0
1024,low,SemiGreedy,fog-7,0
1024,low,SemiGreedy,fog-8,11
1024,low,Fog-only,fog-1,2
1024,low,Fog-only,fog-2,11
1024,low,Fog-only,fog-3,240
1024,low,Fog-only,fog-4,134
1024,low,Fog-only,fog-5,1
1024,low,Fog-only,fog-6,4
1024,low,Fog-only,fog-7,1
1024,low,Fog-only,fog-8,51
1025,low,DT-KF-CostAware,fog-1,4
1025,low,DT-KF-CostAware,fog-2,2
1025,low,DT-KF-CostAware,fog-3,98
1025,low,DT-KF-CostAware,fog-4,36
1025,low,DT-KF-CostAware,fog-5,0
1025,low,DT-KF-CostAware,fog-6,3
1025,low,DT-KF-CostAware,fog-7,85
1025,low,DT-KF-CostAware,fog-8,230
1025,low,DT-OPT,fog-1,4
1025,low,DT-OPT,fog-2,2
1025,low,DT-OPT,fog-3,98
1025,low,DT-OPT,fog-4,36
1025,low,DT-OPT,fog-5,0
1025,low,DT-OPT,fog-6,3
1025,low,DT-OPT,fog-7,85
1025,low,DT-OPT,fog-8,230
1025,low,SemiGreedy,fog-1,0
1025,low,SemiGreedy,fog-2,0
1025,low,SemiGreedy,fog-3,0
1025,low,SemiGreedy,fog-4,2
1025,low,SemiGreedy,fog-5,0
1025,low,SemiGreedy,fog-6,9
1025,low,SemiGreedy,fog-7,186
1025,low,SemiGreedy,fog-8,54
1025,low,Fog-only,fog-1,4
1025,low,Fog-only,fog-2,0
1025,low,Fog-only,fog-3,1
1025,low,Fog-only,fog-4,21
1025,low,Fog-only,fog-5,0
1025,low,Fog-only,fog-6,65
1025,low,Fog-only,fog-7,235
1025,low,Fog-only,fog-8,132
1026,low,DT-KF-CostAware,fog-1,115
1026,low,DT-KF-CostAware,fog-2,0
1026,low,DT-KF-CostAware,fog-3,0
1026,low,DT-KF-CostAware,fog-4,1
1026,low,DT-KF-CostAware,fog-5,229
1026,low,DT-KF-CostAware,fog-6,26
1026,low,DT-KF-CostAware,fog-7,8
1026,low,DT-KF-CostAware,fog-8,58
1026,low,DT-OPT,fog-1,115
1026,low,DT-OPT,fog-2,0
1026,low,DT-OPT,fog-3,0
1026,low,DT-OPT,fog-4,1
1026,low,DT-OPT,fog-5,229
1026,low,DT-OPT,fog-6,26
1026,low,DT-OPT,fog-7,8
1026,low,DT-OPT,fog-8,58
1026,low,SemiGreedy,fog-1,52
1026,low,SemiGreedy,fog-2,0
1026,low,SemiGreedy,fog-3,0
1026,low,SemiGreedy,fog-4,1
1026,low,SemiGreedy,fog-5,200
1026,low,SemiGreedy,fog-6,12
1026,low,SemiGreedy,fog-7,0
1026,low,SemiGreedy,fog-8,0
1026,low,Fog-only,fog-1,135
1026,low,Fog-only,fog-2,4
1026,low,Fog-only,fog-3,0
1026,low,Fog-only,fog-4,11
1026,low,Fog-only,fog-5,240
1026,low,Fog-only,fog-6,47
1026,low,Fog-only,fog-7,0
1026,low,Fog-only,fog-8,0
1027,low,DT-KF-CostAware,fog-1,0
1027,low,DT-KF-CostAware,fog-2,0
1027,low,DT-KF-CostAware,fog-3,69
1027,low,DT-KF-CostAware,fog-4,71
1027,low,DT-KF-CostAware,fog-5,25
1027,low,DT-KF-CostAware,fog-6,219
1027,low,DT-KF-CostAware,fog-7,13
1027,low,DT-KF-CostAware,fog-8,38
1027,low,DT-OPT,fog-1,0
1027,low,DT-OPT,fog-2,0
1027,low,DT-OPT,fog-3,67
1027,low,DT-OPT,fog-4,71
1027,low,DT-OPT,fog-5,26
1027,low,DT-OPT,fog-6,219
1027,low,DT-OPT,fog-7,13
1027,low,DT-OPT,fog-8,39
1027,low,SemiGreedy,fog-1,0
1027,low,SemiGreedy,fog-2,0
1027,low,SemiGreedy,fog-3,187
1027,low,SemiGreedy,fog-4,49
1027,low,SemiGreedy,fog-5,1
1027,low,SemiGreedy,fog-6,15
1027,low,SemiGreedy,fog-7,0
1027,low,SemiGreedy,fog-8,0
1027,low,Fog-only,fog-1,0
1027,low,Fog-only,fog-2,1
1027,low,Fog-only,fog-3,226
1027,low,Fog-only,fog-4,135
1027,low,Fog-only,fog-5,19
1027,low,Fog-only,fog-6,51
1027,low,Fog-only,fog-7,0
1027,low,Fog-only,fog-8,3
1028,low,DT-KF-CostAware,fog-1,45
1028,low,DT-KF-CostAware,fog-2,25
1028,low,DT-KF-CostAware,fog-3,3
1028,low,DT-KF-CostAware,fog-4,16
1028,low,DT-KF-CostAware,fog-5,0
1028,low,DT-KF-CostAware,fog-6,106
1028,low,DT-KF-CostAware,fog-7,33
1028,low,DT-KF-CostAware,fog-8,223
1028,low,DT-OPT,fog-1,46
1028,low,DT-OPT,fog-2,25
1028,low,DT-OPT,fog-3,3
1028,low,DT-OPT,fog-4,16
1028,low,DT-OPT,fog-5,0
1028,low,DT-OPT,fog-6,106
1028,low,DT-OPT,fog-7,32
1028,low,DT-OPT,fog-8,223
1028,low,SemiGreedy,fog-1,190
1028,low,SemiGreedy,fog-2,0
1028,low,SemiGreedy,fog-3,0
1028,low,SemiGreedy,fog-4,1
1028,low,SemiGreedy,fog-5,0
1028,low,SemiGreedy,fog-6,9
1028,low,SemiGreedy,fog-7,0
1028,low,SemiGreedy,fog-8,67
1028,low,Fog-only,fog-1,222
1028,low,Fog-only,fog-2,6
1028,low,Fog-only,fog-3,1
1028,low,Fog-only,fog-4,17
1028,low,Fog-only,fog-5,0
1028,low,Fog-only,fog-6,64
1028,low,Fog-only,fog-7,0
1028,low,Fog-only,fog-8,141
1029,low,DT-KF-CostAware,fog-1,8
1029,low,DT-KF-CostAware,fog-2,3
1029,low,DT-KF-CostAware,fog-3,63
1029,low,DT-KF-CostAware,fog-4,8
1029,low,DT-KF-CostAware,fog-5,20
1029,low,DT-KF-CostAware,fog-6,113
1029,low,DT-KF-CostAware,fog-7,251
1029,low,DT-KF-CostAware,fog-8,0
1029,low,DT-OPT,fog-1,10
1029,low,DT-OPT,fog-2,3
1029,low,DT-OPT,fog-3,62
1029,low,DT-OPT,fog-4,7
1029,low,DT-OPT,fog-5,20
1029,low,DT-OPT,fog-6,113
1029,low,DT-OPT,fog-7,251
1029,low,DT-OPT,fog-8,0
1029,low,SemiGreedy,fog-1,0
1029,low,SemiGreedy,fog-2,0
1029,low,SemiGreedy,fog-3,56
1029,low,SemiGreedy,fog-4,0
1029,low,SemiGreedy,fog-5,13
1029,low,SemiGreedy,fog-6,1
1029,low,SemiGreedy,fog-7,190
1029,low,SemiGreedy,fog-8,0
1029,low,Fog-only,fog-1,0
1029,low,Fog-only,fog-2,0
1029,low,Fog-only,fog-3,123
1029,low,Fog-only,fog-4,2
1029,low,Fog-only,fog-5,77
1029,low,Fog-only,fog-6,27
1029,low,Fog-only,fog-7,238
1029,low,Fog-only,fog-8,0
1000,medium,DT-KF-CostAware,fog-1,83
1000,medium,DT-KF-CostAware,fog-2,29
1000,medium,DT-KF-CostAware,fog-3,232
1000,medium,DT-KF-CostAware,fog-4,169
1000,medium,DT-KF-CostAware,fog-5,177
1000,medium,DT-KF-CostAware,fog-6,4
1000,medium,DT-KF-CostAware,fog-7,223
1000,medium,DT-KF-CostAware,fog-8,8
1000,medium,DT-OPT,fog-1,84
1000,medium,DT-OPT,fog-2,29
1000,medium,DT-OPT,fog-3,232
1000,medium,DT-OPT,fog-4,168
1000,medium,DT-OPT,fog-5,177
1000,medium,DT-OPT,fog-6,4
1000,medium,DT-OPT,fog-7,223
1000,medium,DT-OPT,fog-8,8
1000,medium,SemiGreedy,fog-1,6
1000,medium,SemiGreedy,fog-2,0
1000,medium,SemiGreedy,fog-3,70
1000,medium,SemiGreedy,fog-4,238
1000,medium,SemiGreedy,fog-5,206
1000,medium,SemiGreedy,fog-6,0
1000,medium,SemiGreedy,fog-7,67
1000,medium,SemiGreedy,fog-8,1
1000,medium,Fog-only,fog-1,66
1000,medium,Fog-only,fog-2,3
1000,medium,Fog-only,fog-3,158
1000,medium,Fog-only,fog-4,245
1000,medium,Fog-only,fog-5,227
1000,medium,Fog-only,fog-6,15
1000,medium,Fog-only,fog-7,183
1000,medium,Fog-only,fog-8,29
1001,medium,DT-KF-CostAware,fog-1,6
1001,medium,DT-KF-CostAware,fog-2,37
1001,medium,DT-KF-CostAware,fog-3,70
1001,medium,DT-KF-CostAware,fog-4,239
1001,medium,DT-KF-CostAware,fog-5,79
1001,medium,DT-KF-CostAware,fog-6,275
1001,medium,DT-KF-CostAware,fog-7,7
1001,medium,DT-KF-CostAware,fog-8,150
1001,medium,DT-OPT,fog-1,5
1001,medium,DT-OPT,fog-2,37
1001,medium,DT-OPT,fog-3,70
1001,medium,DT-OPT,fog-4,238
1001,medium,DT-OPT,fog-5,82
1001,medium,DT-OPT,fog-6,274
1001,medium,DT-OPT,fog-7,7
1001,medium,DT-OPT,fog-8,150
1001,medium,SemiGreedy,fog-1,13
1001,medium,SemiGreedy,fog-2,10
1001,medium,SemiGreedy,fog-3,4
1001,medium,SemiGreedy,fog-4,284
1001,medium,SemiGreedy,fog-5,0
1001,medium,SemiGreedy,fog-6,169
1001,medium,SemiGreedy,fog-7,0
1001,medium,SemiGreedy,fog-8,59
1001,medium,Fog-only,fog-1,90
1001,medium,Fog-only,fog-2,60
1001,medium,Fog-only,fog-3,42
1001,medium,Fog-only,fog-4,280
1001,medium,Fog-only,fog-5,9
1001,medium,Fog-only,fog-6,226
1001,medium,Fog-only,fog-7,2
1001,medium,Fog-only,fog-8,154
1002,medium,DT-KF-CostAware,fog-1,11
1002,medium,DT-KF-CostAware,fog-2,64
1002,medium,DT-KF-CostAware,fog-3,18
1002,medium,DT-KF-CostAware,fog-4,25
1002,medium,DT-KF-CostAware,fog-5,218
1002,medium,DT-KF-CostAware,fog-6,166
1002,medium,DT-KF-CostAware,fog-7,169
1002,medium,DT-KF-CostAware,fog-8,266
1002,medium,DT-OPT,fog-1,11
1002,medium,DT-OPT,fog-2,64
1002,medium,DT-OPT,fog-3,18
1002,medium,DT-OPT,fog-4,25
1002,medium,DT-OPT,fog-5,219
1002,medium,DT-OPT,fog-6,165
1002,medium,DT-OPT,fog-7,169
1002,medium,DT-OPT,fog-8,266
1002,medium,SemiGreedy,fog-1,0
1002,medium,SemiGreedy,fog-2,2
1002,medium,SemiGreedy,fog-3,21
1002,medium,SemiGreedy,fog-4,0
1002,medium,SemiGreedy,fog-5,114
1002,medium,SemiGreedy,fog-6,33
1002,medium,SemiGreedy,fog-7,168
1002,medium,SemiGreedy,fog-8,298
1002,medium,Fog-only,fog-1,1
1002,medium,Fog-only,fog-2,30
1002,medium,Fog-only,fog-3,92
1002,medium,Fog-only,fog-4,7
1002,medium,Fog-only,fog-5,185
1002,medium,Fog-only,fog-6,121
1002,medium,Fog-only,fog-7,227
1002,medium,Fog-only,fog-8,276
1003,medium,DT-KF-CostAware,fog-1,141
1003,medium,DT-KF-CostAware,fog-2,119
1003,medium,DT-KF-CostAware,fog-3,22
1003,medium,DT-KF-CostAware,fog-4,157
1003,medium,DT-KF-CostAware,fog-5,84
1003,medium,DT-KF-CostAware,fog-6,5
1003,medium,DT-KF-CostAware,fog-7,265
1003,medium,DT-KF-CostAware,fog-8,90
1003,medium,DT-OPT,fog-1,143
1003,medium,DT-OPT,fog-2,117
1003,medium,DT-OPT,fog-3,21
1003,medium,DT-OPT,fog-4,155
1003,medium,DT-OPT,fog-5,85
1003,medium,DT-OPT,fog-6,5
1003,medium,DT-OPT,fog-7,265
1003,medium,DT-OPT,fog-8,92
1003,medium,SemiGreedy,fog-1,24
1003,medium,SemiGreedy,fog-2,7
1003,medium,SemiGreedy,fog-3,1
1003,medium,SemiGreedy,fog-4,186
1003,medium,SemiGreedy,fog-5,1
1003,medium,SemiGreedy,fog-6,0
1003,medium,SemiGreedy,fog-7,283
1003,medium,SemiGreedy,fog-8,71
1003,medium,Fog-only,fog-1,108
1003,medium,Fog-only,fog-2,61
1003,medium,Fog-only,fog-3,28
1003,medium,Fog-only,fog-4,230
1003,medium,Fog-only,fog-5,19
1003,medium,Fog-only,fog-6,4
1003,medium,Fog-only,fog-7,263
1003,medium,Fog-only,fog-8,171
1004,medium,DT-KF-CostAware,fog-1,9
1004,medium,DT-KF-CostAware,fog-2,46
1004,medium,DT-KF-CostAware,fog-3,250
1004,medium,DT-KF-CostAware,fog-4,134
1004,medium,DT-KF-CostAware,fog-5,57
1004,medium,DT-KF-CostAware,fog-6,4
1004,medium,DT-KF-CostAware,fog-7,245
1004,medium,DT-KF-CostAware,fog-8,156
1004,medium,DT-OPT,fog-1,9
1004,medium,DT-OPT,fog-2,46
1004,medium,DT-OPT,fog-3,250
1004,medium,DT-OPT,fog-4,134
1004,medium,DT-OPT,fog-5,57
1004,medium,DT-OPT,fog-6,4
1004,medium,DT-OPT,fog-7,245
1004,medium,DT-OPT,fog-8,156
1004,medium,SemiGreedy,fog-1,0
1004,medium,SemiGreedy,fog-2,2
1004,medium,SemiGreedy,fog-3,244
1004,medium,SemiGreedy,fog-4,26
1004,medium,SemiGreedy,fog-5,6
1004,medium,SemiGreedy,fog-6,0
1004,medium,SemiGreedy,fog-7,207
1004,medium,SemiGreedy,fog-8,82
1004,medium,Fog-only,fog-1,12
1004,medium,Fog-only,fog-2,46
1004,medium,Fog-only,fog-3,257
1004,medium,Fog-only,fog-4,125
1004,medium,Fog-only,fog-5,43
1004,medium,Fog-only,fog-6,5
1004,medium,Fog-only,fog-7,235
1004,medium,Fog-only,fog-8,179
1005,medium,DT-KF-CostAware,fog-1,111
1005,medium,DT-KF-CostAware,fog-2,7
1005,medium,DT-KF-CostAware,fog-3,67
1005,medium,DT-KF-CostAware,fog-4,0
1005,medium,DT-KF-CostAware,fog-5,243
1005,medium,DT-KF-CostAware,fog-6,258
1005,medium,DT-KF-CostAware,fog-7,179
1005,medium,DT-KF-CostAware,fog-8,25
1005,medium,DT-OPT,fog-1,112
1005,medium,DT-OPT,fog-2,7
1005,medium,DT-OPT,fog-3,66
1005,medium,DT-OPT,fog-4,0
1005,medium,DT-OPT,fog-5,242
1005,medium,DT-OPT,fog-6,258
1005,medium,DT-OPT,fog-7,180
1005,medium,DT-OPT,fog-8,25
1005,medium,SemiGreedy,fog-1,107
1005,medium,SemiGreedy,fog-2,0
1005,medium,SemiGreedy,fog-3,10
1005,medium,SemiGreedy,fog-4,0
1005,medium,SemiGreedy,fog-5,178
1005,medium,SemiGreedy,fog-6,276
1005,medium,SemiGreedy,fog-7,30
1005,medium,SemiGreedy,fog-8,0
1005,medium,Fog-only,fog-1,187
1005,medium,Fog-only,fog-2,7
1005,medium,Fog-only,fog-3,59
1005,medium,Fog-only,fog-4,0
1005,medium,Fog-only,fog-5,236
1005,medium,Fog-only,fog-6,273
1005,medium,Fog-only,fog-7,107
1005,medium,Fog-only,fog-8,22
1006,medium,DT-KF-CostAware,fog-1,22
1006,medium,DT-KF-CostAware,fog-2,9
1006,medium,DT-KF-CostAware,fog-3,37
1006,medium,DT-KF-CostAware,fog-4,260
1006,medium,DT-KF-CostAware,fog-5,202
1006,medium,DT-KF-CostAware,fog-6,164
1006,medium,DT-KF-CostAware,fog-7,72
1006,medium,DT-KF-CostAware,fog-8,136
1006,medium,DT-OPT,fog-1,22
1006,medium,DT-OPT,fog-2,9
1006,medium,DT-OPT,fog-3,38
1006,medium,DT-OPT,fog-4,260
1006,medium,DT-OPT,fog-5,202
1006,medium,DT-OPT,fog-6,164
1006,medium,DT-OPT,fog-7,72
1006,medium,DT-OPT,fog-8,135
1006,medium,SemiGreedy,fog-1,0
1006,medium,SemiGreedy,fog-2,1
1006,medium,SemiGreedy,fog-3,4
1006,medium,SemiGreedy,fog-4,301
1006,medium,SemiGreedy,fog-5,13
1006,medium,SemiGreedy,fog-6,157
1006,medium,SemiGreedy,fog-7,93
1006,medium,SemiGreedy,fog-8,31
1006,medium,Fog-only,fog-1,14
1006,medium,Fog-only,fog-2,11
1006,medium,Fog-only,fog-3,39
1006,medium,Fog-only,fog-4,242
1006,medium,Fog-only,fog-5,74
1006,medium,Fog-only,fog-6,221
1006,medium,Fog-only,fog-7,189
1006,medium,Fog-only,fog-8,116
1007,medium,DT-KF-CostAware,fog-1,252
1007,medium,DT-KF-CostAware,fog-2,36
1007,medium,DT-KF-CostAware,fog-3,180
1007,medium,DT-KF-CostAware,fog-4,6
1007,medium,DT-KF-CostAware,fog-5,63
1007,medium,DT-KF-CostAware,fog-6,119
1007,medium,DT-KF-CostAware,fog-7,195
1007,medium,DT-KF-CostAware,fog-8,49
1007,medium,DT-OPT,fog-1,251
1007,medium,DT-OPT,fog-2,36
1007,medium,DT-OPT,fog-3,180
1007,medium,DT-OPT,fog-4,6
1007,medium,DT-OPT,fog-5,64
1007,medium,DT-OPT,fog-6,118
1007,medium,DT-OPT,fog-7,194
1007,medium,DT-OPT,fog-8,51
1007,medium,SemiGreedy,fog-1,273
1007,medium,SemiGreedy,fog-2,179
1007,medium,SemiGreedy,fog-3,9
1007,medium,SemiGreedy,fog-4,0
1007,medium,SemiGreedy,fog-5,3
1007,medium,SemiGreedy,fog-6,89
1007,medium,SemiGreedy,fog-7,30
1007,medium,SemiGreedy,fog-8,2
1007,medium,Fog-only,fog-1,265
1007,medium,Fog-only,fog-2,209
1007,medium,Fog-only,fog-3,69
1007,medium,Fog-only,fog-4,8
1007,medium,Fog-only,fog-5,36
1007,medium,Fog-only,fog-6,166
1007,medium,Fog-only,fog-7,127
1007,medium,Fog-only,fog-8,21
1008,medium,DT-KF-CostAware,fog-1,164
1008,medium,DT-KF-CostAware,fog-2,269
1008,medium,DT-KF-CostAware,fog-3,207
1008,medium,DT-KF-CostAware,fog-4,37
1008,medium,DT-KF-CostAware,fog-5,135
1008,medium,DT-KF-CostAware,fog-6,15
1008,medium,DT-KF-CostAware,fog-7,10
1008,medium,DT-KF-CostAware,fog-8,75
1008,medium,DT-OPT,fog-1,162
1008,medium,DT-OPT,fog-2,267
1008,medium,DT-OPT,fog-3,211
1008,medium,DT-OPT,fog-4,35
1008,medium,DT-OPT,fog-5,135
1008,medium,DT-OPT,fog-6,16
1008,medium,DT-OPT,fog-7,9
1008,medium,DT-OPT,fog-8,77
1008,medium,SemiGreedy,fog-1,33
1008,medium,SemiGreedy,fog-2,261
1008,medium,SemiGreedy,fog-3,224
1008,medium,SemiGreedy,fog-4,0
1008,medium,SemiGreedy,fog-5,7
1008,medium,SemiGreedy,fog-6,6
1008,medium,SemiGreedy,fog-7,0
1008,medium,SemiGreedy,fog-8,75
1008,medium,Fog-only,fog-1,109
1008,medium,Fog-only,fog-2,270
1008,medium,Fog-only,fog-3,239
1008,medium,Fog-only,fog-4,19
1008,medium,Fog-only,fog-5,49
1008,medium,Fog-only,fog-6,48
1008,medium,Fog-only,fog-7,6
1008,medium,Fog-only,fog-8,172
1009,medium,DT-KF-CostAware,fog-1,115
1009,medium,DT-KF-CostAware,fog-2,132
1009,medium,DT-KF-CostAware,fog-3,266
1009,medium,DT-KF-CostAware,fog-4,14
1009,medium,DT-KF-CostAware,fog-5,245
1009,medium,DT-KF-CostAware,fog-6,28
1009,medium,DT-KF-CostAware,fog-7,19
1009,medium,DT-KF-CostAware,fog-8,73
1009,medium,DT-OPT,fog-1,113
1009,medium,DT-OPT,fog-2,132
1009,medium,DT-OPT,fog-3,264
1009,medium,DT-OPT,fog-4,15
1009,medium,DT-OPT,fog-5,246
1009,medium,DT-OPT,fog-6,29
1009,medium,DT-OPT,fog-7,19
1009,medium,DT-OPT,fog-8,74
1009,medium,SemiGreedy,fog-1,70
1009,medium,SemiGreedy,fog-2,2
1009,medium,SemiGreedy,fog-3,173
1009,medium,SemiGreedy,fog-4,6
1009,medium,SemiGreedy,fog-5,293
1009,medium,SemiGreedy,fog-6,0
1009,medium,SemiGreedy,fog-7,6
1009,medium,SemiGreedy,fog-8,28
1009,medium,Fog-only,fog-1,166
1009,medium,Fog-only,fog-2,32
1009,medium,Fog-only,fog-3,229
1009,medium,Fog-only,fog-4,62
1009,medium,Fog-only,fog-5,265
1009,medium,Fog-only,fog-6,8
1009,medium,Fog-only,fog-7,27
1009,medium,Fog-only,fog-8,103
1010,medium,DT-KF-CostAware,fog-1,0
1010,medium,DT-KF-CostAware,fog-2,180
1010,medium,DT-KF-CostAware,fog-3,107
1010,medium,DT-KF-CostAware,fog-4,34
1010,medium,DT-KF-CostAware,fog-5,220
1010,medium,DT-KF-CostAware,fog-6,266
1010,medium,DT-KF-CostAware,fog-7,13
1010,medium,DT-KF-CostAware,fog-8,77
1010,medium,DT-OPT,fog-1,0
1010,medium,DT-OPT,fog-2,183
1010,medium,DT-OPT,fog-3,109
1010,medium,DT-OPT,fog-4,33
1010,medium,DT-OPT,fog-5,221
1010,medium,DT-OPT,fog-6,260
1010,medium,DT-OPT,fog-7,14
1010,medium,DT-OPT,fog-8,77
1010,medium,SemiGreedy,fog-1,0
1010,medium,SemiGreedy,fog-2,76
1010,medium,SemiGreedy,fog-3,9
1010,medium,SemiGreedy,fog-4,0
1010,medium,SemiGreedy,fog-5,176
1010,medium,SemiGreedy,fog-6,305
1010,medium,SemiGreedy,fog-7,4
1010,medium,SemiGreedy,fog-8,11
1010,medium,Fog-only,fog-1,1
1010,medium,Fog-only,fog-2,172
1010,medium,Fog-only,fog-3,77
1010,medium,Fog-only,fog-4,14
1010,medium,Fog-only,fog-5,235
1010,medium,Fog-only,fog-6,270
1010,medium,Fog-only,fog-7,50
1010,medium,Fog-only,fog-8,77
1011,medium,DT-KF-CostAware,fog-1,9
1011,medium,DT-KF-CostAware,fog-2,234
1011,medium,DT-KF-CostAware,fog-3,248
1011,medium,DT-KF-CostAware,fog-4,175
1011,medium,DT-KF-CostAware,fog-5,92
1011,medium,DT-KF-CostAware,fog-6,104
1011,medium,DT-KF-CostAware,fog-7,50
1011,medium,DT-KF-CostAware,fog-8,1
1011,medium,DT-OPT,fog-1,9
1011,medium,DT-OPT,fog-2,236
1011,medium,DT-OPT,fog-3,247
1011,medium,DT-OPT,fog-4,175
1011,medium,DT-OPT,fog-5,92
1011,medium,DT-OPT,fog-6,101
1011,medium,DT-OPT,fog-7,52
1011,medium,DT-OPT,fog-8,1
1011,medium,SemiGreedy,fog-1,0
1011,medium,SemiGreedy,fog-2,307
1011,medium,SemiGreedy,fog-3,32
1011,medium,SemiGreedy,fog-4,128
1011,medium,SemiGreedy,fog-5,0
1011,medium,SemiGreedy,fog-6,6
1011,medium,SemiGreedy,fog-7,170
1011,medium,SemiGreedy,fog-8,0
1011,medium,Fog-only,fog-1,7
1011,medium,Fog-only,fog-2,272
1011,medium,Fog-only,fog-3,133
1011,medium,Fog-only,fog-4,202
1011,medium,Fog-only,fog-5,24
1011,medium,Fog-only,fog-6,67
1011,medium,Fog-only,fog-7,209
1011,medium,Fog-only,fog-8,0
1012,medium,DT-KF-CostAware,fog-1,7
1012,medium,DT-KF-CostAware,fog-2,94
1012,medium,DT-KF-CostAware,fog-3,219
1012,medium,DT-KF-CostAware,fog-4,4
1012,medium,DT-KF-CostAware,fog-5,76
1012,medium,DT-KF-CostAware,fog-6,34
1012,medium,DT-KF-CostAware,fog-7,167
1012,medium,DT-KF-CostAware,fog-8,257
1012,medium,DT-OPT,fog-1,7
1012,medium,DT-OPT,fog-2,94
1012,medium,DT-OPT,fog-3,219
1012,medium,DT-OPT,fog-4,4
1012,medium,DT-OPT,fog-5,76
1012,medium,DT-OPT,fog-6,33
1012,medium,DT-OPT,fog-7,168
1012,medium,DT-OPT,fog-8,257
1012,medium,SemiGreedy,fog-1,6
1012,medium,SemiGreedy,fog-2,1
1012,medium,SemiGreedy,fog-3,189
1012,medium,SemiGreedy,fog-4,0
1012,medium,SemiGreedy,fog-5,212
1012,medium,SemiGreedy,fog-6,0
1012,medium,SemiGreedy,fog-7,41
1012,medium,SemiGreedy,fog-8,136
1012,medium,Fog-only,fog-1,51
1012,medium,Fog-only,fog-2,18
1012,medium,Fog-only,fog-3,231
1012,medium,Fog-only,fog-4,5
1012,medium,Fog-only,fog-5,241
1012,medium,Fog-only,fog-6,4
1012,medium,Fog-only,fog-7,119
1012,medium,Fog-only,fog-8,189
1013,medium,DT-KF-CostAware,fog-1,240
1013,medium,DT-KF-CostAware,fog-2,130
1013,medium,DT-KF-CostAware,fog-3,234
1013,medium,DT-KF-CostAware,fog-4,6
1013,medium,DT-KF-CostAware,fog-5,45
1013,medium,DT-KF-CostAware,fog-6,153
1013,medium,DT-KF-CostAware,fog-7,11
1013,medium,DT-KF-CostAware,fog-8,73
1013,medium,DT-OPT,fog-1,240
1013,medium,DT-OPT,fog-2,130
1013,medium,DT-OPT,fog-3,234
1013,medium,DT-OPT,fog-4,6
1013,medium,DT-OPT,fog-5,45
1013,medium,DT-OPT,fog-6,154
1013,medium,DT-OPT,fog-7,11
1013,medium,DT-OPT,fog-8,72
1013,medium,SemiGreedy,fog-1,82
1013,medium,SemiGreedy,fog-2,25
1013,medium,SemiGreedy,fog-3,172
1013,medium,SemiGreedy,fog-4,0
1013,medium,SemiGreedy,fog-5,7
1013,medium,SemiGreedy,fog-6,283
1013,medium,SemiGreedy,fog-7,0
1013,medium,SemiGreedy,fog-8,3
1013,medium,Fog-only,fog-1,190
1013,medium,Fog-only,fog-2,122
1013,medium,Fog-only,fog-3,219
1013,medium,Fog-only,fog-4,5
1013,medium,Fog-only,fog-5,67
1013,medium,Fog-only,fog-6,247
1013,medium,Fog-only,fog-7,9
1013,medium,Fog-only,fog-8,33
1014,medium,DT-KF-CostAware,fog-1,55
1014,medium,DT-KF-CostAware,fog-2,177
1014,medium,DT-KF-CostAware,fog-3,15
1014,medium,DT-KF-CostAware,fog-4,184
1014,medium,DT-KF-CostAware,fog-5,236
1014,medium,DT-KF-CostAware,fog-6,2
1014,medium,DT-KF-CostAware,fog-7,66
1014,medium,DT-KF-CostAware,fog-8,181
1014,medium,DT-OPT,fog-1,55
1014,medium,DT-OPT,fog-2,177
1014,medium,DT-OPT,fog-3,16
1014,medium,DT-OPT,fog-4,185
1014,medium,DT-OPT,fog-5,236
1014,medium,DT-OPT,fog-6,2
1014,medium,DT-OPT,fog-7,64
1014,medium,DT-OPT,fog-8,181
1014,medium,SemiGreedy,fog-1,0
1014,medium,SemiGreedy,fog-2,167
1014,medium,SemiGreedy,fog-3,2
1014,medium,SemiGreedy,fog-4,263
1014,medium,SemiGreedy,fog-5,37
1014,medium,SemiGreedy,fog-6,0
1014,medium,SemiGreedy,fog-7,8
1014,medium,SemiGreedy,fog-8,150
1014,medium,Fog-only,fog-1,6
1014,medium,Fog-only,fog-2,228
1014,medium,Fog-only,fog-3,19
1014,medium,Fog-only,fog-4,268
1014,medium,Fog-only,fog-5,124
1014,medium,Fog-only,fog-6,7
1014,medium,Fog-only,fog-7,60
1014,medium,Fog-only,fog-8,205
1015,medium,DT-KF-CostAware,fog-1,228
1015,medium,DT-KF-CostAware,fog-2,33
1015,medium,DT-KF-CostAware,fog-3,17
1015,medium,DT-KF-CostAware,fog-4,143
1015,medium,DT-KF-CostAware,fog-5,261
1015,medium,DT-KF-CostAware,fog-6,100
1015,medium,DT-KF-CostAware,fog-7,168
1015,medium,DT-KF-CostAware,fog-8,2
1015,medium,DT-OPT,fog-1,228
1015,medium,DT-OPT,fog-2,35
1015,medium,DT-OPT,fog-3,17
1015,medium,DT-OPT,fog-4,141
1015,medium,DT-OPT,fog-5,261
1015,medium,DT-OPT,fog-6,101
1015,medium,DT-OPT,fog-7,167
1015,medium,DT-OPT,fog-8,2
1015,medium,SemiGreedy,fog-1,38
1015,medium,SemiGreedy,fog-2,1
1015,medium,SemiGreedy,fog-3,4
1015,medium,SemiGreedy,fog-4,83
1015,medium,SemiGreedy,fog-5,195
1015,medium,SemiGreedy,fog-6,8
1015,medium,SemiGreedy,fog-7,316
1015,medium,SemiGreedy,fog-8,1
1015,medium,Fog-only,fog-1,136
1015,medium,Fog-only,fog-2,11
1015,medium,Fog-only,fog-3,31
1015,medium,Fog-only,fog-4,182
1015,medium,Fog-only,fog-5,252
1015,medium,Fog-only,fog-6,82
1015,medium,Fog-only,fog-7,254
1015,medium,Fog-only,fog-8,6
1016,medium,DT-KF-CostAware,fog-1,14
1016,medium,DT-KF-CostAware,fog-2,271
1016,medium,DT-KF-CostAware,fog-3,116
1016,medium,DT-KF-CostAware,fog-4,85
1016,medium,DT-KF-CostAware,fog-5,150
1016,medium,DT-KF-CostAware,fog-6,46
1016,medium,DT-KF-CostAware,fog-7,221
1016,medium,DT-KF-CostAware,fog-8,6
1016,medium,DT-OPT,fog-1,15
1016,medium,DT-OPT,fog-2,275
1016,medium,DT-OPT,fog-3,119
1016,medium,DT-OPT,fog-4,84
1016,medium,DT-OPT,fog-5,150
1016,medium,DT-OPT,fog-6,44
1016,medium,DT-OPT,fog-7,216
1016,medium,DT-OPT,fog-8,6
1016,medium,SemiGreedy,fog-1,27
1016,medium,SemiGreedy,fog-2,259
1016,medium,SemiGreedy,fog-3,83
1016,medium,SemiGreedy,fog-4,0
1016,medium,SemiGreedy,fog-5,6
1016,medium,SemiGreedy,fog-6,1
1016,medium,SemiGreedy,fog-7,222
1016,medium,SemiGreedy,fog-8,0
1016,medium,Fog-only,fog-1,122
1016,medium,Fog-only,fog-2,267
1016,medium,Fog-only,fog-3,175
1016,medium,Fog-only,fog-4,20
1016,medium,Fog-only,fog-5,64
1016,medium,Fog-only,fog-6,26
1016,medium,Fog-only,fog-7,232
1016,medium,Fog-only,fog-8,3
1017,medium,DT-KF-CostAware,fog-1,78
1017,medium,DT-KF-CostAware,fog-2,11
1017,medium,DT-KF-CostAware,fog-3,104
1017,medium,DT-KF-CostAware,fog-4,270
1017,medium,DT-KF-CostAware,fog-5,57
1017,medium,DT-KF-CostAware,fog-6,138
1017,medium,DT-KF-CostAware,fog-7,13
1017,medium,DT-KF-CostAware,fog-8,216
1017,medium,DT-OPT,fog-1,78
1017,medium,DT-OPT,fog-2,12
1017,medium,DT-OPT,fog-3,104
1017,medium,DT-OPT,fog-4,270
1017,medium,DT-OPT,fog-5,58
1017,medium,DT-OPT,fog-6,135
1017,medium,DT-OPT,fog-7,13
1017,medium,DT-OPT,fog-8,217
1017,medium,SemiGreedy,fog-1,0
1017,medium,SemiGreedy,fog-2,0
1017,medium,SemiGreedy,fog-3,281
1017,medium,SemiGreedy,fog-4,45
1017,medium,SemiGreedy,fog-5,5
1017,medium,SemiGreedy,fog-6,193
1017,medium,SemiGreedy,fog-7,32
1017,medium,SemiGreedy,fog-8,47
1017,medium,Fog-only,fog-1,3
1017,medium,Fog-only,fog-2,12
1017,medium,Fog-only,fog-3,264
1017,medium,Fog-only,fog-4,121
1017,medium,Fog-only,fog-5,32
1017,medium,Fog-only,fog-6,234
1017,medium,Fog-only,fog-7,99
1017,medium,Fog-only,fog-8,123
1018,medium,DT-KF-CostAware,fog-1,255
1018,medium,DT-KF-CostAware,fog-2,81
1018,medium,DT-KF-CostAware,fog-3,29
1018,medium,DT-KF-CostAware,fog-4,204
1018,medium,DT-KF-CostAware,fog-5,176
1018,medium,DT-KF-CostAware,fog-6,50
1018,medium,DT-KF-CostAware,fog-7,13
1018,medium,DT-KF-CostAware,fog-8,127
1018,medium,DT-OPT,fog-1,254
1018,medium,DT-OPT,fog-2,80
1018,medium,DT-OPT,fog-3,28
1018,medium,DT-OPT,fog-4,203
1018,medium,DT-OPT,fog-5,179
1018,medium,DT-OPT,fog-6,50
1018,medium,DT-OPT,fog-7,13
1018,medium,DT-OPT,fog-8,128
1018,medium,SemiGreedy,fog-1,36
1018,medium,SemiGreedy,fog-2,294
1018,medium,SemiGreedy,fog-3,3
1018,medium,SemiGreedy,fog-4,16
1018,medium,SemiGreedy,fog-5,94
1018,medium,SemiGreedy,fog-6,194
1018,medium,SemiGreedy,fog-7,0
1018,medium,SemiGreedy,fog-8,5
1018,medium,Fog-only,fog-1,130
1018,medium,Fog-only,fog-2,274
1018,medium,Fog-only,fog-3,10
1018,medium,Fog-only,fog-4,79
1018,medium,Fog-only,fog-5,175
1018,medium,Fog-only,fog-6,224
1018,medium,Fog-only,fog-7,7
1018,medium,Fog-only,fog-8,37
1019,medium,DT-KF-CostAware,fog-1,50
1019,medium,DT-KF-CostAware,fog-2,9
1019,medium,DT-KF-CostAware,fog-3,242
1019,medium,DT-KF-CostAware,fog-4,178
1019,medium,DT-KF-CostAware,fog-5,53
1019,medium,DT-KF-CostAware,fog-6,230
1019,medium,DT-KF-CostAware,fog-7,123
1019,medium,DT-KF-CostAware,fog-8,8
1019,medium,DT-OPT,fog-1,49
1019,medium,DT-OPT,fog-2,9
1019,medium,DT-OPT,fog-3,242
1019,medium,DT-OPT,fog-4,179
1019,medium,DT-OPT,fog-5,54
1019,medium,DT-OPT,fog-6,230
1019,medium,DT-OPT,fog-7,122
1019,medium,DT-OPT,fog-8,8
1019,medium,SemiGreedy,fog-1,19
1019,medium,SemiGreedy,fog-2,0
1019,medium,SemiGreedy,fog-3,185
1019,medium,SemiGreedy,fog-4,3
1019,medium,SemiGreedy,fog-5,3
1019,medium,SemiGreedy,fog-6,299
1019,medium,SemiGreedy,fog-7,74
1019,medium,SemiGreedy,fog-8,0
1019,medium,Fog-only,fog-1,113
1019,medium,Fog-only,fog-2,9
1019,medium,Fog-only,fog-3,232
1019,medium,Fog-only,fog-4,36
1019,medium,Fog-only,fog-5,48
1019,medium,Fog-only,fog-6,260
1019,medium,Fog-only,fog-7,190
1019,medium,Fog-only,fog-8,6
1020,medium,DT-KF-CostAware,fog-1,61
1020,medium,DT-KF-CostAware,fog-2,267
1020,medium,DT-KF-CostAware,fog-3,7
1020,medium,DT-KF-CostAware,fog-4,120
1020,medium,DT-KF-CostAware,fog-5,8
1020,medium,DT-KF-CostAware,fog-6,45
1020,medium,DT-KF-CostAware,fog-7,217
1020,medium,DT-KF-CostAware,fog-8,175
1020,medium,DT-OPT,fog-1,61
1020,medium,DT-OPT,fog-2,267
1020,medium,DT-OPT,fog-3,7
1020,medium,DT-OPT,fog-4,120
1020,medium,DT-OPT,fog-5,8
1020,medium,DT-OPT,fog-6,45
1020,medium,DT-OPT,fog-7,217
1020,medium,DT-OPT,fog-8,175
1020,medium,SemiGreedy,fog-1,27
1020,medium,SemiGreedy,fog-2,241
1020,medium,SemiGreedy,fog-3,0
1020,medium,SemiGreedy,fog-4,9
1020,medium,SemiGreedy,fog-5,0
1020,medium,SemiGreedy,fog-6,0
1020,medium,SemiGreedy,fog-7,79
1020,medium,SemiGreedy,fog-8,250
1020,medium,Fog-only,fog-1,121
1020,medium,Fog-only,fog-2,253
1020,medium,Fog-only,fog-3,25
1020,medium,Fog-only,fog-4,53
1020,medium,Fog-only,fog-5,5
1020,medium,Fog-only,fog-6,11
1020,medium,Fog-only,fog-7,187
1020,medium,Fog-only,fog-8,245
1021,medium,DT-KF-CostAware,fog-1,41
1021,medium,DT-KF-CostAware,fog-2,128
1021,medium,DT-KF-CostAware,fog-3,245
1021,medium,DT-KF-CostAware,fog-4,1
1021,medium,DT-KF-CostAware,fog-5,82
1021,medium,DT-KF-CostAware,fog-6,12
1021,medium,DT-KF-CostAware,fog-7,209
1021,medium,DT-KF-CostAware,fog-8,145
1021,medium,DT-OPT,fog-1,43
1021,medium,DT-OPT,fog-2,130
1021,medium,DT-OPT,fog-3,247
1021,medium,DT-OPT,fog-4,1
1021,medium,DT-OPT,fog-5,83
1021,medium,DT-OPT,fog-6,12
1021,medium,DT-OPT,fog-7,207
1021,medium,DT-OPT,fog-8,140
1021,medium,SemiGreedy,fog-1,0
1021,medium,SemiGreedy,fog-2,7
1021,medium,SemiGreedy,fog-3,276
1021,medium,SemiGreedy,fog-4,0
1021,medium,SemiGreedy,fog-5,88
1021,medium,SemiGreedy,fog-6,0
1021,medium,SemiGreedy,fog-7,28
1021,medium,SemiGreedy,fog-8,188
1021,medium,Fog-only,fog-1,7
1021,medium,Fog-only,fog-2,60
1021,medium,Fog-only,fog-3,253
1021,medium,Fog-only,fog-4,2
1021,medium,Fog-only,fog-5,179
1021,medium,Fog-only,fog-6,20
1021,medium,Fog-only,fog-7,118
1021,medium,Fog-only,fog-8,225
1022,medium,DT-KF-CostAware,fog-1,214
1022,medium,DT-KF-CostAware,fog-2,1
1022,medium,DT-KF-CostAware,fog-3,249
1022,medium,DT-KF-CostAware,fog-4,115
1022,medium,DT-KF-CostAware,fog-5,78
1022,medium,DT-KF-CostAware,fog-6,210
1022,medium,DT-KF-CostAware,fog-7,10
1022,medium,DT-KF-CostAware,fog-8,26
1022,medium,DT-OPT,fog-1,214
1022,medium,DT-OPT,fog-2,1
1022,medium,DT-OPT,fog-3,249
1022,medium,DT-OPT,fog-4,115
1022,medium,DT-OPT,fog-5,78
1022,medium,DT-OPT,fog-6,210
1022,medium,DT-OPT,fog-7,10
1022,medium,DT-OPT,fog-8,26
1022,medium,SemiGreedy,fog-1,100
1022,medium,SemiGreedy,fog-2,0
1022,medium,SemiGreedy,fog-3,281
1022,medium,SemiGreedy,fog-4,30
1022,medium,SemiGreedy,fog-5,0
1022,medium,SemiGreedy,fog-6,194
1022,medium,SemiGreedy,fog-7,0
1022,medium,SemiGreedy,fog-8,8
1022,medium,Fog-only,fog-1,195
1022,medium,Fog-only,fog-2,1
1022,medium,Fog-only,fog-3,266
1022,medium,Fog-only,fog-4,125
1022,medium,Fog-only,fog-5,16
1022,medium,Fog-only,fog-6,228
1022,medium,Fog-only,fog-7,3
1022,medium,Fog-only,fog-8,70
1023,medium,DT-KF-CostAware,fog-1,106
1023,medium,DT-KF-CostAware,fog-2,66
1023,medium,DT-KF-CostAware,fog-3,254
1023,medium,DT-KF-CostAware,fog-4,2
1023,medium,DT-KF-CostAware,fog-5,19
1023,medium,DT-KF-CostAware,fog-6,243
1023,medium,DT-KF-CostAware,fog-7,162
1023,medium,DT-KF-CostAware,fog-8,9
1023,medium,DT-OPT,fog-1,106
1023,medium,DT-OPT,fog-2,63
1023,medium,DT-OPT,fog-3,254
1023,medium,DT-OPT,fog-4,2
1023,medium,DT-OPT,fog-5,20
1023,medium,DT-OPT,fog-6,243
1023,medium,DT-OPT,fog-7,162
1023,medium,DT-OPT,fog-8,10
1023,medium,SemiGreedy,fog-1,69
1023,medium,SemiGreedy,fog-2,11
1023,medium,SemiGreedy,fog-3,234
1023,medium,SemiGreedy,fog-4,0
1023,medium,SemiGreedy,fog-5,1
1023,medium,SemiGreedy,fog-6,258
1023,medium,SemiGreedy,fog-7,12
1023,medium,SemiGreedy,fog-8,0
1023,medium,Fog-only,fog-1,172
1023,medium,Fog-only,fog-2,65
1023,medium,Fog-only,fog-3,248
1023,medium,Fog-only,fog-4,4
1023,medium,Fog-only,fog-5,16
1023,medium,Fog-only,fog-6,264
1023,medium,Fog-only,fog-7,90
1023,medium,Fog-only,fog-8,2
1024,medium,DT-KF-CostAware,fog-1,14
1024,medium,DT-KF-CostAware,fog-2,130
1024,medium,DT-KF-CostAware,fog-3,256
1024,medium,DT-KF-CostAware,fog-4,174
1024,medium,DT-KF-CostAware,fog-5,35
1024,medium,DT-KF-CostAware,fog-6,72
1024,medium,DT-KF-CostAware,fog-7,5
1024,medium,DT-KF-CostAware,fog-8,217
1024,medium,DT-OPT,fog-1,14
1024,medium,DT-OPT,fog-2,129
1024,medium,DT-OPT,fog-3,253
1024,medium,DT-OPT,fog-4,177
1024,medium,DT-OPT,fog-5,38
1024,medium,DT-OPT,fog-6,72
1024,medium,DT-OPT,fog-7,6
1024,medium,DT-OPT,fog-8,215
1024,medium,SemiGreedy,fog-1,2
1024,medium,SemiGreedy,fog-2,10
1024,medium,SemiGreedy,fog-3,294
1024,medium,SemiGreedy,fog-4,200
1024,medium,SemiGreedy,fog-5,0
1024,medium,SemiGreedy,fog-6,4
1024,medium,SemiGreedy,fog-7,0
1024,medium,SemiGreedy,fog-8,85
1024,medium,Fog-only,fog-1,26
1024,medium,Fog-only,fog-2,98
1024,medium,Fog-only,fog-3,276
1024,medium,Fog-only,fog-4,229
1024,medium,Fog-only,fog-5,13
1024,medium,Fog-only,fog-6,54
1024,medium,Fog-only,fog-7,20
1024,medium,Fog-only,fog-8,190
1025,medium,DT-KF-CostAware,fog-1,55
1025,medium,DT-KF-CostAware,fog-2,7
1025,medium,DT-KF-CostAware,fog-3,180
1025,medium,DT-KF-CostAware,fog-4,143
1025,medium,DT-KF-CostAware,fog-5,11
1025,medium,DT-KF-CostAware,fog-6,69
1025,medium,DT-KF-CostAware,fog-7,186
1025,medium,DT-KF-CostAware,fog-8,224
1025,medium,DT-OPT,fog-1,55
1025,medium,DT-OPT,fog-2,7
1025,medium,DT-OPT,fog-3,178
1025,medium,DT-OPT,fog-4,141
1025,medium,DT-OPT,fog-5,11
1025,medium,DT-OPT,fog-6,69
1025,medium,DT-OPT,fog-7,183
1025,medium,DT-OPT,fog-8,231
1025,medium,SemiGreedy,fog-1,9
1025,medium,SemiGreedy,fog-2,1
1025,medium,SemiGreedy,fog-3,2
1025,medium,SemiGreedy,fog-4,27
1025,medium,SemiGreedy,fog-5,1
1025,medium,SemiGreedy,fog-6,67
1025,medium,SemiGreedy,fog-7,271
1025,medium,SemiGreedy,fog-8,163
1025,medium,Fog-only,fog-1,79
1025,medium,Fog-only,fog-2,3
1025,medium,Fog-only,fog-3,35
1025,medium,Fog-only,fog-4,126
1025,medium,Fog-only,fog-5,10
1025,medium,Fog-only,fog-6,170
1025,medium,Fog-only,fog-7,231
1025,medium,Fog-only,fog-8,222
1026,medium,DT-KF-CostAware,fog-1,223
1026,medium,DT-KF-CostAware,fog-2,3
1026,medium,DT-KF-CostAware,fog-3,20
1026,medium,DT-KF-CostAware,fog-4,35
1026,medium,DT-KF-CostAware,fog-5,265
1026,medium,DT-KF-CostAware,fog-6,153
1026,medium,DT-KF-CostAware,fog-7,64
1026,medium,DT-KF-CostAware,fog-8,111
1026,medium,DT-OPT,fog-1,223
1026,medium,DT-OPT,fog-2,3
1026,medium,DT-OPT,fog-3,20
1026,medium,DT-OPT,fog-4,35
1026,medium,DT-OPT,fog-5,265
1026,medium,DT-OPT,fog-6,153
1026,medium,DT-OPT,fog-7,64
1026,medium,DT-OPT,fog-8,111
1026,medium,SemiGreedy,fog-1,179
1026,medium,SemiGreedy,fog-2,4
1026,medium,SemiGreedy,fog-3,0
1026,medium,SemiGreedy,fog-4,16
1026,medium,SemiGreedy,fog-5,306
1026,medium,SemiGreedy,fog-6,78
1026,medium,SemiGreedy,fog-7,2
1026,medium,SemiGreedy,fog-8,0
1026,medium,Fog-only,fog-1,236
1026,medium,Fog-only,fog-2,58
1026,medium,Fog-only,fog-3,5
1026,medium,Fog-only,fog-4,108
1026,medium,Fog-only,fog-5,246
1026,medium,Fog-only,fog-6,176
1026,medium,Fog-only,fog-7,33
1026,medium,Fog-only,fog-8,15
1027,medium,DT-KF-CostAware,fog-1,15
1027,medium,DT-KF-CostAware,fog-2,0
1027,medium,DT-KF-CostAware,fog-3,160
1027,medium,DT-KF-CostAware,fog-4,176
1027,medium,DT-KF-CostAware,fog-5,60
1027,medium,DT-KF-CostAware,fog-6,256
1027,medium,DT-KF-CostAware,fog-7,29
1027,medium,DT-KF-CostAware,fog-8,152
1027,medium,DT-OPT,fog-1,15
1027,medium,DT-OPT,fog-2,0
1027,medium,DT-OPT,fog-3,159
1027,medium,DT-OPT,fog-4,176
1027,medium,DT-OPT,fog-5,61
1027,medium,DT-OPT,fog-6,256
1027,medium,DT-OPT,fog-7,30
1027,medium,DT-OPT,fog-8,151
1027,medium,SemiGreedy,fog-1,0
1027,medium,SemiGreedy,fog-2,2
1027,medium,SemiGreedy,fog-3,279
1027,medium,SemiGreedy,fog-4,190
1027,medium,SemiGreedy,fog-5,25
1027,medium,SemiGreedy,fog-6,86
1027,medium,SemiGreedy,fog-7,0
1027,medium,SemiGreedy,fog-8,5
1027,medium,Fog-only,fog-1,1
1027,medium,Fog-only,fog-2,19
1027,medium,Fog-only,fog-3,270
1027,medium,Fog-only,fog-4,213
1027,medium,Fog-only,fog-5,106
1027,medium,Fog-only,fog-6,174
1027,medium,Fog-only,fog-7,8
1027,medium,Fog-only,fog-8,59
1028,medium,DT-KF-CostAware,fog-1,178
1028,medium,DT-KF-CostAware,fog-2,92
1028,medium,DT-KF-CostAware,fog-3,25
1028,medium,DT-KF-CostAware,fog-4,116
1028,medium,DT-KF-CostAware,fog-5,9
1028,medium,DT-KF-CostAware,fog-6,205
1028,medium,DT-KF-CostAware,fog-7,72
1028,medium,DT-KF-CostAware,fog-8,246
1028,medium,DT-OPT,fog-1,180
1028,medium,DT-OPT,fog-2,91
1028,medium,DT-OPT,fog-3,25
1028,medium,DT-OPT,fog-4,115
1028,medium,DT-OPT,fog-5,9
1028,medium,DT-OPT,fog-6,207
1028,medium,DT-OPT,fog-7,71
1028,medium,DT-OPT,fog-8,245
1028,medium,SemiGreedy,fog-1,296
1028,medium,SemiGreedy,fog-2,11
1028,medium,SemiGreedy,fog-3,4
1028,medium,SemiGreedy,fog-4,28
1028,medium,SemiGreedy,fog-5,0
1028,medium,SemiGreedy,fog-6,87
1028,medium,SemiGreedy,fog-7,4
1028,medium,SemiGreedy,fog-8,191
1028,medium,Fog-only,fog-1,250
1028,medium,Fog-only,fog-2,74
1028,medium,Fog-only,fog-3,29
1028,medium,Fog-only,fog-4,130
1028,medium,Fog-only,fog-5,8
1028,medium,Fog-only,fog-6,192
1028,medium,Fog-only,fog-7,33
1028,medium,Fog-only,fog-8,227
1029,medium,DT-KF-CostAware,fog-1,57
1029,medium,DT-KF-CostAware,fog-2,17
1029,medium,DT-KF-CostAware,fog-3,177
1029,medium,DT-KF-CostAware,fog-4,62
1029,medium,DT-KF-CostAware,fog-5,119
1029,medium,DT-KF-CostAware,fog-6,206
1029,medium,DT-KF-CostAware,fog-7,279
1029,medium,DT-KF-CostAware,fog-8,15
1029,medium,DT-OPT,fog-1,56
1029,medium,DT-OPT,fog-2,17
1029,medium,DT-OPT,fog-3,177
1029,medium,DT-OPT,fog-4,62
1029,medium,DT-OPT,fog-5,119
1029,medium,DT-OPT,fog-6,206
1029,medium,DT-OPT,fog-7,280
1029,medium,DT-OPT,fog-8,15
1029,medium,SemiGreedy,fog-1,0
1029,medium,SemiGreedy,fog-2,0
1029,medium,SemiGreedy,fog-3,168
1029,medium,SemiGreedy,fog-4,7
1029,medium,SemiGreedy,fog-5,80
1029,medium,SemiGreedy,fog-6,29
1029,medium,SemiGreedy,fog-7,280
1029,medium,SemiGreedy,fog-8,1
1029,medium,Fog-only,fog-1,15
1029,medium,Fog-only,fog-2,4
1029,medium,Fog-only,fog-3,219
1029,medium,Fog-only,fog-4,80
1029,medium,Fog-only,fog-5,202
1029,medium,Fog-only,fog-6,131
1029,medium,Fog-only,fog-7,249
1029,medium,Fog-only,fog-8,33
1000,high,DT-KF-CostAware,fog-1,172
1000,high,DT-KF-CostAware,fog-2,129
1000,high,DT-KF-CostAware,fog-3,213
1000,high,DT-KF-CostAware,fog-4,242
1000,high,DT-KF-CostAware,fog-5,194
1000,high,DT-KF-CostAware,fog-6,84
1000,high,DT-KF-CostAware,fog-7,221
1000,high,DT-KF-CostAware,fog-8,136
1000,high,DT-OPT,fog-1,195
1000,high,DT-OPT,fog-2,143
1000,high,DT-OPT,fog-3,233
1000,high,DT-OPT,fog-4,227
1000,high,DT-OPT,fog-5,210
1000,high,DT-OPT,fog-6,95
1000,high,DT-OPT,fog-7,217
1000,high,DT-OPT,fog-8,135
1000,high,SemiGreedy,fog-1,93
1000,high,SemiGreedy,fog-2,16
1000,high,SemiGreedy,fog-3,215
1000,high,SemiGreedy,fog-4,286
1000,high,SemiGreedy,fog-5,282
1000,high,SemiGreedy,fog-6,32
1000,high,SemiGreedy,fog-7,205
1000,high,SemiGreedy,fog-8,52
1000,high,Fog-only,fog-1,232
1000,high,Fog-only,fog-2,202
1000,high,Fog-only,fog-3,205
1000,high,Fog-only,fog-4,203
1000,high,Fog-only,fog-5,188
1000,high,Fog-only,fog-6,217
1000,high,Fog-only,fog-7,203
1000,high,Fog-only,fog-8,220
1001,high,DT-KF-CostAware,fog-1,101
1001,high,DT-KF-CostAware,fog-2,117
1001,high,DT-KF-CostAware,fog-3,136
1001,high,DT-KF-CostAware,fog-4,172
1001,high,DT-KF-CostAware,fog-5,109
1001,high,DT-KF-CostAware,fog-6,162
1001,high,DT-KF-CostAware,fog-7,51
1001,high,DT-KF-CostAware,fog-8,156
1001,high,DT-OPT,fog-1,119
1001,high,DT-OPT,fog-2,121
1001,high,DT-OPT,fog-3,147
1001,high,DT-OPT,fog-4,173
1001,high,DT-OPT,fog-5,120
1001,high,DT-OPT,fog-6,174
1001,high,DT-OPT,fog-7,53
1001,high,DT-OPT,fog-8,166
1001,high,SemiGreedy,fog-1,126
1001,high,SemiGreedy,fog-2,106
1001,high,SemiGreedy,fog-3,79
1001,high,SemiGreedy,fog-4,292
1001,high,SemiGreedy,fog-5,40
1001,high,SemiGreedy,fog-6,260
1001,high,SemiGreedy,fog-7,12
1001,high,SemiGreedy,fog-8,197
1001,high,Fog-only,fog-1,215
1001,high,Fog-only,fog-2,203
1001,high,Fog-only,fog-3,202
1001,high,Fog-only,fog-4,187
1001,high,Fog-only,fog-5,164
1001,high,Fog-only,fog-6,200
1001,high,Fog-only,fog-7,142
1001,high,Fog-only,fog-8,215
1002,high,DT-KF-CostAware,fog-1,72
1002,high,DT-KF-CostAware,fog-2,179
1002,high,DT-KF-CostAware,fog-3,188
1002,high,DT-KF-CostAware,fog-4,114
1002,high,DT-KF-CostAware,fog-5,221
1002,high,DT-KF-CostAware,fog-6,213
1002,high,DT-KF-CostAware,fog-7,238
1002,high,DT-KF-CostAware,fog-8,245
1002,high,DT-OPT,fog-1,62
1002,high,DT-OPT,fog-2,188
1002,high,DT-OPT,fog-3,197
1002,high,DT-OPT,fog-4,111
1002,high,DT-OPT,fog-5,220
1002,high,DT-OPT,fog-6,218
1002,high,DT-OPT,fog-7,248
1002,high,DT-OPT,fog-8,246
1002,high,SemiGreedy,fog-1,7
1002,high,SemiGreedy,fog-2,72
1002,high,SemiGreedy,fog-3,133
1002,high,SemiGreedy,fog-4,15
1002,high,SemiGreedy,fog-5,226
1002,high,SemiGreedy,fog-6,154
1002,high,SemiGreedy,fog-7,272
1002,high,SemiGreedy,fog-8,311
1002,high,Fog-only,fog-1,109
1002,high,Fog-only,fog-2,216
1002,high,Fog-only,fog-3,240
1002,high,Fog-only,fog-4,158
1002,high,Fog-only,fog-5,224
1002,high,Fog-only,fog-6,222
1002,high,Fog-only,fog-7,233
1002,high,Fog-only,fog-8,223
1003,high,DT-KF-CostAware,fog-1,156
1003,high,DT-KF-CostAware,fog-2,148
1003,high,DT-KF-CostAware,fog-3,105
1003,high,DT-KF-CostAware,fog-4,162
1003,high,DT-KF-CostAware,fog-5,136
1003,high,DT-KF-CostAware,fog-6,74
1003,high,DT-KF-CostAware,fog-7,170
1003,high,DT-KF-CostAware,fog-8,153
1003,high,DT-OPT,fog-1,176
1003,high,DT-OPT,fog-2,160
1003,high,DT-OPT,fog-3,114
1003,high,DT-OPT,fog-4,183
1003,high,DT-OPT,fog-5,151
1003,high,DT-OPT,fog-6,88
1003,high,DT-OPT,fog-7,177
1003,high,DT-OPT,fog-8,173
1003,high,SemiGreedy,fog-1,134
1003,high,SemiGreedy,fog-2,89
1003,high,SemiGreedy,fog-3,53
1003,high,SemiGreedy,fog-4,263
1003,high,SemiGreedy,fog-5,29
1003,high,SemiGreedy,fog-6,19
1003,high,SemiGreedy,fog-7,309
1003,high,SemiGreedy,fog-8,180
1003,high,Fog-only,fog-1,220
1003,high,Fog-only,fog-2,195
1003,high,Fog-only,fog-3,194
1003,high,Fog-only,fog-4,169
1003,high,Fog-only,fog-5,198
1003,high,Fog-only,fog-6,189
1003,high,Fog-only,fog-7,170
1003,high,Fog-only,fog-8,228
1004,high,DT-KF-CostAware,fog-1,115
1004,high,DT-KF-CostAware,fog-2,123
1004,high,DT-KF-CostAware,fog-3,208
1004,high,DT-KF-CostAware,fog-4,189
1004,high,DT-KF-CostAware,fog-5,165
1004,high,DT-KF-CostAware,fog-6,85
1004,high,DT-KF-CostAware,fog-7,194
1004,high,DT-KF-CostAware,fog-8,171
1004,high,DT-OPT,fog-1,118
1004,high,DT-OPT,fog-2,132
1004,high,DT-OPT,fog-3,229
1004,high,DT-OPT,fog-4,209
1004,high,DT-OPT,fog-5,179
1004,high,DT-OPT,fog-6,86
1004,high,DT-OPT,fog-7,207
1004,high,DT-OPT,fog-8,176
1004,high,SemiGreedy,fog-1,35
1004,high,SemiGreedy,fog-2,79
1004,high,SemiGreedy,fog-3,274
1004,high,SemiGreedy,fog-4,135
1004,high,SemiGreedy,fog-5,68
1004,high,SemiGreedy,fog-6,20
1004,high,SemiGreedy,fog-7,273
1004,high,SemiGreedy,fog-8,185
1004,high,Fog-only,fog-1,204
1004,high,Fog-only,fog-2,198
1004,high,Fog-only,fog-3,181
1004,high,Fog-only,fog-4,220
1004,high,Fog-only,fog-5,221
1004,high,Fog-only,fog-6,186
1004,high,Fog-only,fog-7,176
1004,high,Fog-only,fog-8,210
1005,high,DT-KF-CostAware,fog-1,224
1005,high,DT-KF-CostAware,fog-2,90
1005,high,DT-KF-CostAware,fog-3,210
1005,high,DT-KF-CostAware,fog-4,48
1005,high,DT-KF-CostAware,fog-5,246
1005,high,DT-KF-CostAware,fog-6,246
1005,high,DT-KF-CostAware,fog-7,218
1005,high,DT-KF-CostAware,fog-8,158
1005,high,DT-OPT,fog-1,207
1005,high,DT-OPT,fog-2,102
1005,high,DT-OPT,fog-3,217
1005,high,DT-OPT,fog-4,56
1005,high,DT-OPT,fog-5,252
1005,high,DT-OPT,fog-6,252
1005,high,DT-OPT,fog-7,227
1005,high,DT-OPT,fog-8,163
1005,high,SemiGreedy,fog-1,236
1005,high,SemiGreedy,fog-2,18
1005,high,SemiGreedy,fog-3,97
1005,high,SemiGreedy,fog-4,7
1005,high,SemiGreedy,fog-5,266
1005,high,SemiGreedy,fog-6,291
1005,high,SemiGreedy,fog-7,148
1005,high,SemiGreedy,fog-8,46
1005,high,Fog-only,fog-1,224
1005,high,Fog-only,fog-2,144
1005,high,Fog-only,fog-3,219
1005,high,Fog-only,fog-4,108
1005,high,Fog-only,fog-5,234
1005,high,Fog-only,fog-6,226
1005,high,Fog-only,fog-7,223
1005,high,Fog-only,fog-8,179
1006,high,DT-KF-CostAware,fog-1,99
1006,high,DT-KF-CostAware,fog-2,64
1006,high,DT-KF-CostAware,fog-3,79
1006,high,DT-KF-CostAware,fog-4,187
1006,high,DT-KF-CostAware,fog-5,188
1006,high,DT-KF-CostAware,fog-6,164
1006,high,DT-KF-CostAware,fog-7,167
1006,high,DT-KF-CostAware,fog-8,158
1006,high,DT-OPT,fog-1,103
1006,high,DT-OPT,fog-2,67
1006,high,DT-OPT,fog-3,86
1006,high,DT-OPT,fog-4,201
1006,high,DT-OPT,fog-5,201
1006,high,DT-OPT,fog-6,175
1006,high,DT-OPT,fog-7,170
1006,high,DT-OPT,fog-8,162
1006,high,SemiGreedy,fog-1,32
1006,high,SemiGreedy,fog-2,28
1006,high,SemiGreedy,fog-3,67
1006,high,SemiGreedy,fog-4,301
1006,high,SemiGreedy,fog-5,113
1006,high,SemiGreedy,fog-6,247
1006,high,SemiGreedy,fog-7,198
1006,high,SemiGreedy,fog-8,151
1006,high,Fog-only,fog-1,190
1006,high,Fog-only,fog-2,177
1006,high,Fog-only,fog-3,210
1006,high,Fog-only,fog-4,163
1006,high,Fog-only,fog-5,229
1006,high,Fog-only,fog-6,202
1006,high,Fog-only,fog-7,213
1006,high,Fog-only,fog-8,223
1007,high,DT-KF-CostAware,fog-1,219
1007,high,DT-KF-CostAware,fog-2,185
1007,high,DT-KF-CostAware,fog-3,201
1007,high,DT-KF-CostAware,fog-4,104
1007,high,DT-KF-CostAware,fog-5,183
1007,high,DT-KF-CostAware,fog-6,195
1007,high,DT-KF-CostAware,fog-7,196
1007,high,DT-KF-CostAware,fog-8,166
1007,high,DT-OPT,fog-1,218
1007,high,DT-OPT,fog-2,185
1007,high,DT-OPT,fog-3,202
1007,high,DT-OPT,fog-4,114
1007,high,DT-OPT,fog-5,182
1007,high,DT-OPT,fog-6,199
1007,high,DT-OPT,fog-7,212
1007,high,DT-OPT,fog-8,167
1007,high,SemiGreedy,fog-1,281
1007,high,SemiGreedy,fog-2,241
1007,high,SemiGreedy,fog-3,105
1007,high,SemiGreedy,fog-4,23
1007,high,SemiGreedy,fog-5,70
1007,high,SemiGreedy,fog-6,204
1007,high,SemiGreedy,fog-7,163
1007,high,SemiGreedy,fog-8,50
1007,high,Fog-only,fog-1,200
1007,high,Fog-only,fog-2,208
1007,high,Fog-only,fog-3,222
1007,high,Fog-only,fog-4,177
1007,high,Fog-only,fog-5,204
1007,high,Fog-only,fog-6,218
1007,high,Fog-only,fog-7,209
1007,high,Fog-only,fog-8,195
1008,high,DT-KF-CostAware,fog-1,207
1008,high,DT-KF-CostAware,fog-2,247
1008,high,DT-KF-CostAware,fog-3,230
1008,high,DT-KF-CostAware,fog-4,191
1008,high,DT-KF-CostAware,fog-5,215
1008,high,DT-KF-CostAware,fog-6,160
1008,high,DT-KF-CostAware,fog-7,84
1008,high,DT-KF-CostAware,fog-8,209
1008,high,DT-OPT,fog-1,207
1008,high,DT-OPT,fog-2,257
1008,high,DT-OPT,fog-3,231
1008,high,DT-OPT,fog-4,191
1008,high,DT-OPT,fog-5,220
1008,high,DT-OPT,fog-6,141
1008,high,DT-OPT,fog-7,83
1008,high,DT-OPT,fog-8,216
1008,high,SemiGreedy,fog-1,149
1008,high,SemiGreedy,fog-2,312
1008,high,SemiGreedy,fog-3,289
1008,high,SemiGreedy,fog-4,35
1008,high,SemiGreedy,fog-5,96
1008,high,SemiGreedy,fog-6,80
1008,high,SemiGreedy,fog-7,13
1008,high,SemiGreedy,fog-8,221
1008,high,Fog-only,fog-1,246
1008,high,Fog-only,fog-2,205
1008,high,Fog-only,fog-3,194
1008,high,Fog-only,fog-4,202
1008,high,Fog-only,fog-5,228
1008,high,Fog-only,fog-6,214
1008,high,Fog-only,fog-7,152
1008,high,Fog-only,fog-8,217
1009,high,DT-KF-CostAware,fog-1,203
1009,high,DT-KF-CostAware,fog-2,208
1009,high,DT-KF-CostAware,fog-3,240
1009,high,DT-KF-CostAware,fog-4,122
1009,high,DT-KF-CostAware,fog-5,243
1009,high,DT-KF-CostAware,fog-6,133
1009,high,DT-KF-CostAware,fog-7,129
1009,high,DT-KF-CostAware,fog-8,200
1009,high,DT-OPT,fog-1,215
1009,high,DT-OPT,fog-2,213
1009,high,DT-OPT,fog-3,225
1009,high,DT-OPT,fog-4,127
1009,high,DT-OPT,fog-5,232
1009,high,DT-OPT,fog-6,141
1009,high,DT-OPT,fog-7,123
1009,high,DT-OPT,fog-8,204
1009,high,SemiGreedy,fog-1,196
1009,high,SemiGreedy,fog-2,51
1009,high,SemiGreedy,fog-3,258
1009,high,SemiGreedy,fog-4,88
1009,high,SemiGreedy,fog-5,298
1009,high,SemiGreedy,fog-6,15
1009,high,SemiGreedy,fog-7,49
1009,high,SemiGreedy,fog-8,144
1009,high,Fog-only,fog-1,210
1009,high,Fog-only,fog-2,201
1009,high,Fog-only,fog-3,202
1009,high,Fog-only,fog-4,218
1009,high,Fog-only,fog-5,194
1009,high,Fog-only,fog-6,163
1009,high,Fog-only,fog-7,192
1009,high,Fog-only,fog-8,218
1010,high,DT-KF-CostAware,fog-1,69
1010,high,DT-KF-CostAware,fog-2,211
1010,high,DT-KF-CostAware,fog-3,182
1010,high,DT-KF-CostAware,fog-4,156
1010,high,DT-KF-CostAware,fog-5,213
1010,high,DT-KF-CostAware,fog-6,232
1010,high,DT-KF-CostAware,fog-7,130
1010,high,DT-KF-CostAware,fog-8,193
1010,high,DT-OPT,fog-1,76
1010,high,DT-OPT,fog-2,209
1010,high,DT-OPT,fog-3,202
1010,high,DT-OPT,fog-4,158
1010,high,DT-OPT,fog-5,207
1010,high,DT-OPT,fog-6,247
1010,high,DT-OPT,fog-7,139
1010,high,DT-OPT,fog-8,205
1010,high,SemiGreedy,fog-1,6
1010,high,SemiGreedy,fog-2,186
1010,high,SemiGreedy,fog-3,106
1010,high,SemiGreedy,fog-4,27
1010,high,SemiGreedy,fog-5,267
1010,high,SemiGreedy,fog-6,328
1010,high,SemiGreedy,fog-7,75
1010,high,SemiGreedy,fog-8,97
1010,high,Fog-only,fog-1,125
1010,high,Fog-only,fog-2,219
1010,high,Fog-only,fog-3,214
1010,high,Fog-only,fog-4,191
1010,high,Fog-only,fog-5,205
1010,high,Fog-only,fog-6,199
1010,high,Fog-only,fog-7,205
1010,high,Fog-only,fog-8,211
1011,high,DT-KF-CostAware,fog-1,123
1011,high,DT-KF-CostAware,fog-2,238
1011,high,DT-KF-CostAware,fog-3,223
1011,high,DT-KF-CostAware,fog-4,230
1011,high,DT-KF-CostAware,fog-5,181
1011,high,DT-KF-CostAware,fog-6,201
1011,high,DT-KF-CostAware,fog-7,210
1011,high,DT-KF-CostAware,fog-8,83
1011,high,DT-OPT,fog-1,125
1011,high,DT-OPT,fog-2,234
1011,high,DT-OPT,fog-3,206
1011,high,DT-OPT,fog-4,219
1011,high,DT-OPT,fog-5,190
1011,high,DT-OPT,fog-6,198
1011,high,DT-OPT,fog-7,237
1011,high,DT-OPT,fog-8,93
1011,high,SemiGreedy,fog-1,24
1011,high,SemiGreedy,fog-2,316
1011,high,SemiGreedy,fog-3,160
1011,high,SemiGreedy,fog-4,232
1011,high,SemiGreedy,fog-5,57
1011,high,SemiGreedy,fog-6,101
1011,high,SemiGreedy,fog-7,272
1011,high,SemiGreedy,fog-8,7
1011,high,Fog-only,fog-1,173
1011,high,Fog-only,fog-2,194
1011,high,Fog-only,fog-3,239
1011,high,Fog-only,fog-4,211
1011,high,Fog-only,fog-5,205
1011,high,Fog-only,fog-6,223
1011,high,Fog-only,fog-7,213
1011,high,Fog-only,fog-8,150
1012,high,DT-KF-CostAware,fog-1,120
1012,high,DT-KF-CostAware,fog-2,190
1012,high,DT-KF-CostAware,fog-3,234
1012,high,DT-KF-CostAware,fog-4,69
1012,high,DT-KF-CostAware,fog-5,212
1012,high,DT-KF-CostAware,fog-6,146
1012,high,DT-KF-CostAware,fog-7,226
1012,high,DT-KF-CostAware,fog-8,212
1012,high,DT-OPT,fog-1,124
1012,high,DT-OPT,fog-2,193
1012,high,DT-OPT,fog-3,229
1012,high,DT-OPT,fog-4,73
1012,high,DT-OPT,fog-5,221
1012,high,DT-OPT,fog-6,161
1012,high,DT-OPT,fog-7,236
1012,high,DT-OPT,fog-8,208
1012,high,SemiGreedy,fog-1,94
1012,high,SemiGreedy,fog-2,50
1012,high,SemiGreedy,fog-3,272
1012,high,SemiGreedy,fog-4,22
1012,high,SemiGreedy,fog-5,268
1012,high,SemiGreedy,fog-6,22
1012,high,SemiGreedy,fog-7,178
1012,high,SemiGreedy,fog-8,255
1012,high,Fog-only,fog-1,213
1012,high,Fog-only,fog-2,200
1012,high,Fog-only,fog-3,223
1012,high,Fog-only,fog-4,168
1012,high,Fog-only,fog-5,221
1012,high,Fog-only,fog-6,162
1012,high,Fog-only,fog-7,231
1012,high,Fog-only,fog-8,200
1013,high,DT-KF-CostAware,fog-1,205
1013,high,DT-KF-CostAware,fog-2,200
1013,high,DT-KF-CostAware,fog-3,179
1013,high,DT-KF-CostAware,fog-4,96
1013,high,DT-KF-CostAware,fog-5,162
1013,high,DT-KF-CostAware,fog-6,230
1013,high,DT-KF-CostAware,fog-7,109
1013,high,DT-KF-CostAware,fog-8,169
1013,high,DT-OPT,fog-1,203
1013,high,DT-OPT,fog-2,216
1013,high,DT-OPT,fog-3,184
1013,high,DT-OPT,fog-4,106
1013,high,DT-OPT,fog-5,170
1013,high,DT-OPT,fog-6,237
1013,high,DT-OPT,fog-7,120
1013,high,DT-OPT,fog-8,172
1013,high,SemiGreedy,fog-1,216
1013,high,SemiGreedy,fog-2,147
1013,high,SemiGreedy,fog-3,268
1013,high,SemiGreedy,fog-4,8
1013,high,SemiGreedy,fog-5,102
1013,high,SemiGreedy,fog-6,281
1013,high,SemiGreedy,fog-7,21
1013,high,SemiGreedy,fog-8,63
1013,high,Fog-only,fog-1,194
1013,high,Fog-only,fog-2,224
1013,high,Fog-only,fog-3,188
1013,high,Fog-only,fog-4,175
1013,high,Fog-only,fog-5,225
1013,high,Fog-only,fog-6,194
1013,high,Fog-only,fog-7,188
1013,high,Fog-only,fog-8,211
1014,high,DT-KF-CostAware,fog-1,156
1014,high,DT-KF-CostAware,fog-2,239
1014,high,DT-KF-CostAware,fog-3,129
1014,high,DT-KF-CostAware,fog-4,214
1014,high,DT-KF-CostAware,fog-5,227
1014,high,DT-KF-CostAware,fog-6,82
1014,high,DT-KF-CostAware,fog-7,159
1014,high,DT-KF-CostAware,fog-8,238
1014,high,DT-OPT,fog-1,166
1014,high,DT-OPT,fog-2,242
1014,high,DT-OPT,fog-3,132
1014,high,DT-OPT,fog-4,209
1014,high,DT-OPT,fog-5,220
1014,high,DT-OPT,fog-6,88
1014,high,DT-OPT,fog-7,165
1014,high,DT-OPT,fog-8,245
1014,high,SemiGreedy,fog-1,11
1014,high,SemiGreedy,fog-2,263
1014,high,SemiGreedy,fog-3,42
1014,high,SemiGreedy,fog-4,304
1014,high,SemiGreedy,fog-5,167
1014,high,SemiGreedy,fog-6,23
1014,high,SemiGreedy,fog-7,87
1014,high,SemiGreedy,fog-8,262
1014,high,Fog-only,fog-1,158
1014,high,Fog-only,fog-2,215
1014,high,Fog-only,fog-3,199
1014,high,Fog-only,fog-4,209
1014,high,Fog-only,fog-5,229
1014,high,Fog-only,fog-6,178
1014,high,Fog-only,fog-7,217
1014,high,Fog-only,fog-8,238
1015,high,DT-KF-CostAware,fog-1,232
1015,high,DT-KF-CostAware,fog-2,138
1015,high,DT-KF-CostAware,fog-3,117
1015,high,DT-KF-CostAware,fog-4,224
1015,high,DT-KF-CostAware,fog-5,233
1015,high,DT-KF-CostAware,fog-6,195
1015,high,DT-KF-CostAware,fog-7,248
1015,high,DT-KF-CostAware,fog-8,42
1015,high,DT-OPT,fog-1,223
1015,high,DT-OPT,fog-2,144
1015,high,DT-OPT,fog-3,126
1015,high,DT-OPT,fog-4,219
1015,high,DT-OPT,fog-5,234
1015,high,DT-OPT,fog-6,199
1015,high,DT-OPT,fog-7,244
1015,high,DT-OPT,fog-8,52
1015,high,SemiGreedy,fog-1,171
1015,high,SemiGreedy,fog-2,22
1015,high,SemiGreedy,fog-3,52
1015,high,SemiGreedy,fog-4,214
1015,high,SemiGreedy,fog-5,268
1015,high,SemiGreedy,fog-6,112
1015,high,SemiGreedy,fog-7,322
1015,high,SemiGreedy,fog-8,14
1015,high,Fog-only,fog-1,223
1015,high,Fog-only,fog-2,198
1015,high,Fog-only,fog-3,224
1015,high,Fog-only,fog-4,215
1015,high,Fog-only,fog-5,190
1015,high,Fog-only,fog-6,244
1015,high,Fog-only,fog-7,175
1015,high,Fog-only,fog-8,187
1016,high,DT-KF-CostAware,fog-1,120
1016,high,DT-KF-CostAware,fog-2,168
1016,high,DT-KF-CostAware,fog-3,175
1016,high,DT-KF-CostAware,fog-4,144
1016,high,DT-KF-CostAware,fog-5,158
1016,high,DT-KF-CostAware,fog-6,137
1016,high,DT-KF-CostAware,fog-7,193
1016,high,DT-KF-CostAware,fog-8,77
1016,high,DT-OPT,fog-1,120
1016,high,DT-OPT,fog-2,186
1016,high,DT-OPT,fog-3,173
1016,high,DT-OPT,fog-4,164
1016,high,DT-OPT,fog-5,176
1016,high,DT-OPT,fog-6,142
1016,high,DT-OPT,fog-7,209
1016,high,DT-OPT,fog-8,96
1016,high,SemiGreedy,fog-1,153
1016,high,SemiGreedy,fog-2,288
1016,high,SemiGreedy,fog-3,219
1016,high,SemiGreedy,fog-4,47
1016,high,SemiGreedy,fog-5,99
1016,high,SemiGreedy,fog-6,61
1016,high,SemiGreedy,fog-7,276
1016,high,SemiGreedy,fog-8,16
1016,high,Fog-only,fog-1,232
1016,high,Fog-only,fog-2,208
1016,high,Fog-only,fog-3,225
1016,high,Fog-only,fog-4,203
1016,high,Fog-only,fog-5,225
1016,high,Fog-only,fog-6,208
1016,high,Fog-only,fog-7,173
1016,high,Fog-only,fog-8,170
1017,high,DT-KF-CostAware,fog-1,170
1017,high,DT-KF-CostAware,fog-2,164
1017,high,DT-KF-CostAware,fog-3,207
1017,high,DT-KF-CostAware,fog-4,222
1017,high,DT-KF-CostAware,fog-5,157
1017,high,DT-KF-CostAware,fog-6,211
1017,high,DT-KF-CostAware,fog-7,175
1017,high,DT-KF-CostAware,fog-8,230
1017,high,DT-OPT,fog-1,184
1017,high,DT-OPT,fog-2,148
1017,high,DT-OPT,fog-3,219
1017,high,DT-OPT,fog-4,222
1017,high,DT-OPT,fog-5,165
1017,high,DT-OPT,fog-6,216
1017,high,DT-OPT,fog-7,169
1017,high,DT-OPT,fog-8,224
1017,high,SemiGreedy,fog-1,25
1017,high,SemiGreedy,fog-2,50
1017,high,SemiGreedy,fog-3,287
1017,high,SemiGreedy,fog-4,190
1017,high,SemiGreedy,fog-5,88
1017,high,SemiGreedy,fog-6,258
1017,high,SemiGreedy,fog-7,161
1017,high,SemiGreedy,fog-8,165
1017,high,Fog-only,fog-1,172
1017,high,Fog-only,fog-2,196
1017,high,Fog-only,fog-3,194
1017,high,Fog-only,fog-4,206
1017,high,Fog-only,fog-5,210
1017,high,Fog-only,fog-6,194
1017,high,Fog-only,fog-7,230
1017,high,Fog-only,fog-8,233
1018,high,DT-KF-CostAware,fog-1,229
1018,high,DT-KF-CostAware,fog-2,205
1018,high,DT-KF-CostAware,fog-3,152
1018,high,DT-KF-CostAware,fog-4,184
1018,high,DT-KF-CostAware,fog-5,244
1018,high,DT-KF-CostAware,fog-6,177
1018,high,DT-KF-CostAware,fog-7,126
1018,high,DT-KF-CostAware,fog-8,181
1018,high,DT-OPT,fog-1,235
1018,high,DT-OPT,fog-2,225
1018,high,DT-OPT,fog-3,146
1018,high,DT-OPT,fog-4,191
1018,high,DT-OPT,fog-5,243
1018,high,DT-OPT,fog-6,192
1018,high,DT-OPT,fog-7,121
1018,high,DT-OPT,fog-8,197
1018,high,SemiGreedy,fog-1,171
1018,high,SemiGreedy,fog-2,305
1018,high,SemiGreedy,fog-3,31
1018,high,SemiGreedy,fog-4,122
1018,high,SemiGreedy,fog-5,231
1018,high,SemiGreedy,fog-6,258
1018,high,SemiGreedy,fog-7,16
1018,high,SemiGreedy,fog-8,70
1018,high,Fog-only,fog-1,234
1018,high,Fog-only,fog-2,204
1018,high,Fog-only,fog-3,177
1018,high,Fog-only,fog-4,222
1018,high,Fog-only,fog-5,236
1018,high,Fog-only,fog-6,232
1018,high,Fog-only,fog-7,137
1018,high,Fog-only,fog-8,203
1019,high,DT-KF-CostAware,fog-1,165
1019,high,DT-KF-CostAware,fog-2,109
1019,high,DT-KF-CostAware,fog-3,232
1019,high,DT-KF-CostAware,fog-4,205
1019,high,DT-KF-CostAware,fog-5,162
1019,high,DT-KF-CostAware,fog-6,219
1019,high,DT-KF-CostAware,fog-7,194
1019,high,DT-KF-CostAware,fog-8,97
1019,high,DT-OPT,fog-1,168
1019,high,DT-OPT,fog-2,102
1019,high,DT-OPT,fog-3,233
1019,high,DT-OPT,fog-4,205
1019,high,DT-OPT,fog-5,171
1019,high,DT-OPT,fog-6,223
1019,high,DT-OPT,fog-7,191
1019,high,DT-OPT,fog-8,103
1019,high,SemiGreedy,fog-1,148
1019,high,SemiGreedy,fog-2,37
1019,high,SemiGreedy,fog-3,270
1019,high,SemiGreedy,fog-4,61
1019,high,SemiGreedy,fog-5,83
1019,high,SemiGreedy,fog-6,305
1019,high,SemiGreedy,fog-7,205
1019,high,SemiGreedy,fog-8,14
1019,high,Fog-only,fog-1,222
1019,high,Fog-only,fog-2,198
1019,high,Fog-only,fog-3,194
1019,high,Fog-only,fog-4,216
1019,high,Fog-only,fog-5,229
1019,high,Fog-only,fog-6,189
1019,high,Fog-only,fog-7,203
1019,high,Fog-only,fog-8,182
1020,high,DT-KF-CostAware,fog-1,181
1020,high,DT-KF-CostAware,fog-2,221
1020,high,DT-KF-CostAware,fog-3,131
1020,high,DT-KF-CostAware,fog-4,185
1020,high,DT-KF-CostAware,fog-5,83
1020,high,DT-KF-CostAware,fog-6,167
1020,high,DT-KF-CostAware,fog-7,208
1020,high,DT-KF-CostAware,fog-8,247
1020,high,DT-OPT,fog-1,197
1020,high,DT-OPT,fog-2,231
1020,high,DT-OPT,fog-3,124
1020,high,DT-OPT,fog-4,188
1020,high,DT-OPT,fog-5,103
1020,high,DT-OPT,fog-6,184
1020,high,DT-OPT,fog-7,216
1020,high,DT-OPT,fog-8,249
1020,high,SemiGreedy,fog-1,173
1020,high,SemiGreedy,fog-2,290
1020,high,SemiGreedy,fog-3,62
1020,high,SemiGreedy,fog-4,116
1020,high,SemiGreedy,fog-5,14
1020,high,SemiGreedy,fog-6,24
1020,high,SemiGreedy,fog-7,222
1020,high,SemiGreedy,fog-8,291
1020,high,Fog-only,fog-1,228
1020,high,Fog-only,fog-2,211
1020,high,Fog-only,fog-3,201
1020,high,Fog-only,fog-4,228
1020,high,Fog-only,fog-5,133
1020,high,Fog-only,fog-6,169
1020,high,Fog-only,fog-7,244
1020,high,Fog-only,fog-8,222
1021,high,DT-KF-CostAware,fog-1,166
1021,high,DT-KF-CostAware,fog-2,203
1021,high,DT-KF-CostAware,fog-3,209
1021,high,DT-KF-CostAware,fog-4,55
1021,high,DT-KF-CostAware,fog-5,213
1021,high,DT-KF-CostAware,fog-6,112
1021,high,DT-KF-CostAware,fog-7,197
1021,high,DT-KF-CostAware,fog-8,211
1021,high,DT-OPT,fog-1,169
1021,high,DT-OPT,fog-2,199
1021,high,DT-OPT,fog-3,236
1021,high,DT-OPT,fog-4,57
1021,high,DT-OPT,fog-5,223
1021,high,DT-OPT,fog-6,110
1021,high,DT-OPT,fog-7,204
1021,high,DT-OPT,fog-8,244
1021,high,SemiGreedy,fog-1,23
1021,high,SemiGreedy,fog-2,106
1021,high,SemiGreedy,fog-3,303
1021,high,SemiGreedy,fog-4,12
1021,high,SemiGreedy,fog-5,233
1021,high,SemiGreedy,fog-6,43
1021,high,SemiGreedy,fog-7,162
1021,high,SemiGreedy,fog-8,279
1021,high,Fog-only,fog-1,194
1021,high,Fog-only,fog-2,241
1021,high,Fog-only,fog-3,206
1021,high,Fog-only,fog-4,147
1021,high,Fog-only,fog-5,192
1021,high,Fog-only,fog-6,204
1021,high,Fog-only,fog-7,240
1021,high,Fog-only,fog-8,187
1022,high,DT-KF-CostAware,fog-1,239
1022,high,DT-KF-CostAware,fog-2,59
1022,high,DT-KF-CostAware,fog-3,225
1022,high,DT-KF-CostAware,fog-4,186
1022,high,DT-KF-CostAware,fog-5,168
1022,high,DT-KF-CostAware,fog-6,235
1022,high,DT-KF-CostAware,fog-7,129
1022,high,DT-KF-CostAware,fog-8,211
1022,high,DT-OPT,fog-1,236
1022,high,DT-OPT,fog-2,54
1022,high,DT-OPT,fog-3,227
1022,high,DT-OPT,fog-4,211
1022,high,DT-OPT,fog-5,164
1022,high,DT-OPT,fog-6,228
1022,high,DT-OPT,fog-7,136
1022,high,DT-OPT,fog-8,203
1022,high,SemiGreedy,fog-1,237
1022,high,SemiGreedy,fog-2,6
1022,high,SemiGreedy,fog-3,299
1022,high,SemiGreedy,fog-4,178
1022,high,SemiGreedy,fog-5,42
1022,high,SemiGreedy,fog-6,276
1022,high,SemiGreedy,fog-7,15
1022,high,SemiGreedy,fog-8,116
1022,high,Fog-only,fog-1,217
1022,high,Fog-only,fog-2,129
1022,high,Fog-only,fog-3,226
1022,high,Fog-only,fog-4,229
1022,high,Fog-only,fog-5,192
1022,high,Fog-only,fog-6,218
1022,high,Fog-only,fog-7,168
1022,high,Fog-only,fog-8,216
1023,high,DT-KF-CostAware,fog-1,207
1023,high,DT-KF-CostAware,fog-2,174
1023,high,DT-KF-CostAware,fog-3,235
1023,high,DT-KF-CostAware,fog-4,72
1023,high,DT-KF-CostAware,fog-5,158
1023,high,DT-KF-CostAware,fog-6,230
1023,high,DT-KF-CostAware,fog-7,223
1023,high,DT-KF-CostAware,fog-8,88
1023,high,DT-OPT,fog-1,226
1023,high,DT-OPT,fog-2,196
1023,high,DT-OPT,fog-3,236
1023,high,DT-OPT,fog-4,74
1023,high,DT-OPT,fog-5,162
1023,high,DT-OPT,fog-6,239
1023,high,DT-OPT,fog-7,219
1023,high,DT-OPT,fog-8,89
1023,high,SemiGreedy,fog-1,211
1023,high,SemiGreedy,fog-2,112
1023,high,SemiGreedy,fog-3,283
1023,high,SemiGreedy,fog-4,13
1023,high,SemiGreedy,fog-5,43
1023,high,SemiGreedy,fog-6,312
1023,high,SemiGreedy,fog-7,137
1023,high,SemiGreedy,fog-8,3
1023,high,Fog-only,fog-1,222
1023,high,Fog-only,fog-2,229
1023,high,Fog-only,fog-3,212
1023,high,Fog-only,fog-4,138
1023,high,Fog-only,fog-5,192
1023,high,Fog-only,fog-6,217
1023,high,Fog-only,fog-7,234
1023,high,Fog-only,fog-8,111
1024,high,DT-KF-CostAware,fog-1,104
1024,high,DT-KF-CostAware,fog-2,182
1024,high,DT-KF-CostAware,fog-3,222
1024,high,DT-KF-CostAware,fog-4,233
1024,high,DT-KF-CostAware,fog-5,122
1024,high,DT-KF-CostAware,fog-6,171
1024,high,DT-KF-CostAware,fog-7,77
1024,high,DT-KF-CostAware,fog-8,223
1024,high,DT-OPT,fog-1,104
1024,high,DT-OPT,fog-2,177
1024,high,DT-OPT,fog-3,236
1024,high,DT-OPT,fog-4,232
1024,high,DT-OPT,fog-5,132
1024,high,DT-OPT,fog-6,174
1024,high,DT-OPT,fog-7,86
1024,high,DT-OPT,fog-8,213
1024,high,SemiGreedy,fog-1,41
1024,high,SemiGreedy,fog-2,110
1024,high,SemiGreedy,fog-3,324
1024,high,SemiGreedy,fog-4,283
1024,high,SemiGreedy,fog-5,30
1024,high,SemiGreedy,fog-6,68
1024,high,SemiGreedy,fog-7,29
1024,high,SemiGreedy,fog-8,230
1024,high,Fog-only,fog-1,215
1024,high,Fog-only,fog-2,216
1024,high,Fog-only,fog-3,165
1024,high,Fog-only,fog-4,178
1024,high,Fog-only,fog-5,209
1024,high,Fog-only,fog-6,224
1024,high,Fog-only,fog-7,203
1024,high,Fog-only,fog-8,196
1025,high,DT-KF-CostAware,fog-1,212
1025,high,DT-KF-CostAware,fog-2,137
1025,high,DT-KF-CostAware,fog-3,202
1025,high,DT-KF-CostAware,fog-4,194
1025,high,DT-KF-CostAware,fog-5,96
1025,high,DT-KF-CostAware,fog-6,158
1025,high,DT-KF-CostAware,fog-7,202
1025,high,DT-KF-CostAware,fog-8,222
1025,high,DT-OPT,fog-1,186
1025,high,DT-OPT,fog-2,146
1025,high,DT-OPT,fog-3,205
1025,high,DT-OPT,fog-4,192
1025,high,DT-OPT,fog-5,94
1025,high,DT-OPT,fog-6,166
1025,high,DT-OPT,fog-7,221
1025,high,DT-OPT,fog-8,203
1025,high,SemiGreedy,fog-1,116
1025,high,SemiGreedy,fog-2,8
1025,high,SemiGreedy,fog-3,68
1025,high,SemiGreedy,fog-4,160
1025,high,SemiGreedy,fog-5,30
1025,high,SemiGreedy,fog-6,193
1025,high,SemiGreedy,fog-7,301
1025,high,SemiGreedy,fog-8,256
1025,high,Fog-only,fog-1,214
1025,high,Fog-only,fog-2,188
1025,high,Fog-only,fog-3,216
1025,high,Fog-only,fog-4,233
1025,high,Fog-only,fog-5,202
1025,high,Fog-only,fog-6,220
1025,high,Fog-only,fog-7,160
1025,high,Fog-only,fog-8,190
1026,high,DT-KF-CostAware,fog-1,237
1026,high,DT-KF-CostAware,fog-2,95
1026,high,DT-KF-CostAware,fog-3,139
1026,high,DT-KF-CostAware,fog-4,203
1026,high,DT-KF-CostAware,fog-5,224
1026,high,DT-KF-CostAware,fog-6,223
1026,high,DT-KF-CostAware,fog-7,176
1026,high,DT-KF-CostAware,fog-8,177
1026,high,DT-OPT,fog-1,223
1026,high,DT-OPT,fog-2,90
1026,high,DT-OPT,fog-3,152
1026,high,DT-OPT,fog-4,192
1026,high,DT-OPT,fog-5,224
1026,high,DT-OPT,fog-6,233
1026,high,DT-OPT,fog-7,187
1026,high,DT-OPT,fog-8,174
1026,high,SemiGreedy,fog-1,274
1026,high,SemiGreedy,fog-2,73
1026,high,SemiGreedy,fog-3,15
1026,high,SemiGreedy,fog-4,143
1026,high,SemiGreedy,fog-5,303
1026,high,SemiGreedy,fog-6,219
1026,high,SemiGreedy,fog-7,52
1026,high,SemiGreedy,fog-8,44
1026,high,Fog-only,fog-1,189
1026,high,Fog-only,fog-2,219
1026,high,Fog-only,fog-3,179
1026,high,Fog-only,fog-4,222
1026,high,Fog-only,fog-5,199
1026,high,Fog-only,fog-6,207
1026,high,Fog-only,fog-7,193
1026,high,Fog-only,fog-8,195
1027,high,DT-KF-CostAware,fog-1,111
1027,high,DT-KF-CostAware,fog-2,97
1027,high,DT-KF-CostAware,fog-3,216
1027,high,DT-KF-CostAware,fog-4,218
1027,high,DT-KF-CostAware,fog-5,165
1027,high,DT-KF-CostAware,fog-6,201
1027,high,DT-KF-CostAware,fog-7,123
1027,high,DT-KF-CostAware,fog-8,197
1027,high,DT-OPT,fog-1,112
1027,high,DT-OPT,fog-2,109
1027,high,DT-OPT,fog-3,220
1027,high,DT-OPT,fog-4,236
1027,high,DT-OPT,fog-5,176
1027,high,DT-OPT,fog-6,207
1027,high,DT-OPT,fog-7,120
1027,high,DT-OPT,fog-8,212
1027,high,SemiGreedy,fog-1,12
1027,high,SemiGreedy,fog-2,41
1027,high,SemiGreedy,fog-3,297
1027,high,SemiGreedy,fog-4,278
1027,high,SemiGreedy,fog-5,147
1027,high,SemiGreedy,fog-6,207
1027,high,SemiGreedy,fog-7,18
1027,high,SemiGreedy,fog-8,103
1027,high,Fog-only,fog-1,127
1027,high,Fog-only,fog-2,179
1027,high,Fog-only,fog-3,203
1027,high,Fog-only,fog-4,221
1027,high,Fog-only,fog-5,233
1027,high,Fog-only,fog-6,219
1027,high,Fog-only,fog-7,155
1027,high,Fog-only,fog-8,214
1028,high,DT-KF-CostAware,fog-1,205
1028,high,DT-KF-CostAware,fog-2,202
1028,high,DT-KF-CostAware,fog-3,156
1028,high,DT-KF-CostAware,fog-4,200
1028,high,DT-KF-CostAware,fog-5,102
1028,high,DT-KF-CostAware,fog-6,226
1028,high,DT-KF-CostAware,fog-7,147
1028,high,DT-KF-CostAware,fog-8,206
1028,high,DT-OPT,fog-1,213
1028,high,DT-OPT,fog-2,203
1028,high,DT-OPT,fog-3,162
1028,high,DT-OPT,fog-4,207
1028,high,DT-OPT,fog-5,97
1028,high,DT-OPT,fog-6,211
1028,high,DT-OPT,fog-7,160
1028,high,DT-OPT,fog-8,206
1028,high,SemiGreedy,fog-1,310
1028,high,SemiGreedy,fog-2,108
1028,high,SemiGreedy,fog-3,44
1028,high,SemiGreedy,fog-4,150
1028,high,SemiGreedy,fog-5,19
1028,high,SemiGreedy,fog-6,212
1028,high,SemiGreedy,fog-7,41
1028,high,SemiGreedy,fog-8,270
1028,high,Fog-only,fog-1,169
1028,high,Fog-only,fog-2,226
1028,high,Fog-only,fog-3,210
1028,high,Fog-only,fog-4,224
1028,high,Fog-only,fog-5,178
1028,high,Fog-only,fog-6,237
1028,high,Fog-only,fog-7,198
1028,high,Fog-only,fog-8,192
1029,high,DT-KF-CostAware,fog-1,124
1029,high,DT-KF-CostAware,fog-2,83
1029,high,DT-KF-CostAware,fog-3,210
1029,high,DT-KF-CostAware,fog-4,166
1029,high,DT-KF-CostAware,fog-5,151
1029,high,DT-KF-CostAware,fog-6,195
1029,high,DT-KF-CostAware,fog-7,204
1029,high,DT-KF-CostAware,fog-8,112
1029,high,DT-OPT,fog-1,138
1029,high,DT-OPT,fog-2,94
1029,high,DT-OPT,fog-3,200
1029,high,DT-OPT,fog-4,173
1029,high,DT-OPT,fog-5,168
1029,high,DT-OPT,fog-6,200
1029,high,DT-OPT,fog-7,202
1029,high,DT-OPT,fog-8,124
1029,high,SemiGreedy,fog-1,39
1029,high,SemiGreedy,fog-2,19
1029,high,SemiGreedy,fog-3,247
1029,high,SemiGreedy,fog-4,113
1029,high,SemiGreedy,fog-5,202
1029,high,SemiGreedy,fog-6,152
1029,high,SemiGreedy,fog-7,292
1029,high,SemiGreedy,fog-8,53
1029,high,Fog-only,fog-1,201
1029,high,Fog-only,fog-2,195
1029,high,Fog-only,fog-3,183
1029,high,Fog-only,fog-4,224
1029,high,Fog-only,fog-5,207
1029,high,Fog-only,fog-6,216
1029,high,Fog-only,fog-7,183
1029,high,Fog-only,fog-8,216
