seed,load,algorithm,mae,rmse,mape
1000,low,DT-KF-CostAware,0.020595585509768508,0.02521845665837989,0.08288407942210976
1000,low,DT-OPT,0.019834561208343232,0.025276174122730047,0.07914606869944328
1000,low,SemiGreedy,0.02610030025335297,0.03175753715899197,0.10556379630638649
1000,low,Fog-only,0.020219735292910736,0.02535070618166369,0.07986289758227115
1001,low,DT-KF-CostAware,0.019386675755309453,0.025404021942705978,0.07890411702246701
1001,low,DT-OPT,0.022864505557021037,0.029823561980141643,0.09033688778459921
1001,low,SemiGreedy,0.023106814761117596,0.02848248162196161,0.09714587129597518
1001,low,Fog-only,0.06531752287756068,0.08124438338742174,0.23138273412410126
1002,low,DT-KF-CostAware,0.020273396221811256,0.025053132198223648,0.08322929750965133
1002,low,DT-OPT,0.02028889425298989,0.025279121184629473,0.0821830573447488
1002,low,SemiGreedy,0.02562508386761342,0.03178227457154109,0.10529153482149958
1002,low,Fog-only,0.019089323042244026,0.02325987285531803,0.07634578062412369
1003,low,DT-KF-CostAware,0.020104494232280893,0.02568513776364743,0.08274779547325566
1003,low,DT-OPT,0.021346071835565583,0.02746364506129343,0.08772318796170182
1003,low,SemiGreedy,0.022869746425848204,0.029271557804997482,0.09329153939701873
1003,low,Fog-only,0.025792835727522827,0.0322277730885599,0.10372112089649847
1004,low,DT-KF-CostAware,0.019438060357412364,0.024744613426021727,0.07943088389506135
1004,low,DT-OPT,0.01934946381221947,0.024815243741203596,0.07871772023205384
1004,low,SemiGreedy,0.025892059622497625,0.03193688976272409,0.10521718322455938
1004,low,Fog-only,0.02164265071643032,0.028148005116128794,0.08757471507495539
1005,low,DT-KF-CostAware,0.018499337942050498,0.023947022003704306,0.07604252214654918
1005,low,DT-OPT,0.018147766304793915,0.023407750395292994,0.07378257929948998
1005,low,SemiGreedy,0.024063892773152414,0.0305314002605006,0.09955999403039925
1005,low,Fog-only,0.02357349831731802,0.029727469216522966,0.09194183154146915
1006,low,DT-KF-CostAware,0.019007289311599333,0.024609018891126506,0.0816162784997584
1006,low,DT-OPT,0.02366592739293427,0.02939024776466102,0.10178304005148857
1006,low,SemiGreedy,0.023254908661999172,0.02975416865952844,0.10006060617336703
1006,low,Fog-only,0.04500683413822954,0.050129394812737996,0.17829785099463868
1007,low,DT-KF-CostAware,0.022064540445167122,0.028014378909349835,0.08944048522141888
1007,low,DT-OPT,0.02308931400144615,0.028531215860602872,0.09326123184060979
1007,low,SemiGreedy,0.02673055074874849,0.03437356454450348,0.10823009280500465
1007,low,Fog-only,0.028467843792835956,0.03483953132278179,0.1089730941498239
1008,low,DT-KF-CostAware,0.02134963969666143,0.02607022339867757,0.08745685643536112
1008,low,DT-OPT,0.02009476714965073,0.02450032227378253,0.0815393306968172
1008,low,SemiGreedy,0.027602296025408146,0.033971266983309704,0.11251836843543532
1008,low,Fog-only,0.021696732721864655,0.026036715870126403,0.09161421659214954
1009,low,DT-KF-CostAware,0.02047547810676526,0.025378048731131888,0.0846575650264558
1009,low,DT-OPT,0.020297785438229268,0.02552129159597584,0.08418801562326109
1009,low,SemiGreedy,0.02711705982927733,0.03372773971663701,0.11184584389903243
1009,low,Fog-only,0.04727979046916427,0.05452790631846334,0.20481427597444624
1010,low,DT-KF-CostAware,0.019202706086194336,0.023977657764128902,0.07858516911902706
1010,low,DT-OPT,0.019742063618254865,0.02439680252516642,0.08075134642235403
1010,low,SemiGreedy,0.02505524268048793,0.030881451560269023,0.10266392651504039
1010,low,Fog-only,0.020763941144821295,0.025630271949482825,0.08264133533448591
1011,low,DT-KF-CostAware,0.02156927798456859,0.026820417124753654,0.08903935094459513
1011,low,DT-OPT,0.020954018461774533,0.026511080658104192,0.08783524515678807
1011,low,SemiGreedy,0.028965562326891504,0.03440260330896722,0.1188559669150988
1011,low,Fog-only,0.03220288987146297,0.0387678980956578,0.13994032186672098
1012,low,DT-KF-CostAware,0.01901964639821651,0.02486873714130151,0.07817710507722449
1012,low,DT-OPT,0.018275472460605586,0.02315910213171444,0.0745738730156067
1012,low,SemiGreedy,0.02596795340369812,0.03291801835584944,0.10643511240570579
1012,low,Fog-only,0.02066019465304544,0.02526311042804754,0.08275032775587302
1013,low,DT-KF-CostAware,0.01774817694920335,0.022533608677386213,0.07175223238934482
1013,low,DT-OPT,0.018538823304263725,0.02336220219434111,0.07414602162763538
1013,low,SemiGreedy,0.02062921537322706,0.026104983502318706,0.08316457287235376
1013,low,Fog-only,0.02195046674796728,0.02693804681104016,0.09200070489979388
1014,low,DT-KF-CostAware,0.019662408139047894,0.024828205997691324,0.08036087480741669
1014,low,DT-OPT,0.019007604117384676,0.02365353728625701,0.07783399085065187
1014,low,SemiGreedy,0.026241172586680333,0.032643274388844776,0.10686522258104587
1014,low,Fog-only,0.01968304251944007,0.02422667764404702,0.0821784212397354
1015,low,DT-KF-CostAware,0.019765095554714878,0.024696796681411944,0.080400997744157
1015,low,DT-OPT,0.019050455656098995,0.023713460192171465,0.07721259230029276
1015,low,SemiGreedy,0.02639861956336322,0.03298926096692755,0.10737281815280061
1015,low,Fog-only,0.01803216112776986,0.023108685308468605,0.07274330085713074
1016,low,DT-KF-CostAware,0.02152573735131983,0.02688030262100708,0.0882237706035263
1016,low,DT-OPT,0.021802783549284582,0.027482899278082947,0.08952323542420623
1016,low,SemiGreedy,0.027954731783995743,0.03409267935455744,0.1142112091962787
1016,low,Fog-only,0.02999110898853993,0.03746239896885017,0.11475245790217405
1017,low,DT-KF-CostAware,0.017549497161337992,0.022340932542464574,0.0716059545684917
1017,low,DT-OPT,0.017838859428135755,0.023408040334901556,0.07196824064881871
1017,low,SemiGreedy,0.02343474749567757,0.02933521931378758,0.0952871496244343
1017,low,Fog-only,0.019450938590547976,0.024400136768697733,0.07662020692488529
1018,low,DT-KF-CostAware,0.019683821645271955,0.024634325564468876,0.07894284451024802
1018,low,DT-OPT,0.01937858579657879,0.024828067473450316,0.07821335521559528
1018,low,SemiGreedy,0.022904846278823793,0.03022649248678204,0.09201013912552017
1018,low,Fog-only,0.01922295516157738,0.024729152894816836,0.07807471910532356
1019,low,DT-KF-CostAware,0.01892133611049931,0.024145720632258748,0.07711857608892135
1019,low,DT-OPT,0.01858105597439343,0.02373398831044194,0.07621326317675543
1019,low,SemiGreedy,0.023848707758254477,0.030022401564262585,0.09654597329152373
1019,low,Fog-only,0.018862389524584015,0.02355894555319414,0.07781654750337226
1020,low,DT-KF-CostAware,0.020363711720615702,0.026008457161342747,0.08346222944434453
1020,low,DT-OPT,0.020615945900096726,0.02585919957824829,0.08445394236152381
1020,low,SemiGreedy,0.026146001202115157,0.033476727305930605,0.10627681576226997
1020,low,Fog-only,0.023371070990976035,0.02875291967527245,0.09396926052988087
1021,low,DT-KF-CostAware,0.020024535117753116,0.025596745462913392,0.07959562714469029
1021,low,DT-OPT,0.019931308759516486,0.024633082943381717,0.0783442169711114
1021,low,SemiGreedy,0.024616358080022483,0.03140149624227106,0.09751904489536502
1021,low,Fog-only,0.03283414618921325,0.04037027039018667,0.12206320560695527
1022,low,DT-KF-CostAware,0.02086928071073086,0.025844282449868018,0.08559110618138391
1022,low,DT-OPT,0.019545007484689483,0.024630432820455756,0.080106004729132
1022,low,SemiGreedy,0.029139511331268936,0.03483879994824775,0.11905437965033434
1022,low,Fog-only,0.019578755490608446,0.02527764691979514,0.08316721140453888
1023,low,DT-KF-CostAware,0.021589773926352845,0.026101692760960447,0.0889413679945769
1023,low,DT-OPT,0.02149799700233305,0.026187608141362662,0.08878164838243417
1023,low,SemiGreedy,0.02495102936239612,0.03163938388369586,0.1026610094121172
1023,low,Fog-only,0.02418994005554938,0.030684810464792392,0.10420634084818378
1024,low,DT-KF-CostAware,0.018873469388724227,0.024657626373431843,0.07683601757314325
1024,low,DT-OPT,0.018243628541215213,0.02373782289580951,0.07465614636086375
1024,low,SemiGreedy,0.02543710480925023,0.03189416914348535,0.10287595455849881
1024,low,Fog-only,0.01888715026944397,0.024724395476923823,0.07883143497851718
1025,low,DT-KF-CostAware,0.021460114489037372,0.026594612404819373,0.09008700769813131
1025,low,DT-OPT,0.020702941924631547,0.025995974090434783,0.0875113810253106
1025,low,SemiGreedy,0.029298604568774065,0.035916795415124214,0.12251039011963452
1025,low,Fog-only,0.023596499853757804,0.030730646601295868,0.10407417260197357
1026,low,DT-KF-CostAware,0.019444406526172315,0.023955422204233495,0.07884332482507002
1026,low,DT-OPT,0.01883156168014424,0.023281735143137125,0.07670172546185942
1026,low,SemiGreedy,0.024863473101942292,0.030785350143319568,0.10060614987099958
1026,low,Fog-only,0.018350278137002605,0.02287743269666319,0.07289535402081862
1027,low,DT-KF-CostAware,0.021621023693541647,0.027698382789497576,0.08815236312357429
1027,low,DT-OPT,0.021361412040572632,0.027993975318660717,0.08694168267913249
1027,low,SemiGreedy,0.02734212415124788,0.03487017031024629,0.11211752047373043
1027,low,Fog-only,0.022769146516571272,0.028928948100485904,0.09363447945166133
1028,low,DT-KF-CostAware,0.020484782281722957,0.026333524460691007,0.08365827399921086
1028,low,DT-OPT,0.019579776376158264,0.025417547786004295,0.0794520125178463
1028,low,SemiGreedy,0.026934098207549193,0.03381470060962591,0.1095873160985671
1028,low,Fog-only,0.019558240051410155,0.02489036154747094,0.08014983135253252
1029,low,DT-KF-CostAware,0.019999362785887487,0.024948700000115325,0.08002150742140572
1029,low,DT-OPT,0.01991003517440029,0.024874849824210756,0.07920711245267802
1029,low,SemiGreedy,0.025152583171557243,0.03179730532275977,0.10115280046707952
1029,low,Fog-only,0.028981136001039028,0.03670926285923142,0.10869128616126035
1000,medium,DT-KF-CostAware,0.024831777046209837,0.030406324424538136,0.04965911900436128
1000,medium,DT-OPT,0.023944315281619593,0.030528890243779166,0.04762273377629122
1000,medium,SemiGreedy,0.03140003625265779,0.03821134068985245,0.06303688619559521
1000,medium,Fog-only,0.024491629046095937,0.030730767206662655,0.04836851211242702
1001,medium,DT-KF-CostAware,0.023422329038207266,0.03076961748253433,0.04674129165680422
1001,medium,DT-OPT,0.02780587196808698,0.03636092607889989,0.05445645276804768
1001,medium,SemiGreedy,0.02777260423911667,0.03423229226549133,0.056603094642023365
1001,medium,Fog-only,0.08025215469611191,0.09985177447687343,0.14762604141822258
1002,medium,DT-KF-CostAware,0.02441336246942995,0.030148825014942104,0.04942798141521333
1002,medium,DT-OPT,0.024448063896507465,0.0304585480274045,0.04910687855946722
1002,medium,SemiGreedy,0.03083385219097799,0.038231859043591845,0.06250173945158892
1002,medium,Fog-only,0.02305992172253612,0.028074902739136633,0.045944893906485644
1003,medium,DT-KF-CostAware,0.02421721655688732,0.031004064625205812,0.048985725490694035
1003,medium,DT-OPT,0.025827136855699668,0.03329798659290677,0.05215827553747702
1003,medium,SemiGreedy,0.02747454815115472,0.03517921213555035,0.05533293957986409
1003,medium,Fog-only,0.03142033248499149,0.03934505900734385,0.06251324026905623
1004,medium,DT-KF-CostAware,0.023389127459137172,0.02978584240313935,0.04714453940192796
1004,medium,DT-OPT,0.023359650393780795,0.0299342286457399,0.046938453360772514
1004,medium,SemiGreedy,0.031139222592324396,0.038382609710149694,0.0626043742246364
1004,medium,Fog-only,0.026291938731181963,0.0342217871721416,0.05258250834233565
1005,medium,DT-KF-CostAware,0.022232219364781685,0.028800080604681155,0.044970398272882066
1005,medium,DT-OPT,0.02186626864623844,0.02819766547837655,0.043924294682742344
1005,medium,SemiGreedy,0.028897170431106883,0.03666871937247352,0.05874008709143002
1005,medium,Fog-only,0.02869939725917497,0.03617038764490191,0.056251211826687526
1006,medium,DT-KF-CostAware,0.022914035071503424,0.0296359769023015,0.04737945087670492
1006,medium,DT-OPT,0.028662049633332402,0.035578786778941184,0.059362713537456556
1006,medium,SemiGreedy,0.027887530450446552,0.035702309562013285,0.05777852484002303
1006,medium,Fog-only,0.0553771083337657,0.06167993262037627,0.10906941618790099
1007,medium,DT-KF-CostAware,0.026594783240765023,0.0337444556003125,0.05333606558137337
1007,medium,DT-OPT,0.027871510993158242,0.03439908018399421,0.05577158386104523
1007,medium,SemiGreedy,0.03212681780720865,0.041324389932090026,0.06446035123642349
1007,medium,Fog-only,0.03452869627452757,0.042268237354167765,0.06692345131516222
1008,medium,DT-KF-CostAware,0.025667048861951352,0.03134908510780605,0.05187793076097872
1008,medium,DT-OPT,0.0241766699405192,0.029488635417889444,0.048577749732024
1008,medium,SemiGreedy,0.03318177114517028,0.04080684543287085,0.06690749997970351
1008,medium,Fog-only,0.02622821499760144,0.03146596403570956,0.0539967447242407
1009,medium,DT-KF-CostAware,0.02463384002856338,0.030540644174489345,0.04996297637292032
1009,medium,DT-OPT,0.02444847887743549,0.03076768681089731,0.04967632187919247
1009,medium,SemiGreedy,0.0325720238624325,0.04054126713399337,0.06605871561806023
1009,medium,Fog-only,0.05775075725459354,0.06647978043030157,0.12065869080963965
1010,medium,DT-KF-CostAware,0.023112608541895563,0.02889583435261045,0.046672961680328744
1010,medium,DT-OPT,0.02380212579900338,0.029450886237710458,0.04803655120163016
1010,medium,SemiGreedy,0.030156384022413774,0.037150509289398045,0.06097645764353616
1010,medium,Fog-only,0.02510129825267528,0.031030998270939577,0.04980800806341395
1011,medium,DT-KF-CostAware,0.02595298258374626,0.03227006959267417,0.0526354809907323
1011,medium,DT-OPT,0.025283704595599064,0.031999561480898754,0.051754912592886636
1011,medium,SemiGreedy,0.03477193239469563,0.04130353495585605,0.07034201621000855
1011,medium,Fog-only,0.03919494105817772,0.04715393728510681,0.08206854657164743
1012,medium,DT-KF-CostAware,0.022866012435187325,0.029904189372506832,0.04628386756914145
1012,medium,DT-OPT,0.022003877937694035,0.02786188366899048,0.044345283653926496
1012,medium,SemiGreedy,0.03120895989438551,0.039571535915503386,0.06312046615109672
1012,medium,Fog-only,0.024971075061755697,0.03052652894701133,0.0497498838823554
1013,medium,DT-KF-CostAware,0.021381607951918673,0.027129649056247304,0.04286839057648871
1013,medium,DT-OPT,0.022390321293336145,0.028172726138207153,0.04458922296069867
1013,medium,SemiGreedy,0.02483678869997568,0.03140433190159181,0.04974169989382144
1013,medium,Fog-only,0.026652347322826196,0.03270932936699396,0.05461008764284258
1014,medium,DT-KF-CostAware,0.0235930797458345,0.029815291925926635,0.04761427855632329
1014,medium,DT-OPT,0.02283204282488362,0.02842648598799603,0.046129381902435256
1014,medium,SemiGreedy,0.03147725725154573,0.03918229558579045,0.06343900776314007
1014,medium,Fog-only,0.023748748267230408,0.0292339544518394,0.04855926597162163
1015,medium,DT-KF-CostAware,0.023797780675954457,0.02973678810929471,0.04789630463898126
1015,medium,DT-OPT,0.02295819596302141,0.028562512998659657,0.0461034494019933
1015,medium,SemiGreedy,0.031762770818993744,0.039681172656636794,0.06396508888111942
1015,medium,Fog-only,0.02172960126365455,0.027841281416049867,0.043513378918044146
1016,medium,DT-KF-CostAware,0.025923149011990686,0.032375582855500795,0.05225129319011728
1016,medium,DT-OPT,0.026307925939644015,0.033187429660675186,0.053051190649666256
1016,medium,SemiGreedy,0.03359979201655318,0.04098075446998454,0.06768193398065893
1016,medium,Fog-only,0.03663162714249354,0.045788314619577046,0.07079623586083542
1017,medium,DT-KF-CostAware,0.021088423239748976,0.02684608725498477,0.042500400925838414
1017,medium,DT-OPT,0.021448305490641698,0.028141940017697795,0.042930172882801605
1017,medium,SemiGreedy,0.028136027997503348,0.03522297133522483,0.05663415729236643
1017,medium,Fog-only,0.023441315586065405,0.029427373612575636,0.046254345168038856
1018,medium,DT-KF-CostAware,0.02371908815643228,0.029664694021145244,0.047323840693256236
1018,medium,DT-OPT,0.023371513177492666,0.029939980803853634,0.04679583900925821
1018,medium,SemiGreedy,0.02753335527533552,0.03629724895873583,0.05501586589937705
1018,medium,Fog-only,0.02320446536353688,0.029862302146007023,0.0466194281485665
1019,medium,DT-KF-CostAware,0.022794383096518805,0.029076825666093185,0.04592349954370822
1019,medium,DT-OPT,0.022441015379796026,0.02862734917350298,0.04536691826957172
1019,medium,SemiGreedy,0.02867392387579989,0.036079262435328614,0.057585092144450546
1019,medium,Fog-only,0.02277640215694823,0.028481908777023383,0.04621635005601656
1020,medium,DT-KF-CostAware,0.02448644411066896,0.03127551342733153,0.049404469584600035
1020,medium,DT-OPT,0.024803771506149975,0.03114747440674387,0.05001840489442926
1020,medium,SemiGreedy,0.0313663075502455,0.04017231775627168,0.0630506102586218
1020,medium,Fog-only,0.028199480098287735,0.034741377134863374,0.05620878650968989
1021,medium,DT-KF-CostAware,0.024078215833470775,0.030771031422552456,0.04776968315697035
1021,medium,DT-OPT,0.02397385346072406,0.029631318511807527,0.04725337132415564
1021,medium,SemiGreedy,0.029579057146483696,0.0377272418899704,0.05860480727735037
1021,medium,Fog-only,0.03969045586795626,0.048782014622348185,0.07572164541934019
1022,medium,DT-KF-CostAware,0.02508110402362825,0.031062151451841068,0.0506829490670894
1022,medium,DT-OPT,0.023511668063035247,0.029610786797257094,0.04748040422826575
1022,medium,SemiGreedy,0.03499159598548184,0.04183049461779856,0.07060675785680696
1022,medium,Fog-only,0.023688768350072626,0.030518844631663742,0.0489019865163109
1023,medium,DT-KF-CostAware,0.025975257469650043,0.03141344537141181,0.052617256815239634
1023,medium,DT-OPT,0.025925166646961505,0.031570726416346534,0.0525821069608452
1023,medium,SemiGreedy,0.029977456196188013,0.038025662211534215,0.06074699809248413
1023,medium,Fog-only,0.02940287325071067,0.03731261169260859,0.06117135778651756
1024,medium,DT-KF-CostAware,0.022702080789348912,0.029661136767182246,0.045686200750615635
1024,medium,DT-OPT,0.021975554223276236,0.02859131064311896,0.044345080579388914
1024,medium,SemiGreedy,0.030555082944287913,0.03830955538454847,0.06129718619259975
1024,medium,Fog-only,0.022787140839496296,0.029823505354288286,0.04653191535730282
1025,medium,DT-KF-CostAware,0.025824873599478843,0.032007149675013405,0.052904918791703275
1025,medium,DT-OPT,0.024941957361534626,0.03133391409344147,0.05130731634513249
1025,medium,SemiGreedy,0.03522135739103651,0.043163453937162526,0.07206705577277804
1025,medium,Fog-only,0.0287794458942047,0.03747137374174458,0.06077795083207666
1026,medium,DT-KF-CostAware,0.023434926910081064,0.028875280168662393,0.04709923247473452
1026,medium,DT-OPT,0.022711902785624963,0.028089913347467906,0.045762190386721927
1026,medium,SemiGreedy,0.02992826468090522,0.037039852430363535,0.06011233299006448
1026,medium,Fog-only,0.02216722606353339,0.027669944954211257,0.043981434519634356
1027,medium,DT-KF-CostAware,0.02604130673424473,0.03335270477129647,0.05237316181151217
1027,medium,DT-OPT,0.025762880457072496,0.033777231060370436,0.05172118717382875
1027,medium,SemiGreedy,0.032828707811844736,0.041882768951090193,0.06630921142275463
1027,medium,Fog-only,0.027522978658610395,0.03498277200796019,0.05558441866681182
1028,medium,DT-KF-CostAware,0.024646326868478452,0.03167713955564751,0.049656765551084746
1028,medium,DT-OPT,0.023564508589991023,0.030592568695672222,0.04728317335089094
1028,medium,SemiGreedy,0.03237740612520904,0.0406494222408229,0.06515000642241632
1028,medium,Fog-only,0.02355489208683424,0.029968164404671364,0.04751327603754642
1029,medium,DT-KF-CostAware,0.024032080658595613,0.029977784624481956,0.04783461991723593
1029,medium,DT-OPT,0.02396576072424204,0.029945065114602584,0.047505958036024344
1029,medium,SemiGreedy,0.030196080744644815,0.03816090638100734,0.06035971874037365
1029,medium,Fog-only,0.03531147748061757,0.04475519219651766,0.06758281388858789
1000,high,DT-KF-CostAware,0.029067968582651173,0.0355963623537942,0.03871669835222586
1000,high,DT-OPT,0.0280567938972611,0.035784512799119005,0.03720657750318065
1000,high,SemiGreedy,0.03669977225196262,0.04466637204657867,0.0490395928195611
1000,high,Fog-only,0.02877960906441354,0.03611737730908244,0.03793996674097585
1001,high,DT-KF-CostAware,0.02745798232110506,0.03613959499968181,0.03642752551954765
1001,high,DT-OPT,0.03274723837915293,0.04290371195204942,0.04279557461214984
1001,high,SemiGreedy,0.03243839371711573,0.03998358788187607,0.04377480107026618
1001,high,Fog-only,0.09518678651466327,0.11846171113543712,0.1185010699767562
1002,high,DT-KF-CostAware,0.02855332871704864,0.03524566264354897,0.03840341730738305
1002,high,DT-OPT,0.028607233540025038,0.03563937907576272,0.038239729981343694
1002,high,SemiGreedy,0.036042620514342545,0.044682225108976466,0.04852989268343707
1002,high,Fog-only,0.02703052040282818,0.03289274010652674,0.035897307734542395
1003,high,DT-KF-CostAware,0.028334973854765633,0.036325527977114004,0.038054290589827566
1003,high,DT-OPT,0.03032904428924967,0.03913621937491019,0.0406715804568352
1003,high,SemiGreedy,0.03207934987646125,0.04108778023187589,0.042949940680872455
1003,high,Fog-only,0.03705167248975011,0.04646984965497156,0.04907255927499118
1004,high,DT-KF-CostAware,0.02734421550544997,0.03482859447216276,0.03663471463080976
1004,high,DT-OPT,0.027376054506997198,0.035055476197259273,0.03658347286975794
1004,high,SemiGreedy,0.03638843444012404,0.0448292066158209,0.04866326715956754
1004,high,Fog-only,0.030943946147588563,0.04030116959439755,0.04117927298837148
1005,high,DT-KF-CostAware,0.025968820001438957,0.033654797063535496,0.03488730512253492
1005,high,DT-OPT,0.025584770987682977,0.03298990358818252,0.03418091700520931
1005,high,SemiGreedy,0.033730448089061345,0.0428069323043848,0.04550155949538797
1005,high,Fog-only,0.033826580630457063,0.042618279073708826,0.04433331596432436
1006,high,DT-KF-CostAware,0.026822729615323806,0.034665574069847424,0.03662905140617031
1006,high,DT-OPT,0.03365817187373054,0.041771538488419774,0.04603382317297052
1006,high,SemiGreedy,0.03252015223889394,0.0416510620126349,0.04448531013371588
1006,high,Fog-only,0.06574738252930185,0.07323746136882615,0.08639660429542925
1007,high,DT-KF-CostAware,0.03112502603636292,0.039476180771144134,0.041532222176112375
1007,high,DT-OPT,0.03265370798487033,0.04026911604904646,0.04349522204847218
1007,high,SemiGreedy,0.037523084865668806,0.04827615948633779,0.05010433217624819
1007,high,Fog-only,0.04058954875621919,0.04970023024000055,0.05273678770219481
1008,high,DT-KF-CostAware,0.029984458027241288,0.03662916491441512,0.040268900724565175
1008,high,DT-OPT,0.02825857273138766,0.03447846856461212,0.037775003588233755
1008,high,SemiGreedy,0.03876348833315583,0.04764340653952877,0.051970871298770205
1008,high,Fog-only,0.030767287543557547,0.03689816263579684,0.04192321667343578
1009,high,DT-KF-CostAware,0.028792788329378555,0.03570506382058701,0.038757460200701366
1009,high,DT-OPT,0.0286016082644184,0.036016608431586765,0.03855318491283784
1009,high,SemiGreedy,0.03802698789558766,0.04735589971565043,0.05120364205533208
1009,high,Fog-only,0.06822172404002266,0.07843431975930117,0.09401936238760779
1010,high,DT-KF-CostAware,0.027023007641460896,0.03381579240405325,0.0362626144046792
1010,high,DT-OPT,0.027862187979751898,0.03450726445429362,0.03736763330460767
1010,high,SemiGreedy,0.03525752536433962,0.04342075184500984,0.04736795692546616
1010,high,Fog-only,0.02943865536052929,0.036434677166977535,0.03895609146774835
1011,high,DT-KF-CostAware,0.03034471804206482,0.03772197319196889,0.04085283748287976
1011,high,DT-OPT,0.02962113609812716,0.037491636214058884,0.040169648664606275
1011,high,SemiGreedy,0.040578302462499764,0.04820532786299256,0.05453745622506356
1011,high,Fog-only,0.04618699224489237,0.05554385841426738,0.06376854057072005
1012,high,DT-KF-CostAware,0.02671237847215815,0.034940820066126616,0.03591182103107164
1012,high,DT-OPT,0.02573228341478247,0.032566334866106245,0.03447618707302582
1012,high,SemiGreedy,0.036449966385072884,0.04622579980750654,0.0489849616352482
1012,high,Fog-only,0.02928195547046592,0.03579302604047595,0.03887480301921559
1013,high,DT-KF-CostAware,0.025019220057737695,0.031727284100251066,0.03338923539305809
1013,high,DT-OPT,0.02624461678757092,0.03298555491031195,0.034837676900509464
1013,high,SemiGreedy,0.02904497937234052,0.036704772212574,0.038735987021755
1013,high,Fog-only,0.03136037911554583,0.038484655456568144,0.042568722410680056
1014,high,DT-KF-CostAware,0.027524514328827635,0.034803530507944484,0.03692140075169481
1014,high,DT-OPT,0.026657868345358274,0.03320140163898962,0.03578985583048875
1014,high,SemiGreedy,0.03671334191641112,0.04572208573682781,0.049205011930448954
1014,high,Fog-only,0.027814454015020723,0.034245044951398775,0.03769789208004803
1015,high,DT-KF-CostAware,0.02783046579719404,0.03477819388355022,0.037253431638916666
1015,high,DT-OPT,0.026865936269943845,0.03341320290631464,0.03589956718009032
1015,high,SemiGreedy,0.03712692207462427,0.04637406154020518,0.049728078481599915
1015,high,Fog-only,0.025429838900413542,0.03257642515999077,0.03390884190911473
1016,high,DT-KF-CostAware,0.030320560672661534,0.037872603989312505,0.04060169969793881
1016,high,DT-OPT,0.030816263832110863,0.03889487272808454,0.04127149533974371
1016,high,SemiGreedy,0.03924485224911061,0.047869635194148316,0.05254497662862741
1016,high,Fog-only,0.043279797695400864,0.05412081126149305,0.0560608158547934
1017,high,DT-KF-CostAware,0.02462734931815997,0.03135226042725856,0.03299754794427935
1017,high,DT-OPT,0.02505775155314768,0.032877349005160504,0.0333955323914978
1017,high,SemiGreedy,0.03283730849932914,0.0411112280871943,0.04396474907939619
1017,high,Fog-only,0.027431692581582838,0.03445643590578435,0.036153761083202375
1018,high,DT-KF-CostAware,0.0277543546675926,0.03469716210222388,0.03689780391979736
1018,high,DT-OPT,0.027365503502718307,0.03505460266991603,0.036479176268038725
1018,high,SemiGreedy,0.032161864271847244,0.04236887341434417,0.04281175451399564
1018,high,Fog-only,0.027185975565496377,0.03499872377562316,0.03633106668918946
1019,high,DT-KF-CostAware,0.026667430082538305,0.034009911381429773,0.03572537594207651
1019,high,DT-OPT,0.0263034297038815,0.03352317647423469,0.03532835465531616
1019,high,SemiGreedy,0.03349913999334531,0.0421374318823396,0.0447759845021463
1019,high,Fog-only,0.02669041478931245,0.033408758440212905,0.035957217882890476
1020,high,DT-KF-CostAware,0.028609176500722228,0.03654454205506901,0.03835295699170863
1020,high,DT-OPT,0.028998050365678922,0.036438288324273455,0.03885596841199209
1020,high,SemiGreedy,0.03659408623538015,0.046868874982902875,0.048930821550407996
1020,high,Fog-only,0.03302788920559944,0.04073287492135081,0.04385104583025991
1021,high,DT-KF-CostAware,0.028133526234059993,0.03594657495127394,0.03723495904794928
1021,high,DT-OPT,0.02802488191558142,0.03463114771205752,0.03690353104105012
1021,high,SemiGreedy,0.03454175621294491,0.044053788554486835,0.04567705672544686
1021,high,Fog-only,0.04654676554669923,0.057195534456897935,0.059768738156945285
1022,high,DT-KF-CostAware,0.029292927336525665,0.03628115493834048,0.03932727948002065
1022,high,DT-OPT,0.027478328641381028,0.03459242494353388,0.03687008919942781
1022,high,SemiGreedy,0.040847188652683504,0.048823042872745796,0.05478820371295716
1022,high,Fog-only,0.027798781209536695,0.03576331894420873,0.03795349416315023
1023,high,DT-KF-CostAware,0.03036901552300195,0.03672645073184031,0.040846721753236226
1023,high,DT-OPT,0.03035233629158998,0.03695575915940586,0.04086238422636167
1023,high,SemiGreedy,0.03500388302997992,0.044412539730614015,0.04710891741529704
1023,high,Fog-only,0.03461780130730894,0.04394587537549539,0.047546957764841476
1024,high,DT-KF-CostAware,0.026532717014181677,0.03466632095319798,0.03550705345952613
1024,high,DT-OPT,0.025709504729545345,0.03344688449575593,0.034476413033308756
1024,high,SemiGreedy,0.03567508590353368,0.04472610597957166,0.04763445485698664
1024,high,Fog-only,0.026692765593538174,0.0349249839941482,0.03612797374510872
1025,high,DT-KF-CostAware,0.03019232030977181,0.03742067859545716,0.040966861668986394
1025,high,DT-OPT,0.02918097279843768,0.03667355945242149,0.03972273921611997
1025,high,SemiGreedy,0.04114430301982408,0.05041063817386254,0.05578979048034283
1025,high,Fog-only,0.033972302770528776,0.04422051545945025,0.04721552140102187
1026,high,DT-KF-CostAware,0.02742681703432318,0.03379649234461309,0.036677375655803215
1026,high,DT-OPT,0.026596681310676603,0.03289981250918277,0.0356365479949855
1026,high,SemiGreedy,0.034995706363581125,0.04329529010680492,0.04678421604473907
1026,high,Fog-only,0.025987888973857044,0.032465491589291115,0.034397773251354506
1027,high,DT-KF-CostAware,0.03046158977494782,0.039008451802963424,0.04072898576445722
1027,high,DT-OPT,0.030165873247642288,0.03956234624026319,0.040268195169085676
1027,high,SemiGreedy,0.03832018933541436,0.048896088352668454,0.05142336871963941
1027,high,Fog-only,0.032276810800649515,0.04103905707756666,0.04328346158079982
1028,high,DT-KF-CostAware,0.02880787145523393,0.037022371853469016,0.038581072439686344
1028,high,DT-OPT,0.027549240803823767,0.03576929918811863,0.03677483127134767
1028,high,SemiGreedy,0.037820714042868867,0.04748523351059721,0.050613265426463674
1028,high,Fog-only,0.027552981180698186,0.035050730816271365,0.03691807356239759
1029,high,DT-KF-CostAware,0.02806572374603707,0.03500812499410456,0.03723180348107867
1029,high,DT-OPT,0.028021486274083813,0.03501725928499417,0.03704545731131786
1029,high,SemiGreedy,0.03524129212574378,0.044525221035755576,0.04692353602863554
1029,high,Fog-only,0.04164181896019614,0.05280582979641074,0.053564850504073024
