seed,load,algorithm,arrived_tasks,completed_tasks,mean_latency_ms,p95_latency_ms,dmr_pct,throughput_tasks_s,energy_j,monetary_cost,run_cost_index,fairness,rejection_rate_pct,local_pct,fog_pct,cloud_pct,decision_median_us,decision_p95_us,decision_p99_us,cpu_s,cpu_utilization_pct,wall_s,peak_memory_kib,simulator_throughput_tasks_s,task_count,fog_nodes
4000,high,DT-KF-CostAware,50,49,307.2677194179768,698.0494424221629,0.0,0.5444444444444444,2.9545920782821464,0.29738196718723253,0.3170831085702892,0.3998334721065778,0.0,0.0,100.0,0.0,647.4,1046.965,1163.3519999999996,0.078125,96.37423178211203,0.08106419999967329,49.40234375,616.7950834055171,50,5
4000,high,DT-OPT,50,49,307.0478809198683,698.0494424221629,0.0,0.5444444444444444,2.9587306700181633,0.2974812753829075,0.3175836288304412,0.3998334721065778,0.0,0.0,100.0,0.0,637.35,920.7199999999998,1287.004999999999,0.046875,59.40665582334963,0.07890530000440776,46.87890625,633.6709954490627,50,5
4000,high,SemiGreedy,50,49,239.84427358410016,340.1809689146015,0.0,0.5444444444444444,11.608753510102373,0.7853045279177328,0.32252785591137034,0.2,0.0,0.0,50.0,50.0,719.0,1260.86,1326.2179999999998,0.09375,104.48930641921578,0.08972210000501946,46.83203125,557.2763009024842,50,5
4000,high,Fog-only,50,49,302.6773685723074,698.0494424221629,0.0,0.5444444444444444,3.2435427031357285,0.30284821649057075,0.3218037053373644,0.2,0.0,0.0,100.0,0.0,41.35,80.33,106.58999999999997,0.046875,98.09912664407386,0.04778330001863651,41.765625,1046.3906842034546,50,5
4001,high,DT-KF-CostAware,50,49,319.37437275839,708.1293107548729,0.0,0.5444444444444444,4.8018853255856575,0.4388814144320532,0.33407496912178997,0.3739130434782609,0.0,0.0,88.0,12.0,612.7,936.3399999999999,1102.0359999999994,0.0625,82.91631952087141,0.07537720000254922,46.2109375,663.3305561669713,50,5
4001,high,DT-OPT,50,49,322.0946651488493,708.1293107548729,0.0,0.5444444444444444,4.7430373672684345,0.4304822679365362,0.33173148677582887,0.3552353506243996,0.0,0.0,88.0,12.0,592.85,747.7299999999999,905.4849999999997,0.078125,112.48711347767934,0.0694523999991361,46.0390625,719.9175262571479,50,5
4001,high,SemiGreedy,50,49,242.53428122308193,338.22673408569227,0.0,0.5444444444444444,13.228200589986958,0.8806777508765711,0.317192392478898,0.2,0.0,0.0,42.0,58.0,660.35,913.2249999999999,1255.166,0.0625,83.90624516167901,0.07448790001217276,46.40234375,671.2499612934321,50,5
4001,high,Fog-only,50,49,313.35542528669606,682.1431467470638,0.0,0.5444444444444444,3.645708131346078,0.33801944387794836,0.32338162545357396,0.2,0.0,0.0,100.0,0.0,39.6,60.05499999999999,78.36299999999996,0.046875,107.21049163453087,0.04372240000520833,41.765625,1143.5785774349959,50,5
4002,high,DT-KF-CostAware,50,49,387.783980487758,836.6082911086705,0.0,0.5444444444444444,8.08493097163335,0.7519634911107363,0.355447901647914,0.4231974921630094,0.0,0.0,92.0,8.0,616.05,694.0649999999999,874.1689999999994,0.0625,84.80268110786251,0.07370050001190975,46.0625,678.4214488629001,50,5
4002,high,DT-OPT,50,49,391.48084612317797,836.6082911086705,0.0,0.5444444444444444,7.800222979245395,0.7373043506653334,0.35718030829950176,0.44083333333333335,0.0,0.0,94.0,6.0,601.85,993.4999999999994,1202.772,0.078125,103.55033506462583,0.07544640000560321,46.40625,662.7221444136053,50,5
4002,high,SemiGreedy,50,49,268.35677705855073,402.60770657831756,0.0,0.5444444444444444,20.29448926693173,1.355873270711751,0.33736152139886505,0.2,0.0,0.0,36.0,64.0,701.4,1027.6999999999998,1131.3269999999998,0.078125,103.0146877584585,0.07583869999507442,46.703125,659.2940016541344,50,5
4002,high,Fog-only,50,49,400.00814160237445,881.7763924760372,0.0,0.5444444444444444,6.746954472605282,0.6344190275610464,0.3638279740989326,0.2,0.0,0.0,100.0,0.0,39.2,64.05999999999997,72.261,0.046875,108.94347488017475,0.04302690000622533,41.765625,1162.0637320551973,50,5
4003,high,DT-KF-CostAware,50,49,320.7784703910136,477.9111014811156,0.0,0.5444444444444444,4.072012966496956,0.4042689530430783,0.3228498004796075,0.424580017683466,0.0,0.0,100.0,0.0,638.0,948.6149999999999,1465.3439999999996,0.078125,101.76925443072341,0.07676679998985492,46.1484375,651.3232283566298,50,5
4003,high,DT-OPT,50,49,325.59282000522313,477.9111014811156,0.0,0.5444444444444444,3.929990521540675,0.3856134783592156,0.319809281511474,0.4393412625800549,0.0,0.0,100.0,0.0,688.8,1131.655,1303.5979999999997,0.078125,96.54072197817175,0.08092439998290502,46.27734375,617.8606206602992,50,5
4003,high,SemiGreedy,50,49,239.65375683108,297.8829280083545,0.0,0.5444444444444444,13.496891200471124,0.9031348650867582,0.31484463954080105,0.2,0.0,0.0,50.0,50.0,701.0,1097.715,1763.4849999999979,0.078125,92.21226820738886,0.08472300000721589,46.46484375,590.1585165272887,50,5
4003,high,Fog-only,50,49,301.4933068582838,477.9111014811156,0.0,0.5444444444444444,4.595023951989601,0.42232540398243873,0.32138920446689445,0.2,0.0,0.0,100.0,0.0,38.55,69.285,97.84099999999991,0.03125,68.73781968163625,0.045462599984603,41.765625,1099.80511490618,50,5
4004,high,DT-KF-CostAware,50,49,361.03971497049673,863.2141253468359,0.0,0.5444444444444444,5.799234439618738,0.41495034852625057,0.32530186417759077,0.2360655737704918,0.0,0.0,98.0,2.0,624.3499999999999,1049.0099999999998,1263.3039999999994,0.078125,98.53891230429471,0.07928340000216849,45.5234375,630.6490387474861,50,5
4004,high,DT-OPT,50,49,360.7839106007255,863.2141253468359,0.0,0.5444444444444444,5.793384517213441,0.41470352616881906,0.3259161593440936,0.22654867256637168,0.0,0.0,98.0,2.0,624.1500000000001,874.5099999999999,1203.721999999999,0.078125,100.44355876535026,0.07777999999234453,45.73828125,642.8387760982416,50,5
4004,high,SemiGreedy,50,49,256.4545743891874,412.17548741190404,0.0,0.5444444444444444,16.773397499072523,1.0893173382432029,0.3188229116903565,0.2,0.0,0.0,40.0,60.0,718.4,1218.235,1326.5229999999997,0.078125,87.44908362841299,0.08933770001749508,46.46484375,559.6741352218431,50,5
4004,high,Fog-only,50,49,372.13029641291877,991.8234928442284,0.0,0.5444444444444444,4.700012594386131,0.352733227828978,0.32556571645831694,0.2083297180043384,0.0,0.0,100.0,0.0,41.4,60.669999999999995,71.07499999999999,0.046875,102.85672911985571,0.04557309998199344,41.765625,1097.1384439451276,50,5
4005,high,DT-KF-CostAware,50,49,297.8614864999013,494.7700944653597,0.0,0.5444444444444444,7.635741670740154,0.5469383112338574,0.31094362325712194,0.29728555917481,0.0,0.0,76.0,24.0,652.75,855.5149999999998,1013.7919999999998,0.078125,97.46157053523612,0.08015979998162948,45.20703125,623.7540514255112,50,5
4005,high,DT-OPT,50,49,311.05103320464207,616.0567597327872,2.0,0.5444444444444444,7.003889735925988,0.5143769766876601,0.31354441254477405,0.3260450160771704,0.0,0.0,80.0,20.0,656.35,796.0149999999999,1114.8419999999999,0.078125,101.9929920365093,0.07659839998814277,45.46484375,652.7551490336596,50,5
4005,high,SemiGreedy,50,49,246.8712591954015,310.6374310608684,0.0,0.5444444444444444,13.836921240384093,0.9042018275060603,0.3014127977484057,0.2,0.0,0.0,40.0,60.0,687.3499999999999,956.8349999999998,1233.494,0.09375,118.30966719186704,0.079241200000979,46.2890625,630.9848916899575,50,5
4005,high,Fog-only,50,49,308.30380761472406,533.9971000200023,0.0,0.5444444444444444,4.436952463724552,0.31393985516732825,0.2959925347085881,0.2,0.0,0.0,100.0,0.0,36.45,43.82499999999999,49.202,0.03125,77.67217122522197,0.04023320000851527,41.765625,1242.7547396035516,50,5
4006,high,DT-KF-CostAware,50,49,350.2555343083132,681.3082708493243,0.0,0.5444444444444444,4.150724045149656,0.4056933425124112,0.318189379275162,0.39901477832512317,0.0,0.0,92.0,8.0,566.55,736.4499999999999,957.2019999999993,0.078125,115.31535519301823,0.06774900000891648,45.33203125,738.0182732353168,50,5
4006,high,DT-OPT,50,49,354.2507489056217,681.3082708493243,0.0,0.5444444444444444,3.170456123017639,0.34837332825371153,0.31767495276202284,0.39916874480465503,0.0,0.0,100.0,0.0,591.85,756.8599999999999,837.2699999999998,0.0625,90.2670460237342,0.06923900000401773,45.41796875,722.1363681898736,50,5
4006,high,SemiGreedy,50,49,252.52038205332312,340.9425914311469,0.0,0.5444444444444444,14.820300576360939,1.016052743047311,0.319639602336381,0.2,0.0,0.0,40.0,60.0,633.5,791.755,846.4209999999998,0.078125,110.59175260799091,0.07064269998227246,46.37890625,707.7872166911418,50,5
4006,high,Fog-only,50,49,342.5234527416341,669.0798705508497,0.0,0.5444444444444444,3.2342474112173547,0.4003850822677488,0.33748472692167847,0.2,0.0,0.0,100.0,0.0,35.900000000000006,43.629999999999995,62.204,0.03125,78.9109530901476,0.03960160000133328,41.765625,1262.5752494423616,50,5
4007,high,DT-KF-CostAware,50,49,397.5244886079301,732.2128905755426,0.0,0.5444444444444444,5.455216817390334,0.470705442924377,0.3396434710182054,0.40950455005055614,0.0,0.0,92.0,8.0,576.6,807.1999999999998,1001.6979999999998,0.0625,91.79540051563436,0.06808620001538657,46.18359375,734.3632041250748,50,5
4007,high,DT-OPT,50,49,395.1940591860302,684.5048621357079,0.0,0.5444444444444444,5.316445768231029,0.4565640643515653,0.33864897389836385,0.3854280510018215,0.0,0.0,94.0,6.0,549.4000000000001,750.995,933.0209999999994,0.0625,94.99129878827964,0.06579550000606105,46.0234375,759.9303903062371,50,5
4007,high,SemiGreedy,50,49,265.1614829612973,344.0922055093665,0.0,0.5444444444444444,18.700909999853042,1.2239160340657298,0.32138465984624587,0.2,0.0,0.0,28.0,72.0,750.35,1077.5549999999996,1301.2579999999996,0.09375,112.01961507624314,0.0836907000048086,47.0234375,597.4379470732968,50,5
4007,high,Fog-only,50,49,386.94246195574954,684.5048621357079,0.0,0.5444444444444444,4.231080222509636,0.3518684079952399,0.3164979056736785,0.2083297180043384,0.0,0.0,100.0,0.0,47.95,105.73499999999994,138.86799999999994,0.03125,54.09438213812924,0.05776940000941977,41.765625,865.5101142100679,50,5
4008,high,DT-KF-CostAware,50,49,365.05048175354574,832.6200701659106,0.0,0.5444444444444444,5.011259015037105,0.47602574321261026,0.3513193693348811,0.4755056179775281,0.0,0.0,94.0,6.0,604.0,938.4799999999999,1881.976999999998,0.0625,82.31655916968528,0.07592640002258122,45.87109375,658.5324733574822,50,5
4008,high,DT-OPT,50,49,364.80019330118773,832.6200701659106,0.0,0.5444444444444444,4.938041024324565,0.47001201148475313,0.3499809646106869,0.4744394618834081,0.0,0.0,94.0,6.0,587.15,936.4849999999991,1364.132999999999,0.0625,85.43083111100921,0.07315859998925589,45.78515625,683.4466488880737,50,5
4008,high,SemiGreedy,50,49,260.2927332702956,379.974788243158,0.0,0.5444444444444444,16.965356273106643,1.1191246882247403,0.3413302769846531,0.2,0.0,0.0,36.0,64.0,645.2,715.51,1166.896999999999,0.078125,109.02374728172359,0.07165870000608265,46.484375,697.751982603031,50,5
4008,high,Fog-only,50,49,359.28323061723995,816.9497019186233,0.0,0.5444444444444444,3.964283307932979,0.37096164272083887,0.339773313600559,0.2,0.0,0.0,100.0,0.0,34.349999999999994,58.239999999999995,70.03299999999996,0.046875,125.2033301823093,0.03743910000775941,41.765625,1335.5021886112993,50,5
4009,high,DT-KF-CostAware,50,49,316.55439229346837,536.153376246939,0.0,0.5444444444444444,4.630715152292586,0.4546471699279519,0.3150143720023308,0.3435114503816794,0.0,0.0,92.0,8.0,633.5,809.4999999999998,989.7479999999996,0.0625,84.61932139352828,0.07386019997647963,45.91015625,676.9545711482263,50,5
4009,high,DT-OPT,50,49,317.87178526587354,536.153376246939,0.0,0.5444444444444444,4.66296543934021,0.4512090260297908,0.3167121561404126,0.3196527229676401,0.0,0.0,92.0,8.0,628.4000000000001,923.0199999999999,1010.4709999999999,0.0625,82.04802369938169,0.07617489999393001,45.65234375,656.3841895950535,50,5
4009,high,SemiGreedy,50,49,242.4434069113151,300.82076891197215,0.0,0.5444444444444444,13.500262375490488,0.9008449777510062,0.3074793022941963,0.2,0.0,0.0,46.0,54.0,613.75,939.8299999999999,1031.162,0.078125,109.9161612285734,0.07107689999975264,46.421875,703.4634318628698,50,5
4009,high,Fog-only,50,49,310.86045559663984,510.1534438078204,0.0,0.5444444444444444,3.889453799343065,0.3753702933862826,0.30594758313491643,0.2,0.0,0.0,100.0,0.0,35.150000000000006,51.04,107.01799999999983,0.046875,119.14172212989538,0.03934389998903498,41.765625,1270.8450360522174,50,5
4000,high,DT-KF-CostAware,200,198,354.8486111225955,709.6624235203489,0.0,2.2,14.952395461734612,1.5071636066214384,0.3343910301773756,0.20119409238504243,0.0,0.0,99.0,1.0,968.25,1609.5999999999992,2008.2159999999994,0.515625,99.79281801327126,0.5166955000022426,165.80859375,387.0751728999613,200,10
4000,high,DT-OPT,200,198,362.4641994125683,710.1062225876542,0.0,2.2,13.114265337933672,1.3926729969536193,0.3347593851139539,0.19971472236372897,0.0,0.0,100.0,0.0,927.95,1310.6849999999997,2284.3939999999993,0.484375,100.08872897716472,0.4839456000190694,167.734375,413.26959061538986,200,10
4000,high,SemiGreedy,200,199,254.23671240576653,336.91781877239373,0.0,2.2111111111111112,61.03057101438308,4.041406645401351,0.329315175798621,0.1,0.0,0.0,39.5,60.5,1093.15,1672.1799999999994,1991.5499999999986,0.53125,96.01041268127388,0.5533253999892622,168.2109375,361.4509653883252,200,10
4000,high,Fog-only,200,199,355.2566410421881,640.4850275563413,0.5,2.2111111111111112,14.968964549739235,1.411770201010053,0.33703238710852385,0.13516160961124954,0.0,0.0,100.0,0.0,57.9,90.225,162.33299999999997,0.28125,104.10713280957475,0.2701544000010472,156.4375,740.3173888680872,200,10
4001,high,DT-KF-CostAware,200,198,339.47503197748125,814.8717545910375,0.0,2.2,23.514054546489547,1.9730776732367505,0.3335405101394042,0.15406009919284255,0.0,0.0,90.0,10.0,889.25,1348.2949999999994,1584.7229999999972,0.453125,97.8880167580297,0.4629013999947347,165.28515625,432.05745327682075,200,10
4001,high,DT-OPT,200,198,340.9045523162986,835.5033227321057,0.0,2.2,24.178775476456387,2.000352334076238,0.3354668169931708,0.1515413924489089,0.0,0.0,88.5,11.5,929.05,1485.1649999999995,1740.2109999999993,0.46875,95.8907808579828,0.48883740001474507,165.8671875,409.13399832739333,200,10
4001,high,SemiGreedy,200,199,255.4264555810119,381.660645105606,0.0,2.2111111111111112,63.380226254844025,4.191300692616343,0.325259740274982,0.1,0.0,0.0,37.5,62.5,1029.4,1624.33,2027.1469999999995,0.53125,102.45170547208882,0.5185369999962859,168.19921875,385.7005382478638,200,10
4001,high,Fog-only,200,198,360.91059394541315,865.6798617832272,1.0,2.2,17.318767864224956,1.5328382087744317,0.3360694855086031,0.13643766965963666,0.0,0.0,100.0,0.0,64.45,99.19999999999993,122.02899999999997,0.3125,100.89224256540608,0.30973639999865554,156.46875,645.710352418599,200,10
4002,high,DT-KF-CostAware,200,198,307.1821192109556,594.6304075139984,0.0,2.2,16.92048637051928,1.7479018623848774,0.3097164706703344,0.21388790141011968,0.0,0.0,96.0,4.0,899.8,1324.34,1658.7619999999995,0.46875,99.24005932706959,0.4723394999746233,165.05859375,423.42425312883023,200,10
4002,high,DT-OPT,200,198,308.3072195454691,594.6304075139984,0.0,2.2,15.088130147438202,1.640030403381866,0.3079450679364755,0.20666315234580918,0.0,0.0,100.0,0.0,943.85,1522.1249999999995,1782.0349999999994,0.5,100.09080237402767,0.49954640000942163,165.46484375,400.3632094961107,200,10
4002,high,SemiGreedy,200,199,239.7543301354247,327.99936820980935,0.0,2.2111111111111112,53.50252980673959,3.642771140122971,0.3257123793901889,0.10407993338884262,0.0,0.0,50.5,49.5,1017.3,1659.2549999999999,1910.5329999999976,0.515625,100.81309364887532,0.511466299998574,168.5390625,391.0326056683649,200,10
4002,high,Fog-only,200,199,299.8413556200461,586.435069336731,0.0,2.2111111111111112,19.475210140423542,1.8612803864051766,0.33514436568010175,0.12464511661578169,0.0,0.0,100.0,0.0,64.45,98.03499999999995,114.95399999999995,0.3125,102.00774083914332,0.30634929999359883,156.34375,652.8495413705173,200,10
4003,high,DT-KF-CostAware,200,198,310.2666845997072,609.581768878167,0.0,2.2,18.09676555906909,1.4863593589002297,0.2975558991174351,0.14614623754089628,0.0,0.0,99.0,1.0,902.9,1429.0399999999995,1743.6519999999994,0.46875,97.86543737282608,0.47897399999783374,166.3359375,417.5591994573913,200,10
4003,high,DT-OPT,200,198,309.2547464183234,609.581768878167,0.0,2.2,17.99331336167112,1.4775701949942521,0.29682485234136435,0.14415883511013708,0.0,0.0,99.5,0.5,938.6,1404.8999999999994,1933.192999999999,0.484375,99.08770778043886,0.4888346000225283,166.16015625,409.1363418031024,200,10
4003,high,SemiGreedy,200,199,240.33250960396379,335.67498995348046,0.0,2.2111111111111112,57.10703370048688,3.7351184805051765,0.30403148336939034,0.1,0.0,0.0,45.5,54.5,1002.75,1537.1499999999992,2293.9329999999964,0.5,99.75239460777985,0.5012410999916028,168.5,399.0095784311194,200,10
4003,high,Fog-only,200,198,304.4749437688356,609.581768878167,0.0,2.2,18.118013091083228,1.4561346408282212,0.2936750054781046,0.12583937857097002,0.0,0.0,100.0,0.0,61.6,97.62499999999993,130.5219999999999,0.296875,100.93823684886435,0.29411550000077114,156.46875,680.0049640344546,200,10
4004,high,DT-KF-CostAware,200,199,367.2107850386835,823.485880402275,0.0,2.2111111111111112,18.474059136175832,1.3835125459765198,0.3320143677168852,0.16762328042328042,0.0,0.0,100.0,0.0,906.25,1242.1599999999994,1588.9549999999995,0.4375,94.48715504180484,0.4630258999823127,165.05078125,431.9412801911078,200,10
4004,high,DT-OPT,200,199,366.053955983053,823.485880402275,0.0,2.2111111111111112,18.613627399330625,1.3810944741789792,0.331508547994232,0.15825840226991167,0.0,0.0,100.0,0.0,928.6,1336.6899999999996,1548.2219999999977,0.484375,100.48298215107936,0.4820467999961693,165.35546875,414.8974746883277,200,10
4004,high,SemiGreedy,200,199,256.0144003406073,370.80346511447453,0.0,2.2111111111111112,67.46254918699196,4.374432929598497,0.32735926054531034,0.13348729792147807,0.0,0.0,34.0,66.0,1022.6500000000001,1654.2849999999999,2533.834999999998,0.5,95.92596664205861,0.521235299995169,168.01171875,383.70386656823445,200,10
4004,high,Fog-only,200,199,365.1864032890571,823.485880402275,0.0,2.2111111111111112,18.841682921600302,1.381856706698852,0.3310192604837803,0.16290674235879715,0.0,0.0,100.0,0.0,61.7,117.80499999999999,142.32399999999998,0.296875,98.87000946092574,0.30026799999177456,156.296875,666.0716426841312,200,10
4005,high,DT-KF-CostAware,200,198,312.9366474356638,606.5480684993374,0.5,2.2,29.1483159653459,2.1526911337478776,0.3277237661572265,0.23794196295929484,0.0,0.0,78.5,21.5,953.4,1461.7749999999999,1942.4679999999994,0.46875,93.40831239042176,0.5018290000152774,165.66796875,398.54213286579954,200,10
4005,high,DT-OPT,200,198,314.55154390008704,606.5480684993374,0.0,2.2,27.306504980638444,2.035061440840597,0.32867758487051896,0.23981406264103258,0.0,0.0,82.5,17.5,943.2,1222.1299999999999,1915.0859999999993,0.484375,99.31047010742999,0.48773809999693185,166.80078125,410.0561346371303,200,10
4005,high,SemiGreedy,200,199,246.76232217557546,352.1874160626539,0.0,2.2111111111111112,57.78186876263508,3.812666458604563,0.3200594908746913,0.19867604468349193,0.0,0.0,49.0,51.0,1024.1,1589.879999999999,2041.6299999999992,0.515625,101.108749969508,0.5099707000190392,167.59765625,392.1793938211219,200,10
4005,high,Fog-only,200,198,331.5445935042637,696.4417353195429,0.5,2.2,16.976809745152767,1.3148099090793306,0.32563531239381616,0.20104615384615385,0.0,0.0,100.0,0.0,62.7,86.12999999999985,141.15999999999977,0.296875,98.93518250094901,0.30007019999902695,156.421875,666.5107031642881,200,10
4006,high,DT-KF-CostAware,200,199,363.83359561085877,704.2065114738647,0.5,2.2111111111111112,18.678619890070742,1.593526491566222,0.31279348251354716,0.22785290628707,0.0,0.0,98.5,1.5,873.3,1187.04,1432.2309999999993,0.421875,94.5182019402939,0.4463425999856554,165.2734375,448.0862906799118,200,10
4006,high,DT-OPT,200,199,365.9927124905566,720.4459176684802,0.5,2.2111111111111112,17.441345109338567,1.4979048598014455,0.31049479182928796,0.2013985658343081,0.0,0.0,100.0,0.0,899.75,1622.4949999999992,1750.753,0.484375,98.9437556209068,0.4895457999955397,164.77734375,408.54195869277646,200,10
4006,high,SemiGreedy,200,199,258.18021677128837,356.5118249137934,0.0,2.2111111111111112,65.43582596142078,4.317479874223959,0.31477892413622366,0.14962371721778792,0.0,0.0,41.0,59.0,997.9,1481.2899999999993,1901.4409999999982,0.484375,95.41633235609346,0.5076437000243459,168.390625,393.97711424451495,200,10
4006,high,Fog-only,200,199,359.1826785835942,720.4459176684802,0.5,2.2111111111111112,19.416333742505568,1.4789098436841066,0.3083630054982122,0.17487745639213956,0.0,0.0,100.0,0.0,63.45,113.715,174.8339999999996,0.3125,100.62901992876662,0.310546599997906,156.34375,644.0257275441064,200,10
4007,high,DT-KF-CostAware,200,198,336.5417166727415,767.8156601583904,0.0,2.2,17.954535964105837,1.4937616946177277,0.3052995484484214,0.20714705097411262,0.0,0.0,99.5,0.5,982.55,1400.2299999999998,2393.064,0.5,97.12053163284753,0.5148241999850143,164.73046875,388.4821265313901,200,10
4007,high,DT-OPT,200,198,335.8836495130783,767.8156601583904,0.0,2.2,18.001128741807015,1.4931716611139372,0.304684413790267,0.19773271513731086,0.0,0.0,99.5,0.5,924.7,1272.9999999999998,1732.7559999999999,0.46875,98.65189424318808,0.4751555999973789,165.89453125,420.91474877093583,200,10
4007,high,SemiGreedy,200,199,252.10442883896133,368.5990948034962,0.0,2.2111111111111112,61.26797730889839,4.0993957605553755,0.3081853426929275,0.10217365623154165,0.0,0.0,46.5,53.5,1007.9,1729.1499999999992,2094.8409999999953,0.53125,100.15315656108814,0.5304376000131015,168.0078125,377.0471776417436,200,10
4007,high,Fog-only,200,198,342.8964437597388,750.1975266792658,0.5,2.2,16.754850929769567,1.4837210082433028,0.2988859994623898,0.13717284814555633,0.0,0.0,100.0,0.0,63.2,100.90999999999995,126.85999999999967,0.3125,103.28693740064308,0.30255519997444935,156.515625,661.0363993641157,200,10
4008,high,DT-KF-CostAware,200,199,341.8893607491349,687.6118301456006,0.0,2.2111111111111112,15.727734616425133,1.4529422215773993,0.3175793723829702,0.27144423881006235,0.0,0.0,100.0,0.0,915.55,1547.3349999999998,2122.5579999999995,0.46875,96.21102017043859,0.48721029999433085,166.17578125,410.50035272720464,200,10
4008,high,DT-OPT,200,199,339.9100434864191,688.620406645699,0.0,2.2111111111111112,15.707625459192254,1.4349043944875126,0.3166668749390991,0.24350365861157228,0.0,0.0,100.0,0.0,959.1500000000001,1633.8149999999998,2034.1029999999976,0.484375,95.28981579730659,0.5083177000051364,166.328125,393.45472329210463,200,10
4008,high,SemiGreedy,200,199,250.98551589243726,355.4514077183515,0.0,2.2111111111111112,58.15061364607326,3.921063171100566,0.3107705044124451,0.19997585124366096,0.0,0.0,45.5,54.5,1070.3000000000002,1541.774999999999,2578.886999999999,0.515625,95.307497800154,0.5410120000015013,168.1796875,369.6775672248398,200,10
4008,high,Fog-only,200,199,335.6252082397665,684.2737893727767,0.5,2.2111111111111112,16.717109315245715,1.5141370028630279,0.30965274658745906,0.19939076582246615,0.0,0.0,100.0,0.0,63.45,118.98999999999998,152.02699999999962,0.296875,97.27435216971463,0.305193500011228,156.296875,655.3219514591301,200,10
4009,high,DT-KF-CostAware,200,199,331.5789739502776,640.1373990715917,0.0,2.2111111111111112,16.82798383906344,1.6563509024948322,0.3133120700298145,0.16240113821818639,0.0,0.0,99.0,1.0,935.2,1578.7449999999992,1930.9989999999991,0.484375,98.82678956059598,0.49012520001269877,165.7109375,408.05900205665444,200,10
4009,high,DT-OPT,200,199,329.139079981471,636.7347555892927,0.0,2.2111111111111112,18.134400280483856,1.7344256464886791,0.3149149184363686,0.16212630309296114,0.0,0.0,97.5,2.5,896.5,1433.3449999999996,1973.7159999999994,0.4375,90.4842240001131,0.48350969998864457,167.11328125,413.6421668576599,200,10
4009,high,SemiGreedy,200,199,248.3900216988964,332.79213032373707,0.0,2.2111111111111112,60.095038933483245,3.983110476330879,0.31315233982112,0.11401500197394394,0.0,0.0,38.5,61.5,926.9000000000001,1218.465,1532.2799999999997,0.4375,97.09313151022829,0.45059829999809153,167.796875,443.8543154753293,200,10
4009,high,Fog-only,200,199,327.0013044965176,637.4404859870899,0.0,2.2111111111111112,16.48812421703053,1.6272616670773628,0.31298535405684896,0.13824751265491358,0.0,0.0,100.0,0.0,57.849999999999994,89.78999999999998,144.80799999999962,0.265625,97.12410275803305,0.2734902999945916,156.390625,731.287361942837,200,10
4000,high,DT-KF-CostAware,500,498,357.60130629556664,734.6814249858533,0.0,5.533333333333333,55.330494306262004,4.145756125142183,0.3125581131549822,0.14364859517214087,0.0,0.0,99.4,0.6,2099.15,3195.449999999997,4015.227,2.734375,97.28786948273473,2.8106021999847144,423.5546875,177.89781848271494,500,25
4000,high,DT-OPT,500,498,357.88972975466345,734.6814249858533,0.0,5.533333333333333,54.73984958705696,4.09818356213094,0.312066142306194,0.14197599261311172,0.0,0.0,99.6,0.4,2087.05,3389.234999999998,4788.838999999996,2.796875,98.03542184761332,2.852922899997793,423.1875,175.25885469964393,500,25
4000,high,SemiGreedy,500,498,258.3875909164425,387.9677923928453,0.0,5.533333333333333,164.64969846100246,10.704193876643311,0.31313962378060717,0.07776598715442613,0.0,0.0,47.2,52.8,2163.05,3778.0149999999994,4516.098999999999,2.875,98.8920444917016,2.907210599980317,424.88671875,171.98616433339407,500,25
4000,high,Fog-only,500,498,355.2363394738648,753.7420614093746,0.4,5.533333333333333,59.106556800537334,4.1546641267480044,0.308438334393925,0.11675996327770062,0.0,0.0,100.0,0.0,139.9,247.89499999999992,332.46099999999973,1.734375,95.41118086176998,1.81779010000173,401.41015625,275.0592601420396,500,25
4001,high,DT-KF-CostAware,500,496,342.84198565797584,694.7092127171572,0.8,5.511111111111111,52.57507594397148,4.8157733158306275,0.322651010346716,0.13773736403252926,0.4,0.0,90.0,9.6,2123.4,3878.884999999999,7093.934999999998,2.875,90.35792613108273,3.1817906000069343,421.61328125,157.14421935840477,500,25
4001,high,DT-OPT,500,496,346.3809376829883,720.6402250411717,0.6,5.511111111111111,51.92507282292574,4.745301666637385,0.3242506272792077,0.1426077422321255,0.4,0.0,90.2,9.4,2049.8,3520.3399999999947,5222.353999999999,2.71875,94.80877536360673,2.8676143000193406,420.8359375,174.3609661859434,500,25
4001,high,SemiGreedy,500,498,255.55770257694564,374.45625870922174,0.0,5.533333333333333,148.04404250032664,10.185845285433912,0.31392536157701195,0.059120092443843184,0.0,0.0,46.2,53.8,2211.7,3875.0999999999995,4569.31,3.0,98.23837312025417,3.053796499996679,424.86328125,163.7306218670903,500,25
4001,high,Fog-only,500,498,351.75542728199065,770.8099117136977,0.4,5.533333333333333,40.23694485090852,4.175107095785613,0.32115738021542845,0.12642300045878574,0.0,0.0,100.0,0.0,136.6,244.76999999999992,515.079,1.765625,96.8328388105365,1.8233742000011262,401.29296875,274.216888667006,500,25
4002,high,DT-KF-CostAware,500,498,318.12786441931,634.4316112671796,0.0,5.533333333333333,39.26762996322365,3.8353440238980396,0.3140027718759898,0.16444642306770316,0.0,0.0,98.4,1.6,2054.1000000000004,3673.405,5321.454999999999,2.875,98.99050686128282,2.90431890002219,419.84765625,172.15740323701363,500,25
4002,high,DT-OPT,500,498,317.28797310006655,634.4316112671796,0.0,5.533333333333333,37.53597684905767,3.7087256877499093,0.31339806831690376,0.15272592911906888,0.0,0.0,100.0,0.0,2012.15,3475.1299999999987,4477.597,2.8125,98.51300184221714,2.8549531000026036,421.4375,175.1342254972749,500,25
4002,high,SemiGreedy,500,498,244.63168876701386,341.98541335650526,0.0,5.533333333333333,130.3793626640344,9.124815056486492,0.31396278977944186,0.05840001945856542,0.0,0.0,49.2,50.8,2186.05,3858.249999999998,4423.811999999999,2.875,97.70216404381043,2.9426164999895263,425.68359375,169.9168070327138,500,25
4002,high,Fog-only,500,498,309.77466722091134,621.2724298219667,0.0,5.533333333333333,37.40327838865131,4.211278900851342,0.3121195026735534,0.10714998595839365,0.0,0.0,100.0,0.0,131.75,227.515,305.07899999999967,1.609375,94.72733037755532,1.698955300002126,400.61328125,294.2985021438612,500,25
4003,high,DT-KF-CostAware,500,497,327.15782577857726,697.6708303762757,0.0,5.522222222222222,45.586465640209134,3.7956511862343145,0.30140171773488067,0.1452408826188112,0.0,0.0,99.6,0.4,2061.45,3268.8249999999985,3955.444999999999,2.671875,95.69559554712589,2.7920564000087325,420.54296875,179.07947704725314,500,25
4003,high,DT-OPT,500,497,326.72795813221654,701.1086532637169,0.0,5.522222222222222,45.066636213330646,3.7624895448306166,0.30031969118403673,0.13532977611529787,0.0,0.0,99.8,0.2,1957.6,3567.6799999999985,4848.795999999999,2.765625,97.02782353668312,2.8503421999921557,422.73828125,175.4175340776192,500,25
4003,high,SemiGreedy,500,498,247.6860931757263,367.21579352088935,0.0,5.533333333333333,146.84932184468536,9.70236116588963,0.30667587921708506,0.09465238132478299,0.0,0.0,49.4,50.6,2215.25,4034.129999999995,5087.839999999999,2.96875,97.23733620254157,3.053096799994819,424.63671875,163.7681451832279,500,25
4003,high,Fog-only,500,498,324.66488623630835,700.6788523395948,0.0,5.533333333333333,44.49788119698102,3.838017083953025,0.29783783046829526,0.1271196083959097,0.0,0.0,100.0,0.0,141.25,281.93499999999995,333.5019999999999,1.96875,99.9409111267492,1.969913999986602,400.44921875,253.81818698856938,500,25
4004,high,DT-KF-CostAware,500,498,328.7554696269307,656.3207216622736,0.0,5.533333333333333,52.55655876527072,4.2147336081871165,0.31907466445162563,0.17461565760522393,0.0,0.0,99.6,0.4,2011.4,3240.6449999999995,4068.9979999999987,2.71875,98.46942922137714,2.7610092000104487,419.55859375,181.09320316575108,500,25
4004,high,DT-OPT,500,498,328.0706606340514,660.129008499621,0.0,5.533333333333333,52.915193861243225,4.22482992996693,0.31866222846897496,0.17079700083310193,0.0,0.0,99.6,0.4,1979.9,3027.9449999999993,4070.981,2.46875,95.55890589611842,2.583485000010114,422.40625,193.5370245997335,500,25
4004,high,SemiGreedy,500,498,247.78867124793314,365.7221972623752,0.0,5.533333333333333,145.32264123992536,9.620136141363922,0.31268726732462065,0.07538909004570547,0.0,0.0,50.4,49.6,1966.75,4103.009999999999,6035.5009999999975,2.59375,93.53810801096226,2.772934000007808,425.33984375,180.31442508137303,500,25
4004,high,Fog-only,500,498,325.6031268708222,655.8102007176888,0.4,5.533333333333333,54.235722913204576,4.384461365320978,0.31904561399396814,0.12322567822716883,0.0,0.0,100.0,0.0,104.5,159.42,268.4539999999997,1.296875,100.09844863483902,1.2955994999792892,400.66015625,385.92172967648776,500,25
4005,high,DT-KF-CostAware,500,489,329.1887466060621,655.3136405653865,1.4,5.433333333333334,71.34006555710721,5.3697148817114115,0.3351842906546783,0.14799281351060006,1.4,0.0,79.4,19.2,1540.4,2404.464999999998,2979.329999999999,2.0625,98.63303932719055,2.0910843000165187,417.36328125,239.1103983689468,500,25
4005,high,DT-OPT,500,491,337.53467451445675,700.0208038201001,1.2,5.455555555555556,61.93277184190752,4.824844751979478,0.3330087213531253,0.161513896578452,1.0,0.0,86.2,12.8,1519.25,2517.56,3154.7169999999987,2.046875,99.25240482400906,2.062292599992361,417.91796875,242.44862247086184,500,25
4005,high,SemiGreedy,500,497,255.8239099574573,407.03663438193365,0.0,5.522222222222222,145.8240311815797,9.781323283741246,0.31918707314319456,0.08301847096315089,0.0,0.0,52.2,47.8,1668.85,3169.7049999999995,3412.143,2.21875,100.09568583636289,2.2166290000022855,424.95703125,225.56774272983185,500,25
4005,high,Fog-only,500,496,344.1280815637633,822.7509727202078,0.6,5.511111111111111,49.761601217277594,4.061119135131329,0.31918571578068294,0.12506850359675656,0.0,0.0,100.0,0.0,109.1,187.57499999999993,311.02799999999996,1.359375,99.74946237041758,1.3627893000084441,400.74609375,366.8945742360187,500,25
4006,high,DT-KF-CostAware,500,497,352.80888688737815,820.1656676123794,0.2,5.522222222222222,56.880875227747474,4.324472772292595,0.3228181351183349,0.16290292045016302,0.0,0.0,97.0,3.0,1652.35,2447.075,3105.8879999999995,2.265625,100.08636859932284,2.263669900014065,419.0625,220.8802617364366,500,25
4006,high,DT-OPT,500,497,356.09246143917636,839.7360993828449,0.2,5.522222222222222,52.163760002216506,3.9837810834965013,0.3224215471374119,0.14760764469344417,0.0,0.0,99.6,0.4,1633.9,2305.139999999999,3193.1459999999993,2.171875,98.94023984405868,2.19513820001157,419.6796875,227.77609172732934,500,25
4006,high,SemiGreedy,500,498,259.4068464257722,401.3487790674627,0.0,5.533333333333333,152.66172693040733,10.274051219514332,0.3232750798733291,0.06359939832112184,0.0,0.0,51.4,48.6,1781.9499999999998,2826.004999999996,3579.408999999999,2.34375,98.76750376141014,2.3729970999993384,425.24609375,210.70400802434162,500,25
4006,high,Fog-only,500,497,351.8061103849412,815.0486597880122,0.4,5.522222222222222,54.57888202757716,4.659163777954075,0.32349274250519794,0.11764434125141394,0.0,0.0,100.0,0.0,111.8,159.315,259.5849999999999,1.4375,100.28450102505586,1.4334219000011217,400.66796875,348.8156557393247,500,25
4007,high,DT-KF-CostAware,500,498,346.29986651026826,748.733170504629,0.0,5.533333333333333,40.36252485118136,3.65400803452154,0.31036872661678716,0.1311808732908413,0.0,0.0,100.0,0.0,1674.5500000000002,2354.484999999999,3343.8179999999998,2.25,99.23465383474473,2.2673531000036746,420.45703125,220.5214529660994,500,25
4007,high,DT-OPT,500,498,345.5218166854668,748.733170504629,0.0,5.533333333333333,40.407680723257435,3.646990243387802,0.3095966022958117,0.12600228629493204,0.0,0.0,100.0,0.0,1658.7,2384.5599999999977,3285.8309999999997,2.203125,98.45255926186863,2.237752899993211,420.0390625,223.43843236736143,500,25
4007,high,SemiGreedy,500,498,254.4565813374809,372.6527767375925,0.0,5.533333333333333,151.54745024397062,10.158522420439258,0.3093270516592106,0.0568214600736782,0.0,0.0,46.8,53.2,1784.3,3224.185,6524.007999999994,2.5,97.13759972281882,2.5736687000025995,425.71484375,194.27519944563764,500,25
4007,high,Fog-only,500,498,343.92537096703694,748.733170504629,0.0,5.533333333333333,40.367425478189006,3.692515921239337,0.3085604301971825,0.11524617207648877,0.0,0.0,100.0,0.0,118.35,198.11999999999998,260.91099999999994,1.484375,96.81836349899918,1.5331544000073336,401.33984375,326.1250138913656,500,25
4008,high,DT-KF-CostAware,500,497,346.8601700661145,740.1816105590046,0.0,5.522222222222222,39.605838701565155,3.4745754183111703,0.3171089410479633,0.18297979517380594,0.0,0.0,100.0,0.0,1780.1,3220.6349999999998,7482.2739999999985,2.453125,94.30999835270997,2.601129300019238,418.4609375,192.22420046412225,500,25
4008,high,DT-OPT,500,497,346.55966774391715,776.2548898409411,0.0,5.522222222222222,39.23977217003778,3.449095268769457,0.3166228130390615,0.16763704847384583,0.0,0.0,100.0,0.0,1795.4,3294.229999999999,4265.518999999998,2.515625,97.61956687161506,2.576967999979388,418.31640625,194.02646831625356,500,25
4008,high,SemiGreedy,500,498,252.79976447164935,383.83340426753796,0.0,5.533333333333333,145.02414655941945,9.624063582189462,0.3158729835855114,0.09527201240028732,0.0,0.0,50.2,49.8,1955.6,4245.75,5847.1169999999975,2.703125,94.70569210969155,2.8542370999930426,424.95703125,175.17815881561444,500,25
4008,high,Fog-only,500,497,337.66287580023624,731.5359254081237,0.0,5.522222222222222,48.71667792133771,3.6425409099308466,0.31569728059843827,0.12083258936760875,0.0,0.0,100.0,0.0,116.80000000000001,224.67999999999992,358.2249999999999,1.453125,93.43925720017589,1.555154700006824,400.59765625,321.5114226242611,500,25
4009,high,DT-KF-CostAware,500,497,336.6106831510358,792.6472039415797,0.0,5.522222222222222,43.635969521942584,3.87827452978143,0.31140277377749814,0.15097196118878448,0.0,0.0,100.0,0.0,1759.6999999999998,2935.9949999999994,4469.162999999998,2.328125,95.73299265042112,2.431894099980127,420.015625,205.60105804117288,500,25
4009,high,DT-OPT,500,497,337.3013028473059,792.0299401930268,0.0,5.522222222222222,43.58114204603108,3.891175556747856,0.3122281559232879,0.15951243925671202,0.0,0.0,100.0,0.0,1794.6,3787.149999999996,5522.695999999999,2.5,95.43401308680757,2.6196111000026576,421.40234375,190.86802617361514,500,25
4009,high,SemiGreedy,500,498,251.04132686609157,378.1903933377088,0.0,5.533333333333333,149.59179651479903,9.898937479886104,0.3173146342162389,0.08094891032511611,0.0,0.0,47.6,52.4,1832.2,3029.284999999997,4714.777999999999,2.421875,97.98516010537304,2.471675300010247,423.06640625,202.2919434433508,500,25
4009,high,Fog-only,500,497,333.05833948842564,788.0732264683032,0.0,5.522222222222222,45.90805903962978,3.8425905994627874,0.31881850589023997,0.1175603545719555,0.0,0.0,100.0,0.0,124.95,279.18999999999994,446.3189999999993,1.75,94.38730476700265,1.854062900005374,400.69140625,269.67801362000756,500,25
4000,high,DT-KF-CostAware,1000,996,341.2166779265028,848.52390014473,0.0,11.066666666666666,108.61196126581548,7.589464488243868,0.3080678966252942,0.12554017149513969,0.0,0.0,99.7,0.3,3440.05,5723.49,10108.240999999996,9.46875,96.08757963144076,9.854291299998295,845.18359375,101.47863195399684,1000,50
4000,high,DT-OPT,1000,996,341.9105542036947,852.8690666053662,0.0,11.066666666666666,107.38389472546683,7.499613325139275,0.3079483396252738,0.12168980084490043,0.0,0.0,99.8,0.2,3208.85,4780.675,6525.022999999999,8.65625,96.81631386525531,8.940900199988391,844.87109375,111.84556114397725,1000,50
4000,high,SemiGreedy,1000,997,263.1032896013985,444.3450996192699,0.0,11.077777777777778,270.91697226504704,17.843181149119758,0.3118169899587905,0.07506173738845383,0.0,0.0,64.3,35.7,3428.7,5263.275,10170.451999999997,9.359375,96.79813213464173,9.668962399999145,849.3515625,103.4237137999511,1000,50
4000,high,Fog-only,1000,996,339.8786143513053,852.8110154855873,0.2,11.066666666666666,110.22157731650178,7.8570169926755415,0.3084384532174193,0.1107469718113313,0.0,0.0,100.0,0.0,226.95,472.0999999999998,765.4769999999991,6.25,93.87887645224599,6.657514699996682,808.01171875,150.20620232359357,1000,50
4001,high,DT-KF-CostAware,1000,985,340.48028861730205,678.9214115006644,1.7,10.944444444444445,112.17542344350166,9.028836776369385,0.32606166918992335,0.1286602741037382,1.1,0.0,90.2,8.7,3334.3,5945.424999999999,12624.424999999996,9.3125,93.894308936239,9.918066499987617,835.51953125,100.82610355569288,1000,50
4001,high,DT-OPT,1000,986,339.8440191284527,678.2164923328311,2.1,10.955555555555556,114.29177058052065,9.179825960334973,0.3264382774626473,0.13311718151646668,1.0,0.0,90.3,8.7,4018.65,7283.67,10432.735999999994,10.890625,93.82760822059453,11.607058099994902,836.9921875,86.15447526711694,1000,50
4001,high,SemiGreedy,1000,997,259.83639306504307,405.3309431018571,0.0,11.077777777777778,259.90554719296136,18.05936086565919,0.3202739961146878,0.0645027213428061,0.0,0.0,62.4,37.6,5123.0,7949.8099999999995,11619.073999999997,12.828125,96.787709982022,13.253877999988617,857.546875,75.44961557672848,1000,50
4001,high,Fog-only,1000,996,331.979334625065,699.8323933023213,0.3,11.066666666666666,101.61211917721097,9.199905118185498,0.32447237996430556,0.10581504,0.0,0.0,100.0,0.0,258.8,444.56999999999994,588.602,6.828125,96.96408287755654,7.041911600012099,807.46484375,142.00689483211943,1000,50
4002,high,DT-KF-CostAware,1000,996,348.1604926749301,714.1259458619925,0.4,11.066666666666666,92.41345471567652,8.006990620152976,0.3162266144775179,0.15345714893315376,0.0,0.0,99.1,0.9,3829.1499999999996,6061.294999999998,8098.315999999998,10.390625,98.57593568605354,10.5407317999925,843.828125,94.87007344221693,1000,50
4002,high,DT-OPT,1000,996,348.5789083342209,721.160000559495,0.4,11.066666666666666,90.41457534952438,7.863292486368685,0.31524030128482095,0.14200525652565257,0.0,0.0,99.7,0.3,3494.2,5996.444999999998,8280.181999999999,9.859375,96.80817928202649,10.184444199985592,843.3203125,98.1889615538779,1000,50
4002,high,SemiGreedy,1000,997,264.08599962923074,422.4493373569402,0.0,11.077777777777778,259.8984750453356,18.302041544251225,0.3192616763516951,0.057962805255304437,0.0,0.0,63.2,36.8,4096.0,6232.115000000001,7512.9169999999995,10.796875,99.56755898481725,10.84376789999078,851.85546875,92.21886794541686,1000,50
4002,high,Fog-only,1000,997,342.55390611778364,702.4978267783916,0.4,11.077777777777778,102.2717187381908,9.230709879526884,0.3176465100307905,0.11352642549181965,0.0,0.0,100.0,0.0,243.6,458.015,703.781,6.40625,96.93963703267653,6.608493900013855,808.84765625,151.32040902661703,1000,50
4003,high,DT-KF-CostAware,1000,995,335.91298224259566,741.4616129931777,0.0,11.055555555555555,92.44167523409331,7.378803377932393,0.30813878857789573,0.12185343866861488,0.0,0.0,99.7,0.3,3618.7,7838.994999999997,11741.494999999997,10.5,92.38531627772383,11.36544250001316,844.94921875,87.98601550259413,1000,50
4003,high,DT-OPT,1000,995,336.18101282817764,739.9596188181279,0.1,11.055555555555555,91.37029394731124,7.254810891036638,0.30761660827024373,0.11671049056782073,0.0,0.0,99.9,0.1,3201.3,5312.414999999997,6249.084999999999,8.984375,97.724566907922,9.19356849999167,846.14453125,108.77169186273056,1000,50
4003,high,SemiGreedy,1000,997,260.62164970527607,417.57148610267814,0.0,11.077777777777778,259.3821119429369,17.700437450434173,0.30839740345347905,0.060611535788742184,0.0,0.0,62.5,37.5,3341.85,5439.065,6459.670999999999,9.171875,97.89121601790039,9.369456599990372,852.875,106.72977555614352,1000,50
4003,high,Fog-only,1000,995,333.21575898301217,728.3460359144087,0.1,11.055555555555555,91.07140907585764,8.107599672499218,0.30368386534229225,0.10790286807300153,0.0,0.0,100.0,0.0,209.55,372.9949999999999,570.3669999999997,5.5625,98.04258874852208,5.673554800014244,808.16015625,176.25633932318576,1000,50
4004,high,DT-KF-CostAware,1000,994,352.2326094640029,765.0092831503414,0.0,11.044444444444444,93.55806605578432,7.4562194589350375,0.31327430303191445,0.1296741867820438,0.0,0.0,99.9,0.1,3127.65,4794.150000000001,5547.825,8.5625,97.83776091700183,8.751733400014928,844.16015625,114.26307844321381,1000,50
4004,high,DT-OPT,1000,994,352.4158191633202,765.0092831503414,0.0,11.044444444444444,93.31576192370021,7.442009430433481,0.313409189562757,0.12769099279345777,0.0,0.0,99.9,0.1,3202.1000000000004,5829.284999999999,7379.169999999999,9.265625,98.4603194325038,9.410516900010407,843.96484375,106.264088426311,1000,50
4004,high,SemiGreedy,1000,997,265.2720425921141,441.9309444646536,0.0,11.077777777777778,272.06477623222594,18.104216341384678,0.3132400434125126,0.06621092066439015,0.0,0.0,63.3,36.7,3277.3,4962.754999999999,5979.688,8.8125,97.71459722267387,9.01861159998225,849.89453125,110.88181245126114,1000,50
4004,high,Fog-only,1000,995,342.31707312914097,750.9957985795971,0.1,11.055555555555555,109.46219666043876,8.347652053396333,0.311762736436291,0.11545952312922393,0.0,0.0,100.0,0.0,208.3,370.5899999999999,584.7169999999996,5.5625,98.53641580852391,5.645121100009419,808.01953125,177.1441183074587,1000,50
4005,high,DT-KF-CostAware,1000,991,330.3224245283175,683.7741637212513,0.9,11.011111111111111,128.4152766115836,9.902746341487925,0.3271006195323812,0.12752091512772043,0.4,0.0,81.6,18.0,3142.05,4670.474999999999,5544.967999999999,8.5625,98.21101679276354,8.71847200000775,854.32421875,114.69899771417641,1000,50
4005,high,DT-OPT,1000,990,336.94149838790014,710.6901238212677,1.0,11.0,110.56657132225132,8.859439006631542,0.3282502691698022,0.13951393517934674,0.5,0.0,88.5,11.0,3182.75,6024.724999999999,7864.623,9.375,96.22681963929001,9.742606099986006,843.96484375,102.641940948576,1000,50
4005,high,SemiGreedy,1000,997,260.10437892670296,394.82712388965126,0.0,11.077777777777778,253.77969676011713,17.438755779260674,0.3121105873445455,0.054705307535527825,0.0,0.0,62.9,37.1,3925.3,6479.364999999998,11988.919,10.359375,94.02798757614828,11.01733139998396,851.09375,90.76608152147043,1000,50
4005,high,Fog-only,1000,995,330.5251304574127,709.1602379186268,0.1,11.055555555555555,97.85780435226997,8.34508442768242,0.3189138848005364,0.1094548952189319,0.0,0.0,100.0,0.0,319.6,717.6899999999999,1204.518,9.375,91.85545461048109,10.20625290001044,808.46484375,97.97915158451316,1000,50
4006,high,DT-KF-CostAware,1000,995,347.6093064504497,718.8047510049618,0.2,11.055555555555555,97.06540903397074,8.157092213066443,0.31857586320939835,0.1440738600157086,0.1,0.0,99.0,0.9,3247.1499999999996,5015.844999999999,6265.540999999999,8.984375,98.16602831919202,9.152224199991906,839.125,109.26305760744852,1000,50
4006,high,DT-OPT,1000,996,348.03283888471344,718.9344276970354,0.1,11.066666666666666,94.54991929052379,7.913725761470069,0.3169087467532766,0.13212048015907438,0.0,0.0,99.9,0.1,3168.6000000000004,4918.835,5582.135,8.640625,98.46473472231702,8.775349900010042,839.515625,113.95557002221139,1000,50
4006,high,SemiGreedy,1000,997,265.22790303442133,422.30722544680077,0.0,11.077777777777778,258.6602908428598,17.936481378364086,0.31376124480995454,0.067222343005268,0.0,0.0,63.6,36.4,3294.1,4552.3099999999995,5434.862,8.671875,98.72295823424578,8.784050999995088,849.48046875,113.84269057642757,1000,50
4006,high,Fog-only,1000,996,339.22251050819153,710.850611708479,0.1,11.066666666666666,105.55089944972129,9.250627073256439,0.31927137228616764,0.10728208677596573,0.0,0.0,100.0,0.0,209.4,350.6799999999997,485.6109999999997,5.453125,98.43671529872437,5.53972669999348,807.73046875,180.51432031857763,1000,50
4007,high,DT-KF-CostAware,1000,995,337.229407428191,751.9535532944228,0.3,11.055555555555555,91.9905322710586,7.706190919779058,0.3170409377696957,0.12386260236578708,0.0,0.0,99.5,0.5,3177.2,4563.319999999999,5501.357999999998,8.484375,97.82737133153012,8.672802799992496,841.82421875,115.30297910161929,1000,50
4007,high,DT-OPT,1000,995,335.97902526241296,739.6923966501236,0.2,11.055555555555555,93.39267159574116,7.800188216147312,0.31720269043385424,0.12114228742344395,0.0,0.0,99.4,0.6,3604.25,5880.864999999995,9037.820999999987,10.125,98.25810553669517,10.304493400006322,844.0390625,97.04504250537794,1000,50
4007,high,SemiGreedy,1000,996,264.26556652619684,427.99558809668343,0.0,11.066666666666666,251.0084106471255,16.963827804494763,0.3142442956876515,0.06126867036963856,0.0,0.0,64.8,35.2,4228.65,6106.344999999999,7635.583,10.9375,99.34944214020908,11.00912070000777,857.921875,90.8337756710483,1000,50
4007,high,Fog-only,1000,995,340.583518095867,748.333598723108,0.6,11.055555555555555,92.18697772945345,7.751996035689811,0.3202573212557112,0.1075605556068598,0.0,0.0,100.0,0.0,244.05,402.42999999999995,603.559,6.296875,97.70421416246997,6.444834599999012,810.15234375,155.16302000987787,1000,50
4008,high,DT-KF-CostAware,1000,995,348.0121156322175,796.9545372906791,0.1,11.055555555555555,80.6322281555938,6.903395724499928,0.3162748751945279,0.13939157048042466,0.0,0.0,99.8,0.2,3273.75,8535.364999999996,15505.35499999999,10.0,91.8623532293819,10.88585220000823,843.22265625,91.8623532293819,1000,50
4008,high,DT-OPT,1000,995,348.0699630882661,796.9545372906791,0.2,11.055555555555555,79.9423348690329,6.879675279622808,0.3164561471454714,0.13066568606014828,0.0,0.0,99.8,0.2,3461.2,6605.184999999999,13047.076999999997,10.046875,94.01307431488749,10.686678500002017,843.92578125,93.57444410813062,1000,50
4008,high,SemiGreedy,1000,997,265.38936531864516,442.14899484559334,0.0,11.077777777777778,257.4298755781,17.226844500223187,0.316971635648096,0.06792780613107108,0.0,0.0,63.6,36.4,3938.45,6267.999999999997,8269.298999999999,10.484375,96.306041274655,10.8865185000177,849.85546875,91.85673087299435,1000,50
4008,high,Fog-only,1000,993,343.43996079556246,775.2170820299718,0.3,11.033333333333333,95.6656207574816,7.197937645687259,0.3155790405569184,0.11438884474168083,0.0,0.0,100.0,0.0,239.95,449.14,576.834,6.515625,96.57046764704046,6.747016100009205,808.25390625,148.21366737195657,1000,50
4009,high,DT-KF-CostAware,1000,994,341.9865115796858,756.0318109354629,0.3,11.044444444444444,97.38780516517872,7.964603048835032,0.31052508582422217,0.12405700977165714,0.0,0.0,99.6,0.4,3608.95,5566.24,9885.789999999997,9.84375,96.82159597397192,10.166895000002114,837.28125,98.35844670371752,1000,50
4009,high,DT-OPT,1000,994,342.3392125342119,746.8526672242845,0.1,11.044444444444444,96.91123514838314,8.01081881503739,0.3103157555316773,0.12881476224272534,0.0,0.0,99.6,0.4,3660.8,5868.995,12441.259999999984,10.09375,94.42878715763955,10.689272099989466,840.08984375,93.55173959889986,1000,50
4009,high,SemiGreedy,1000,996,262.63241397214244,424.4800637213394,0.0,11.066666666666666,264.12554367868125,18.071122215794343,0.31869390555697663,0.07939609935711262,0.0,0.0,63.7,36.3,3908.1000000000004,5780.279999999999,7187.138999999998,10.4375,99.13251192708915,10.528836399986176,851.98046875,94.97725693613332,1000,50
4009,high,Fog-only,1000,995,341.57255420483216,738.2812653207816,0.5,11.055555555555555,98.30606338945326,8.434644136406211,0.32031627722225486,0.10641368079926479,0.0,0.0,100.0,0.0,241.6,411.31,518.2169999999999,6.53125,99.53955535409597,6.561461900011636,807.24609375,152.40506082923784,1000,50
