seed,load,algorithm,arrived_tasks,completed_tasks,mean_latency_ms,p95_latency_ms,dmr_pct,throughput_tasks_s,energy_j,monetary_cost,run_cost_index,fairness,rejection_rate_pct,local_pct,fog_pct,cloud_pct,decision_median_us,decision_p95_us,decision_p99_us,cpu_s,cpu_utilization_pct,wall_s,peak_memory_kib,simulator_throughput_tasks_s
3000,high,Reference,1622,1544,425.7876472161977,882.8681080189525,12.577065351418003,17.155555555555555,248.3262402952947,21.268315124080743,0.4164017359995496,0.9363219236624234,4.007398273736128,0.0,75.77065351418003,20.22194821208385,156.1,275.20000000000005,488.4899999999983,0.734375,100.45343741346306,0.7310600999917369,nan,2723.4422997815145
3000,high,Refresh-2s,1622,1550,422.55904067140455,899.2657698732712,12.5154130702836,17.22222222222222,247.74522970724433,21.25281001493211,0.4132636028943233,0.9302216120808001,3.6374845869297165,0.0,76.69543773119605,19.66707768187423,148.4,276.15,492.9699999999997,0.703125,99.1779986391446,0.708952600019984,nan,2808.368288576525
3000,high,Refresh-5s,1622,1543,426.52020299153065,916.257179564159,13.070283600493218,17.144444444444446,264.7180649981402,22.123094127601984,0.41738461719160624,0.9275182722426774,4.192355117139334,0.0,72.25647348951911,23.551171393341555,143.1,268.35,410.9699999999996,0.640625,94.93669010151832,0.6747918000037316,nan,2950.5397071941147
3000,high,Refresh-15s,1622,1585,429.71666559713617,927.7641858929195,11.713933415536374,17.61111111111111,232.31087801077345,20.583166319759044,0.40080006989728223,0.937049040254091,1.6029593094944512,0.0,81.87422934648582,16.52281134401973,142.6,257.15,462.7899999999999,0.65625,97.98986758589065,0.6697121000033803,nan,2972.9192588725073
3000,high,Refresh-30s,1622,1587,428.1198756961135,896.4304061624414,10.974106041923552,17.633333333333333,229.70936557471413,20.50414067363862,0.39981397013182235,0.9372036612885505,1.4180024660912454,0.0,82.67570900123305,15.90628853267571,143.7,253.5,414.09999999999684,0.65625,97.66294979613244,0.6719538999896031,nan,2963.000884481519
3000,high,Latency-dominant,1622,1542,376.2855667103682,725.5257896245009,9.926017262638718,17.133333333333333,312.67843586367144,24.486732311187325,0.48550730629904837,0.8434411087196496,4.192355117139334,0.0,71.9482120838471,23.859432799013565,146.6,274.95,437.5799999999996,0.65625,96.02436451048085,0.6834202999889385,nan,2913.2877674722645
3000,high,Energy-dominant,1622,1551,452.09617654083706,947.1026984027321,14.488286066584463,17.233333333333334,230.89458150756428,20.671733298833313,0.24964840383105458,0.9643952515898924,3.4525277435265105,0.0,76.51048088779285,20.036991368680642,140.1,268.15,410.57999999999936,0.671875,100.47250302480653,0.6687152999802493,nan,2977.350750100685
3000,high,Cost-dominant,1622,1542,450.0245468382339,928.0629205360049,15.04315659679408,17.133333333333333,239.4343327509977,20.71816684640158,0.2777470857130933,0.9128137253933605,4.007398273736128,0.0,75.70900123304563,20.28360049321825,143.0,236.1,402.1,0.671875,98.46000131844355,0.6823836999828927,nan,2917.7133041863603
3000,high,Accuracy-dominant,1622,1548,436.53945554833365,926.7634482743614,13.871763255240444,17.2,245.92811246446405,21.23118493161621,0.2804538558006693,0.9400994187979089,3.6991368680641186,0.0,76.20221948212084,20.098643649815042,144.3,239.8,449.2799999999985,0.65625,96.791550015429,0.6780033999821171,nan,2936.5634450395296
3000,high,Price-x0.5,1622,1544,425.7876472161977,882.8681080189525,12.577065351418003,17.155555555555555,248.3262402952947,10.634157562040372,0.4018308220067495,0.9363219236624234,4.007398273736128,0.0,75.77065351418003,20.22194821208385,142.3,242.8,410.3099999999996,0.65625,98.93546196528105,0.6633112000126857,nan,3001.607691777136
3000,high,Price-x2,1622,1544,425.7876472161977,882.8681080189525,12.577065351418003,17.155555555555555,248.3262402952947,42.53663024816149,0.4414148271567281,0.9363219236624234,4.007398273736128,0.0,75.77065351418003,20.22194821208385,143.3,251.05,431.6999999999991,0.65625,98.17833374451779,0.6684264999930747,nan,2978.6371426336746
3000,high,LHS-0.30,1622,1588,443.56641605531246,929.1078481217596,14.67324290998767,17.644444444444446,223.21958983097952,20.139296274349867,0.4013924008346974,0.9259146122331632,1.2946979038224413,0.0,84.71023427866831,13.995067817509248,147.5,253.75,473.5699999999993,0.6875,100.5605353972098,0.6836677999817766,nan,2912.233105103196
3000,high,LHS-0.70,1622,1179,453.9416737364183,973.4771230145976,34.09371146732429,13.1,371.14604158074934,26.001958475551337,0.571363900036117,0.9426911131149184,26.448828606658445,0.0,24.537607891491984,49.01356350184957,131.7,247.0,399.7699999999992,0.578125,93.91453318534775,0.6155863000021782,nan,3234.3149936783116
3001,high,Reference,1603,1573,448.52434314823944,1091.7268842953347,11.72800998128509,17.477777777777778,193.82394630113072,17.15174367378253,0.3859163526568542,0.9320946339192178,1.122894572676232,0.0,85.65190268247036,13.2252027448534,145.7,249.77999999999977,444.33200000000045,0.625,94.59075574375106,0.6607411000004504,nan,2925.502893642733
3001,high,Refresh-2s,1603,1572,439.0452642089615,1033.4283880105274,10.729881472239551,17.466666666666665,200.93930021972318,17.497383528342848,0.38502706424733363,0.9353528737514328,1.372426699937617,0.0,84.90330630068621,13.72426699937617,147.3,245.85999999999981,410.90000000000015,0.609375,91.93399248686464,0.6628397000022233,nan,2916.240532957692
3001,high,Refresh-5s,1603,1582,443.40867049143105,1067.7551814742126,12.913287585776668,17.57777777777778,192.21344995460683,17.047580553477093,0.3822579382685018,0.9238189219074479,0.6238303181534622,0.0,87.02432938240798,12.351840299438553,147.9,253.61999999999983,445.8760000000018,0.671875,100.61984068199317,0.6677361000038218,nan,2894.8562163838924
3001,high,Refresh-15s,1603,1580,441.2918327617378,1014.0982780090467,12.102308172177167,17.555555555555557,193.22752366059126,17.099671918698355,0.3837276138748728,0.9310676763326445,0.8733624454148472,0.0,86.15096693699314,12.975670617592016,145.9,258.0399999999997,416.5040000000002,0.640625,96.47307247566297,0.6640453999862075,nan,2910.9455468559067
3001,high,Refresh-30s,1603,1587,459.16704929779803,1111.7936798209569,13.537117903930131,17.633333333333333,170.74306821556596,15.922488220083945,0.38419909206283565,0.9382970337028841,0.37429819089207733,0.0,90.9544603867748,8.671241422333125,148.7,239.1,415.64400000000006,0.65625,98.1902324447034,0.668345500016585,nan,2892.216675285511
3001,high,Latency-dominant,1603,1577,361.5209314264791,702.4847135295857,7.049282595134123,17.522222222222222,284.96224375887107,21.908933570321174,0.44904276402565513,0.8519408170720447,1.0605115408608858,0.0,81.72177167810355,17.21771678103556,148.5,266.25999999999993,438.9200000000014,0.640625,96.7857097519253,0.6619004000094719,nan,2920.378957275654
3001,high,Energy-dominant,1603,1571,455.95712808459587,1103.5664883669062,12.22707423580786,17.455555555555556,191.88699942767695,17.07281140476313,0.21515722165890114,0.948335716704926,1.4348097317529631,0.0,84.52900810979413,14.0361821584529,144.8,276.01999999999987,433.9160000000002,0.640625,96.21250509484922,0.665843800001312,nan,2903.0832756814602
3001,high,Cost-dominant,1603,1569,475.5754399544072,1120.297358552943,16.781035558328135,17.433333333333334,194.838295628589,17.0114520960644,0.23942856599791132,0.9018098178851663,1.4348097317529631,0.0,85.02807236431691,13.537117903930131,143.5,259.1799999999999,406.91200000000055,0.640625,97.35144795907918,0.6580538999987766,nan,2937.4493487594154
3001,high,Accuracy-dominant,1603,1574,445.3433387127838,1049.986352940052,11.540860885839052,17.488888888888887,192.86245208082164,17.05215844730811,0.250752191023171,0.9407986025075573,1.122894572676232,0.0,84.77854023705552,14.098565190268246,145.4,255.6799999999997,454.88400000000007,0.65625,98.50355648340222,0.6662196000106633,nan,2901.4457094463464
3001,high,Price-x0.5,1603,1573,448.52434314823944,1091.7268842953347,11.72800998128509,17.477777777777778,193.82394630113072,8.575871836891265,0.3733787933057027,0.9320946339192178,1.122894572676232,0.0,85.65190268247036,13.2252027448534,145.7,243.65999999999994,449.9280000000011,0.609375,92.52977428043808,0.6585717999842018,nan,2935.139342508091
3001,high,Price-x2,1603,1573,448.52434314823944,1091.7268842953347,11.72800998128509,17.477777777777778,193.82394630113072,34.30348734756506,0.4090134858878743,0.9320946339192178,1.122894572676232,0.0,85.65190268247036,13.2252027448534,146.2,271.79999999999995,412.18000000000023,0.640625,93.69689899571152,0.6837206000054721,nan,2827.178236233528
3001,high,LHS-0.30,1603,1586,463.3503469664639,1111.2852553789082,14.348097317529632,17.622222222222224,173.82294710143253,16.078386169436385,0.383341227798699,0.9247761738299424,0.37429819089207733,0.0,90.20586400499064,9.41983780411728,149.1,264.91999999999973,446.9640000000011,0.6875,100.63341231356151,0.6831726999953389,nan,2829.445614576209
3001,high,LHS-0.70,1603,1357,419.057674933336,931.004478722305,21.14784778540237,15.077777777777778,348.2000401425145,24.736381091917384,0.4831823524219738,0.9551998714758853,14.722395508421709,0.0,42.60761072988147,42.669993761696816,136.3,254.17999999999984,420.84000000000003,0.609375,96.57262467279963,0.6310018000076525,nan,3063.3827034670226
3002,high,Reference,1605,1595,415.5861722834305,925.1747569341148,9.906542056074766,17.72222222222222,191.9723781884119,18.33452241187867,0.3737456151216488,0.9176707619378206,0.43613707165109034,0.0,90.34267912772586,9.221183800623052,148.35000000000002,267.75,435.0199999999995,0.6875,100.29687876292627,0.6854649999877438,nan,2838.948742874975
3002,high,Refresh-2s,1605,1595,415.04496395156724,911.2796212283923,10.15576323987539,17.72222222222222,193.79863934932044,18.451824763499374,0.37396802815642693,0.9199064801512816,0.43613707165109034,0.0,90.59190031152647,8.97196261682243,146.4,235.75,416.90999999999894,0.65625,99.50899796727819,0.6594880999764428,nan,2950.7734863896894
3002,high,Refresh-5s,1605,1592,419.44924384422336,951.6968387684539,10.404984423676012,17.68888888888889,196.30687268569528,18.551319061322765,0.3754120829950715,0.915234402662701,0.5607476635514018,0.0,89.84423676012462,9.595015576323988,146.1,271.0,460.03999999999996,0.625,93.53652159506838,0.6681882000120822,nan,2912.353136384049
3002,high,Refresh-15s,1605,1596,420.5161554635589,942.0210858865636,10.529595015576325,17.733333333333334,190.8612005733264,18.340755442587408,0.37516783177639534,0.9123326967997135,0.37383177570093457,0.0,91.33956386292834,8.286604361370717,148.8,267.525,488.155,0.6875,100.801115950643,0.6820361000136472,nan,2853.2214056720186
3002,high,Refresh-30s,1605,1595,412.99038118674315,930.2335343804273,9.034267912772586,17.72222222222222,194.53919967446876,18.484386514993208,0.37352710802439953,0.9121949949672,0.43613707165109034,0.0,90.52959501557632,9.034267912772586,146.5,289.45000000000005,433.8099999999993,0.671875,98.21332511692063,0.6840975999948569,nan,2844.6233403166893
3002,high,Latency-dominant,1605,1596,350.3525200809253,674.3916406059863,6.105919003115265,17.733333333333334,271.91717256377325,22.214597572746154,0.43375378160343625,0.8170570039770216,0.37383177570093457,0.0,85.9190031152648,13.707165109034268,153.3,262.15,419.9949999999997,0.703125,102.1453241984492,0.6883574999810662,nan,2827.0193904381463
3002,high,Energy-dominant,1605,1596,449.6923193689456,1016.9607283930657,13.08411214953271,17.733333333333334,179.7693605076015,18.809613780027313,0.2083355985549007,0.932838672954952,0.37383177570093457,0.0,89.7196261682243,9.906542056074766,147.9,292.35,527.8799999999999,0.671875,97.40061585357408,0.6898057000071276,nan,2821.084256015705
3002,high,Cost-dominant,1605,1594,444.1731931621411,1015.8624805482655,11.77570093457944,17.711111111111112,190.74274334847001,18.164647186017213,0.23269160742441583,0.9048283521460303,0.43613707165109034,0.0,90.40498442367601,9.158878504672897,157.4,310.15,501.18999999999994,0.75,100.69645697566605,0.7448126999952365,nan,2612.7374036619485
3002,high,Accuracy-dominant,1605,1593,423.8172913039918,962.4595650079257,11.277258566978194,17.7,186.41613285241917,18.214832251012165,0.25108757363718953,0.9124560110947386,0.5607476635514018,0.0,90.59190031152647,8.847352024922118,148.9,271.375,475.0749999999997,0.671875,98.23260985040777,0.6839632999908645,nan,2845.1818979556247
3002,high,Price-x0.5,1605,1595,415.5861722834305,925.1747569341148,9.906542056074766,17.72222222222222,191.9723781884119,9.167261205939335,0.3602605950745786,0.9176707619378206,0.43613707165109034,0.0,90.34267912772586,9.221183800623052,147.7,244.95,421.81499999999994,0.640625,96.04496395665608,0.6670053000270855,nan,2917.518046589701
3002,high,Price-x2,1605,1595,415.5861722834305,925.1747569341148,9.906542056074766,17.72222222222222,191.9723781884119,36.66904482375734,0.3988144743138912,0.9176707619378206,0.43613707165109034,0.0,90.34267912772586,9.221183800623052,150.0,266.775,488.60499999999956,0.6875,99.81559884659913,0.6887701000086963,nan,2825.325896079737
3002,high,LHS-0.30,1605,1601,433.8528084652642,1000.7957650063446,12.274143302180685,17.788888888888888,176.24459433585895,17.52399318269587,0.37657266143973334,0.928119519324456,0.06230529595015576,0.0,94.39252336448598,5.545171339563863,154.9,288.90000000000003,453.17999999999944,0.6875,98.23307630103582,0.6998660999815911,nan,2780.531876099137
3002,high,LHS-0.70,1605,1276,414.5959720192721,941.872316718784,27.289719626168225,14.177777777777777,382.3907875609118,26.713098683965264,0.5212538959783097,0.7994079323523217,20.373831775700936,0.0,28.722741433021806,50.90342679127726,132.5,223.67499999999998,381.2899999999995,0.59375,98.1012067410093,0.605242299992824,nan,3215.241234829543
3003,high,Reference,1670,1650,424.1608275162235,1014.9567075668226,11.317365269461078,18.333333333333332,206.77409763963806,18.5270825627176,0.38114948513439617,0.9607201280846472,0.8383233532934131,0.0,89.16167664670658,10.0,148.3,247.175,424.6449999999996,0.6875,99.01623232463271,0.6943306000030134,nan,2874.711268654064
3003,high,Refresh-2s,1670,1642,424.616401965064,957.8829485787302,12.81437125748503,18.244444444444444,208.67392861164035,18.614294274144015,0.38544560187382065,0.9675233776426326,1.3173652694610778,0.0,89.04191616766467,9.640718562874252,149.1,253.825,435.9549999999999,0.6875,99.77440100593954,0.6890545000205748,nan,2896.7229732051683
3003,high,Refresh-5s,1670,1650,421.49397120550435,964.9090895357241,11.017964071856287,18.333333333333332,209.21732355282074,18.66684734395498,0.37997267468360113,0.9649065313038203,0.718562874251497,0.0,89.46107784431138,9.820359281437126,148.6,274.35,489.40999999999997,0.703125,100.55254023011486,0.6992613000038546,nan,2854.4408220346204
3003,high,Refresh-15s,1670,1657,421.38770017448223,956.2432029715196,11.137724550898204,18.41111111111111,203.80363932731558,18.370060861641406,0.37958343158065155,0.9624282019414867,0.41916167664670656,0.0,90.89820359281437,8.682634730538922,147.1,251.55,449.45499999999976,0.6875,100.1758870002349,0.6862929000053555,nan,2908.3792065813655
3003,high,Refresh-30s,1670,1658,428.0529173313398,979.8664272246674,11.8562874251497,18.42222222222222,200.68253567407908,18.224422827122822,0.37989912987797847,0.9677220709280622,0.3592814371257485,0.0,90.59880239520957,9.04191616766467,152.2,269.525,437.44499999999977,0.703125,97.79600320574212,0.7189710999955423,nan,2776.1894741142937
3003,high,Latency-dominant,1670,1648,354.1940729786633,665.8705425957876,6.526946107784431,18.31111111111111,286.5801892045438,22.582398442677093,0.44556680483940575,0.879724374308258,1.0179640718562875,0.0,84.19161676646706,14.790419161676647,151.3,270.125,407.68499999999983,0.671875,97.20146581614999,0.6912190000002738,nan,2887.652104469364
3003,high,Energy-dominant,1670,1647,435.5377188955564,990.9034363365066,11.497005988023952,18.3,192.40634290075243,18.311801653342403,0.21305537430437216,0.9750795664926258,1.0778443113772456,0.0,89.94011976047904,8.982035928143713,145.6,269.025,409.86999999999995,0.671875,98.55256263911842,0.6817427999922074,nan,2927.790363202684
3003,high,Cost-dominant,1670,1643,465.8934127116884,1147.4893996571832,17.065868263473053,18.255555555555556,202.89958286102723,18.033853277391188,0.24079348964590502,0.9226790191228206,1.2574850299401197,0.0,89.10179640718563,9.640718562874252,145.9,248.325,420.6249999999998,0.640625,93.51175485494386,0.6850743000104558,nan,2913.5525883390114
3003,high,Accuracy-dominant,1670,1649,426.45646730417764,1012.1241565705022,11.317365269461078,18.322222222222223,204.27980559435122,18.429415695996354,0.2529356912621749,0.96604380715818,0.9580838323353293,0.0,88.74251497005989,10.29940119760479,150.1,274.0,463.51999999999964,0.703125,99.28105338726306,0.7082166999753099,nan,2818.346418645007
3003,high,Price-x0.5,1670,1650,424.1608275162235,1014.9567075668226,11.317365269461078,18.333333333333332,206.77409763963806,9.2635412813588,0.3687656188656661,0.9607201280846472,0.8383233532934131,0.0,89.16167664670658,10.0,149.75,264.575,443.6999999999997,0.6875,98.54145742890336,0.6976759000099264,nan,2860.927258590416
3003,high,Price-x2,1670,1650,424.1608275162235,1014.9567075668226,11.317365269461078,18.333333333333332,206.77409763963806,37.0541651254352,0.40358273691666974,0.9607201280846472,0.8383233532934131,0.0,89.16167664670658,10.0,153.8,302.72499999999997,496.9199999999999,0.71875,98.24781934381998,0.7315683999913745,nan,2728.384659621074
3003,high,LHS-0.30,1670,1659,432.9546934451936,978.1505962904814,12.634730538922156,18.433333333333334,195.24297989789778,17.94702282377726,0.37931251611864825,0.9686568568110062,0.3592814371257485,0.0,92.33532934131736,7.3053892215568865,154.1,296.45,551.8849999999999,0.703125,96.77359417576152,0.7265670000051614,nan,2747.1657809752173
3003,high,LHS-0.70,1670,1419,408.3266340147497,886.0532107639887,20.838323353293415,15.766666666666667,348.93733815228114,25.11607447897902,0.4793399978213485,0.9112934683906944,14.790419161676647,0.0,45.209580838323355,40.0,134.0,247.2,424.01,0.625,98.01609157731998,0.6376503999927081,nan,3130.2419006132914
3004,high,Reference,1670,1619,421.29072232291105,932.3389047305737,14.610778443113773,17.988888888888887,211.40093935298023,17.588450541306894,0.388429840954023,0.9503101530333605,2.694610778443114,0.0,84.25149700598803,13.053892215568862,148.6,270.95,416.35,0.703125,97.57380013802785,0.7206084000063129,nan,2846.206066959575
3004,high,Refresh-2s,1670,1629,418.6451770146821,892.0267752675301,12.51497005988024,18.1,210.8552636335674,17.601954448925735,0.38367686094890385,0.9588379084465105,2.095808383233533,0.0,84.97005988023952,12.934131736526947,147.3,261.29999999999995,460.6,0.671875,93.84426329038851,0.7159467999881599,nan,2864.7379945464086
3004,high,Refresh-5s,1670,1620,420.7426915557988,915.7618506390218,14.191616766467066,18.0,203.2018290580724,17.115310185128784,0.3871022308482108,0.9373345283302146,2.5748502994011977,0.0,86.10778443113773,11.317365269461078,145.6,242.85,462.79999999999995,0.71875,101.83510038647455,0.7057979000092018,nan,2905.9310037239557
3004,high,Refresh-15s,1670,1657,415.05182033741295,925.5226392528313,11.017964071856287,18.41111111111111,195.40357920036098,16.778581303238052,0.371333577998422,0.9544469321646342,0.47904191616766467,0.0,90.0,9.520958083832335,146.7,271.25,438.20000000000005,0.6875,96.52946051066324,0.7122177999990527,nan,2879.737069198113
3004,high,Refresh-30s,1670,1655,403.21074470598074,873.5765566379996,10.059880239520957,18.38888888888889,208.1523767555421,17.458655916869393,0.3681580312821861,0.9513577368393057,0.5389221556886228,0.0,88.08383233532935,11.377245508982035,147.0,252.95,452.55,0.703125,99.36866187013521,0.7075922999938484,nan,2898.561784826984
3004,high,Latency-dominant,1670,1620,363.3751055149817,704.1825814022332,10.419161676646707,18.0,270.99715080910914,20.75351961570764,0.45441692990779503,0.8775462329436603,2.694610778443114,0.0,80.47904191616766,16.82634730538922,149.4,259.15,427.25,0.703125,99.88552852143188,0.7039307999948505,nan,2913.638670186052
3004,high,Energy-dominant,1670,1619,451.45249721747706,1016.2390370477168,17.065868263473053,17.988888888888887,196.89325053899012,16.990623864078024,0.2250192917257662,0.9324871456722175,2.694610778443114,0.0,84.13173652694611,13.173652694610778,145.1,240.85,432.85,0.703125,100.20462050574935,0.7016892000101507,nan,2922.946512459263
3004,high,Cost-dominant,1670,1616,457.61756334406664,1031.5589577603946,18.44311377245509,17.955555555555556,206.11453626623694,17.304097071086208,0.24795834892402294,0.8997705282648211,2.874251497005988,0.0,83.17365269461078,13.952095808383234,144.4,251.45,468.35,0.65625,93.88207867396484,0.6990151999925729,nan,2934.127898823648
3004,high,Accuracy-dominant,1670,1616,437.3209325798489,956.5527262029008,15.928143712574851,17.955555555555556,204.09495253235914,17.21930764148582,0.25389943457477754,0.9479126016577432,2.934131736526946,0.0,83.77245508982035,13.293413173652695,144.5,249.64999999999998,437.95,0.703125,100.7303875375759,0.6980266999744345,nan,2938.283019940525
3004,high,Price-x0.5,1670,1619,421.29072232291105,932.3389047305737,14.610778443113773,17.988888888888887,211.40093935298023,8.794225270653447,0.3760962482435958,0.9503101530333605,2.694610778443114,0.0,84.25149700598803,13.053892215568862,145.9,241.89999999999998,421.4,0.6875,99.37356351044237,0.6918338999967091,nan,2964.5844183260697
3004,high,Price-x2,1670,1619,421.29072232291105,932.3389047305737,14.610778443113773,17.988888888888887,211.40093935298023,35.17690108261379,0.4104519843435874,0.9503101530333605,2.694610778443114,0.0,84.25149700598803,13.053892215568862,145.9,250.55,421.9,0.6875,98.60545354903087,0.6972230999963358,nan,2941.669603331816
3004,high,LHS-0.30,1670,1656,434.79891866836056,1061.609034545193,13.233532934131736,18.4,182.5528042172566,15.993995681400033,0.3740219415093806,0.9345224567483879,0.47904191616766467,0.0,92.51497005988024,7.005988023952096,150.1,277.9,395.9,0.71875,100.58161713851429,0.7145937999885064,nan,2870.1620417543345
3004,high,LHS-0.70,1670,1343,417.2359026137643,933.3689357060817,26.46706586826347,14.922222222222222,334.18225805388494,23.605339719939916,0.5075549332313724,0.966533747859782,19.281437125748504,0.0,39.40119760479042,41.31736526946108,133.4,229.45,407.8,0.65625,102.1434799542206,0.6424785999988671,nan,3192.3242268359077
3005,high,Reference,1620,1596,424.61552899028175,919.6337860498289,10.864197530864198,17.733333333333334,250.4493051909217,22.25267996609639,0.40482100681032734,0.9237046815906501,1.1728395061728396,0.0,80.0,18.82716049382716,146.2,254.05,411.6,0.65625,97.2330835183064,0.6749245999963023,nan,2890.693271530907
3005,high,Refresh-2s,1620,1596,428.0392228077423,968.3622876331839,10.493827160493828,17.733333333333334,245.62699493273973,22.025173082602095,0.4049578657658024,0.9380919505873221,1.1728395061728396,0.0,80.37037037037037,18.45679012345679,144.2,259.70000000000005,437.85,0.671875,100.57301357332099,0.6680470000137575,nan,2920.4532015858495
3005,high,Refresh-5s,1620,1591,425.6203788752559,900.2579277551099,11.358024691358025,17.677777777777777,243.66115917075828,21.89786855185173,0.4061067811018316,0.9274699573250019,1.4814814814814814,0.0,80.80246913580247,17.71604938271605,146.5,270.45,465.2,0.6875,100.55331380481634,0.6837169000064023,nan,2853.5202215737695
3005,high,Refresh-15s,1620,1594,429.081442610158,924.189537568951,11.604938271604938,17.711111111111112,240.6001055094065,21.766649939784354,0.40588518300916643,0.9249391155735954,1.2962962962962963,0.0,81.54320987654322,17.160493827160494,147.2,255.70000000000002,457.70000000000005,0.671875,98.52672213130028,0.6819216000149027,nan,2861.032705163413
3005,high,Refresh-30s,1620,1597,440.1209534406393,996.9155196951142,13.209876543209877,17.744444444444444,230.16914437436242,21.29267742647117,0.40635795860006924,0.9333131751261625,1.0493827160493827,0.0,82.96296296296296,15.987654320987655,145.1,268.65,436.5,0.65625,97.44655140160155,0.6734461000014562,nan,2897.039570049899
3005,high,Latency-dominant,1620,1587,376.95458253907333,697.3514042429355,9.506172839506172,17.633333333333333,313.0027149536934,25.15399640684134,0.47786039158876986,0.8220374894338304,1.728395061728395,0.0,75.55555555555556,22.71604938271605,147.2,262.0,416.9,0.671875,99.95899728378174,0.6721506000030786,nan,2902.623310893517
3005,high,Energy-dominant,1620,1592,444.5379466986106,1005.6977545604794,12.098765432098766,17.68888888888889,223.52955207291282,21.060677805627773,0.23259369198650448,0.971049520556942,1.3580246913580247,0.0,82.5925925925926,16.049382716049383,144.6,248.35,409.8,0.671875,101.30965583478759,0.6631895000173245,nan,2941.8439223616087
3005,high,Cost-dominant,1620,1589,443.2371120114874,951.2995760889614,13.024691358024691,17.655555555555555,240.55703996886487,21.686400492461797,0.26427333592900026,0.9050791119490034,1.6049382716049383,0.0,80.37037037037037,18.02469135802469,143.2,242.8,434.35,0.671875,102.09621866830021,0.658080199995311,nan,2964.6842436741017
3005,high,Accuracy-dominant,1620,1594,430.10336834557813,937.7997784584336,10.432098765432098,17.711111111111112,238.8013691796377,21.693388384850344,0.2770076489533881,0.9472500909413439,1.2962962962962963,0.0,80.49382716049382,18.209876543209877,146.4,270.6,462.1,0.640625,93.14762114956288,0.6877524000010453,nan,2836.776723711956
3005,high,Price-x0.5,1620,1596,424.61552899028175,919.6337860498289,10.864197530864198,17.733333333333334,250.4493051909217,11.126339983048195,0.3895995041353701,0.9237046815906501,1.1728395061728396,0.0,80.0,18.82716049382716,144.5,236.75,386.25,0.65625,99.81530555798582,0.657464300020365,nan,2967.4615031410335
3005,high,Price-x2,1620,1596,424.61552899028175,919.6337860498289,10.864197530864198,17.733333333333334,250.4493051909217,44.50535993219278,0.4315280745291392,0.9237046815906501,1.1728395061728396,0.0,80.0,18.82716049382716,145.7,249.5,469.65,0.65625,97.97436050239635,0.6698180999956094,nan,2912.731083278861
3005,high,LHS-0.30,1620,1597,432.3107938939891,938.0197651755593,11.604938271604938,17.744444444444444,239.2369080336354,21.718626055248887,0.4051125390121911,0.9310235222677187,1.0493827160493827,0.0,82.34567901234568,16.604938271604937,147.8,260.15,408.75,0.65625,97.62122548088057,0.6722410999936983,nan,2902.232547248731
3005,high,LHS-0.70,1620,1295,428.23541200720564,959.2434965287282,26.666666666666668,14.38888888888889,378.4151917320751,26.847351619405128,0.5248347123680479,0.9112511504243788,19.691358024691358,0.0,32.96296296296296,47.34567901234568,131.4,223.14999999999998,378.79999999999995,0.609375,101.49296040290427,0.6004111000220291,nan,3249.4402583969845
3006,high,Reference,1620,1587,422.1598097490968,952.2869069786985,11.54320987654321,17.633333333333333,202.2390411980593,17.580719353637072,0.3847446487606054,0.964394520758192,1.5432098765432098,0.0,88.0246913580247,10.432098765432098,155.8,306.42499999999995,483.17499999999995,0.734375,99.63517415226818,0.737063999986276,nan,2680.9069497856262
3006,high,Refresh-2s,1620,1584,426.12063163187105,973.5590133774082,11.790123456790123,17.6,204.4275167027685,17.68571278408197,0.38585714822531225,0.9622897937186107,1.6666666666666667,0.0,87.22222222222223,11.11111111111111,154.3,247.575,382.275,0.6875,98.02446833293483,0.7013555000012275,nan,2817.401446194607
3006,high,Refresh-5s,1620,1591,428.7520222268893,958.0462108666792,10.987654320987655,17.677777777777777,197.74453479188065,17.376833136480464,0.38240306998405704,0.965483371770698,1.2345679012345678,0.0,89.07407407407408,9.691358024691358,143.6,219.475,399.09999999999997,0.625,96.0368437284454,0.6507918999996036,nan,3036.3008513185296
3006,high,Refresh-15s,1620,1596,423.05787384326186,968.5608391140164,11.296296296296296,17.733333333333334,200.17839435035444,17.508213024208263,0.3796869805066118,0.9604843060595535,0.9259259259259259,0.0,89.5679012345679,9.506172839506172,144.45,221.75,373.85,0.65625,100.52704510765389,0.6528093999950215,nan,3026.9171982129383
3006,high,Refresh-30s,1620,1599,426.41201017016965,959.5826418363449,11.666666666666666,17.766666666666666,196.92071347751167,17.320307823969237,0.37844910389689973,0.9633868334449825,0.6172839506172839,0.0,90.24691358024691,9.135802469135802,145.7,246.2,390.6,0.65625,97.9328666320217,0.6701018999738153,nan,2948.8052489885695
3006,high,Latency-dominant,1620,1592,357.9348355685034,667.4026797174738,7.901234567901234,17.68888888888889,287.01247611183476,22.081901030504834,0.4478155904419516,0.8714024511157165,1.2345679012345678,0.0,83.14814814814815,15.617283950617283,146.5,234.475,389.525,0.640625,98.03741528480045,0.653449500008719,nan,3023.9521186773177
3006,high,Energy-dominant,1620,1588,460.19980806804335,1046.7142180170351,14.382716049382717,17.644444444444446,186.91382698928155,17.262512304012557,0.2177083697956149,0.9581624070650406,1.4814814814814814,0.0,86.29629629629629,12.222222222222221,143.9,250.5,391.85,0.671875,100.00485232642318,0.671842400013702,nan,2941.1659638625074
3006,high,Cost-dominant,1620,1589,468.5264985177378,1090.2150257739459,15.493827160493828,17.655555555555555,191.19937529238018,16.76626340994369,0.23738737443444907,0.9571183393265773,1.2962962962962963,0.0,87.71604938271605,10.987654320987655,142.7,238.875,367.175,0.65625,100.02601819476992,0.6560793000098784,nan,3011.8310392817575
3006,high,Accuracy-dominant,1620,1588,427.175153244115,948.4166996822623,10.925925925925926,17.644444444444446,194.52924772559294,17.227200462146296,0.25399787428221593,0.9809019952890641,1.4814814814814814,0.0,87.8395061728395,10.679012345679013,143.5,190.125,320.35,0.640625,99.85563116250064,0.6415512000094168,nan,3080.034765691337
3006,high,Price-x0.5,1620,1587,422.1598097490968,952.2869069786985,11.54320987654321,17.633333333333333,202.2390411980593,8.790359676818536,0.3724344222759168,0.964394520758192,1.5432098765432098,0.0,88.0246913580247,10.432098765432098,164.95,309.9,528.725,0.734375,84.3714686044874,0.8704068000079133,nan,2270.2028522548712
3006,high,Price-x2,1620,1587,422.1598097490968,952.2869069786985,11.54320987654321,17.633333333333333,202.2390411980593,35.161438707274144,0.4068576439547591,0.964394520758192,1.5432098765432098,0.0,88.0246913580247,10.432098765432098,185.3,541.65,955.625,1.046875,98.54936279410035,1.062284899991937,nan,1860.1412860288217
3006,high,LHS-0.30,1620,1600,438.3700934056453,1014.1505382749413,12.716049382716049,17.77777777777778,189.3817970568718,16.848305815393836,0.3818520776185881,0.9506307837217558,0.6172839506172839,0.0,91.41975308641975,7.962962962962963,186.2,575.9,1411.1,1.0,89.92665042751992,1.1120174000097904,nan,1776.9506124477934
3006,high,LHS-0.70,1620,1258,435.1850970305083,953.6985507056071,30.0,13.977777777777778,342.32991819273207,24.087418399555915,0.5316982583265532,0.9659075084136011,21.91358024691358,0.0,35.80246913580247,42.28395061728395,179.64999999999998,359.725,583.675,0.84375,97.263985697538,0.8674844999914058,nan,2277.850497639527
3007,high,Reference,1557,1459,436.41838499807693,973.6509739175922,16.249197174052664,16.211111111111112,223.63000804913253,18.57317579202912,0.41620668712172426,0.9405853819442669,6.229929351316635,0.0,77.90622992935131,15.86384071933205,209.9,511.5199999999998,937.0279999999984,1.015625,92.4000382846371,1.0991607999894768,nan,1764.073100149281
3007,high,Refresh-2s,1557,1455,431.5889421555673,984.5158424636953,15.73538856775851,16.166666666666668,223.0591048753725,18.51918778304761,0.4158710920635557,0.9333906576984373,6.486833654463712,0.0,77.77777777777777,15.73538856775851,180.6,325.32999999999987,566.3199999999999,0.796875,96.74403437326316,0.8236942000221461,nan,2354.028958742052
3007,high,Refresh-5s,1557,1469,432.40909263878456,1014.2793593487287,15.157353885677585,16.322222222222223,221.144816207341,18.4447738344544,0.4103154103617255,0.930011862396204,5.5876685934489405,0.0,79.12652536929994,15.285806037251124,185.9,335.03999999999996,495.03399999999937,0.84375,101.01918328908114,0.8352373999950942,nan,2321.4956610077434
3007,high,Refresh-15s,1557,1524,425.5265546578145,943.215931340518,12.010276172125883,16.933333333333334,208.40407927657324,17.96726885589015,0.385991035379277,0.9372991090015822,2.055234425176622,0.0,86.19139370584458,11.753371868978805,198.3,353.5999999999998,493.7999999999978,0.890625,98.46478407319572,0.9045112000021618,nan,2143.699270938122
3007,high,Refresh-30s,1557,1549,424.77606517335647,947.1078062785604,10.597302504816955,17.211111111111112,200.67194697084787,17.61695444049208,0.3735460303843456,0.9383324564695141,0.25690430314707774,0.0,89.72382787411689,10.019267822736031,180.7,328.41999999999996,474.8039999999979,0.828125,100.442218664952,0.8244789999735076,nan,2351.788220272808
3007,high,Latency-dominant,1557,1456,367.6005451042453,716.7475685522987,12.909441233140655,16.177777777777777,293.2878321562705,22.11406801875245,0.4747834002429223,0.8110173008329299,6.422607578676943,0.0,73.60308285163777,19.974309569685293,175.1,300.90999999999997,460.83399999999995,0.734375,96.96766353565184,0.7573401000117883,nan,2560.276420025585
3007,high,Energy-dominant,1557,1460,463.8140965294919,1114.0277562563697,17.21258831085421,16.22222222222222,205.02948779674728,18.326565563575564,0.26485446900633103,0.9495726640091886,6.165703275529865,0.0,77.64932562620425,16.184971098265898,151.6,257.0899999999999,377.44599999999963,0.65625,95.89772546043741,0.6843227999925148,nan,2833.4581282710574
3007,high,Cost-dominant,1557,1458,484.6504168180996,1224.23818871855,20.745022479126526,16.2,221.33768274825167,18.163699010697858,0.2899858044500535,0.9125601592907957,6.294155427103404,0.0,77.58509955041747,16.120745022479127,176.6,305.25999999999993,449.0579999999999,0.78125,96.30730963180345,0.8112052999786101,nan,2390.270379213656
3007,high,Accuracy-dominant,1557,1459,440.829805791009,1019.7689473098216,15.86384071933205,16.211111111111112,217.73250312956,18.36299557627062,0.2890652440479646,0.9544080985605892,6.229929351316635,0.0,78.03468208092485,15.73538856775851,174.8,342.71999999999997,465.77199999999937,0.78125,97.85650109999368,0.7983628999791108,nan,2428.720072100963
3007,high,Price-x0.5,1557,1459,436.41838499807693,973.6509739175922,16.249197174052664,16.211111111111112,223.63000804913253,9.28658789601456,0.40218058379612026,0.9405853819442669,6.229929351316635,0.0,77.90622992935131,15.86384071933205,170.5,290.63999999999976,431.6459999999996,0.71875,94.79153642922716,0.7582428000168875,nan,2557.2283705916034
3007,high,Price-x2,1557,1459,436.41838499807693,973.6509739175922,16.249197174052664,16.211111111111112,223.63000804913253,37.14635158405824,0.4410898384807009,0.9405853819442669,6.229929351316635,0.0,77.90622992935131,15.86384071933205,162.7,261.53999999999985,371.96399999999977,0.71875,100.60953631130323,0.7143955000210553,nan,2714.1828300190186
3007,high,LHS-0.30,1557,1551,433.634157582164,946.7333926276114,11.432241490044959,17.233333333333334,186.04895731102434,16.830149748355897,0.3737364514095452,0.9457429198603764,0.06422607578676943,0.0,93.44894026974951,6.486833654463712,175.6,310.56999999999965,459.22999999999985,0.796875,98.31094547656673,0.8105658999993466,nan,2392.155899972554
3007,high,LHS-0.70,1557,1338,413.35680493079167,913.393778510707,20.23121387283237,14.866666666666667,304.34974975053404,22.542466070949313,0.4706212455661528,0.923239605863975,14.001284521515736,0.0,50.35324341682723,35.64547206165703,158.8,286.9899999999999,443.927999999999,0.703125,96.70186969947461,0.7271059000049718,nan,2666.7367160502226
3008,high,Reference,1655,1510,432.70547991985813,930.2538506104952,18.851963746223564,16.77777777777778,276.48231263519244,22.57383025765687,0.44302948977650886,0.9553248507204007,8.277945619335348,0.0,65.6797583081571,26.042296072507554,163.6,285.9399999999999,424.1199999999993,0.75,97.67493287474406,0.7678530999983195,nan,2626.8045281114505
3008,high,Refresh-2s,1655,1524,427.6827222606758,919.379982625692,17.462235649546827,16.933333333333334,279.3212162104028,22.755646011254637,0.4375461934874528,0.9583429245554469,7.492447129909365,0.0,66.58610271903324,25.921450151057403,169.6,304.17999999999967,444.972,0.84375,100.58687898848926,0.8388271000003442,nan,2404.5479694196483
3008,high,Refresh-5s,1655,1503,443.6993053554479,945.0066398992334,20.845921450151057,16.7,266.65220112881946,22.022796220868425,0.4492367057549097,0.9601524551761995,8.700906344410877,0.0,66.64652567975831,24.652567975830816,162.6,277.21999999999946,421.6919999999999,0.71875,95.28222096740717,0.7543379999988247,nan,2673.867682661012
3008,high,Refresh-15s,1655,1516,449.381131030766,1034.9722175234463,20.362537764350453,16.844444444444445,252.93371877401702,21.272313619110975,0.4428253767570238,0.9503770397809993,7.9154078549848945,0.0,70.6344410876133,21.45015105740181,171.3,304.5999999999999,455.84399999999926,0.8125,99.99424033088162,0.8125468000071123,nan,2482.318556890932
3008,high,Refresh-30s,1655,1486,441.39717474940073,919.2098653521398,21.691842900302113,16.511111111111113,267.4659231200097,21.86613675238893,0.45549704816400244,0.948073424838763,9.84894259818731,0.0,65.98187311178248,24.169184290030213,165.0,277.9,428.3919999999979,0.71875,94.33552419414217,0.7619080999866128,nan,2647.30090155944
3008,high,Latency-dominant,1655,1511,383.51632334462494,743.7505660752258,16.07250755287009,16.788888888888888,329.0193545516631,25.195075892700697,0.5083901147068461,0.8804143187731248,8.217522658610273,0.0,63.081570996978854,28.700906344410875,173.9,314.5799999999999,414.152,0.828125,100.67154072020135,0.8226008999918122,nan,2451.9788393376134
3008,high,Energy-dominant,1655,1509,426.3038410765164,853.1838308943627,17.522658610271904,16.766666666666666,273.2026035931571,22.44942393634805,0.294310504115538,0.969675718893135,8.3987915407855,0.0,64.95468277945619,26.64652567975831,146.2,262.8799999999998,425.0119999999995,0.640625,92.25743225776822,0.6943885000073351,nan,2904.7140037294594
3008,high,Cost-dominant,1655,1511,453.680637359208,984.4947173007969,20.966767371601208,16.788888888888888,276.9928025734041,22.403570107023185,0.31761616922265196,0.9195154904294799,8.217522658610273,0.0,65.31722054380664,26.46525679758308,164.3,280.15999999999985,441.0039999999987,0.75,96.69969111532572,0.7755971000005957,nan,2600.5770263948266
3008,high,Accuracy-dominant,1655,1508,435.0444900233268,889.167551658776,18.731117824773413,16.755555555555556,274.29425306014866,22.35776165980699,0.31104814892797095,0.9502185010441643,8.3987915407855,0.0,65.98187311178248,25.619335347432024,171.8,308.84,467.5639999999996,0.828125,99.90565889571013,0.8289070000173524,nan,2433.3248482131
3008,high,Price-x0.5,1655,1510,432.70547991985813,930.2538506104952,18.851963746223564,16.77777777777778,276.48231263519244,11.286915128828435,0.4274798935366766,0.9553248507204007,8.277945619335348,0.0,65.6797583081571,26.042296072507554,169.6,318.17999999999967,474.92799999999966,0.8125,98.04870408131308,0.8286697999865282,nan,2434.021367778566
3008,high,Price-x2,1655,1510,432.70547991985813,930.2538506104952,18.851963746223564,16.77777777777778,276.48231263519244,45.14766051531374,0.46948896013733027,0.9553248507204007,8.277945619335348,0.0,65.6797583081571,26.042296072507554,166.7,285.15999999999997,416.15199999999936,0.765625,98.33969836051868,0.778551299998071,nan,2590.7091799923746
3008,high,LHS-0.30,1655,1630,436.07703606210987,913.171163976207,13.534743202416918,18.11111111111111,224.58104085654523,20.277763075954432,0.39608335423796487,0.9409235765391046,1.0876132930513596,0.0,85.55891238670695,13.353474320241691,158.1,271.12,420.3799999999998,0.734375,101.21324968498169,0.7255719999957364,nan,2779.875739432961
3008,high,LHS-0.70,1655,1320,431.95673499605704,921.9977989202928,28.942598187311177,14.666666666666666,355.0991575030253,25.765388446459568,0.5231821559844576,0.964137192304461,19.87915407854985,0.0,36.616314199395774,43.50453172205438,133.8,238.03999999999996,345.5,0.625,97.47426250537043,0.641194900003029,nan,3145.689399573315
3009,high,Reference,1687,1577,422.506027413662,949.4491926271922,15.056312981624185,17.522222222222222,239.36495565770863,18.968512476675897,0.40895618933979283,0.9460852501104822,5.868405453467694,0.0,80.14226437462952,13.989330171902786,165.1,387.5,715.100000000002,0.890625,96.0934045723142,0.9268325999728404,nan,2234.4919676548793
3009,high,Refresh-2s,1687,1589,424.6063298224073,973.7687544817278,14.700652045050385,17.655555555555555,238.96875631369699,18.976086443402504,0.40442943784712,0.9502281040647733,5.157083580320095,0.0,81.20924718435091,13.633669235328986,154.0,310.5,533.960000000001,0.765625,97.0500338927243,0.7888972000218928,nan,2625.1836106688265
3009,high,Refresh-5s,1687,1634,414.9834675450434,911.8985819091279,11.558980438648488,18.155555555555555,237.8574650345132,19.034788237867847,0.38617967622751004,0.9513814295430978,2.4896265560165975,0.0,85.47717842323651,12.033195020746888,164.6,294.65,431.4300000000009,0.765625,97.19184899593635,0.7877461000171024,nan,2629.0196802688547
3009,high,Refresh-15s,1687,1657,424.5640999796623,972.8818865633972,10.729104919976288,18.41111111111111,226.17076567731073,18.458750022684928,0.37744471890525294,0.9594455670802363,1.1262596324836989,0.0,88.02608180201541,10.84765856550089,157.8,356.5,707.0100000000067,0.796875,98.37386079442018,0.8100474999810103,nan,2556.6401970854176
3009,high,Refresh-30s,1687,1658,419.59232727968265,932.5262060451189,9.42501481920569,18.42222222222222,227.04532073498711,18.482396618989178,0.37762604169182445,0.9617655191483478,1.066982809721399,0.0,89.0930646117368,9.83995257854179,159.2,364.15,642.1500000000013,0.859375,98.40844839359366,0.87327360000927,nan,2371.5362516146324
3009,high,Latency-dominant,1687,1588,369.60352862934576,699.0585250529911,11.855364552459989,17.644444444444446,306.73346187124105,22.640972583914966,0.47003896678177887,0.8624780209045619,5.334914048606994,0.0,77.71191464137522,16.953171310017783,187.4,335.35,478.3500000000028,0.875,96.41829717318497,0.9075041000032797,nan,2282.083353664755
3009,high,Energy-dominant,1687,1584,477.44769181846647,1145.2581671033774,19.97628927089508,17.6,223.9077367068585,18.42091317321142,0.25886266077124936,0.959339910796411,5.512744516893894,0.0,79.43094250148192,15.056312981624185,160.6,240.8,355.8800000000005,0.75,99.8553561871327,0.7510864000068977,nan,2757.339235514024
3009,high,Cost-dominant,1687,1582,474.6474714869764,1121.1046176081566,19.67990515708358,17.57777777777778,221.11127623892233,17.865930393547682,0.27492876956056156,0.94070661485103,5.572021339656194,0.0,80.20154119739182,14.226437462951985,165.9,284.3,435.49000000000024,0.828125,101.01239886237592,0.8198251000139862,nan,2526.1485650593872
3009,high,Accuracy-dominant,1687,1586,445.6813277340251,1023.0084671359077,16.123295791345583,17.622222222222224,225.77495552564858,18.253459419993924,0.2889306942255115,0.9510426030060414,5.394190871369295,0.0,80.55720213396562,14.048606994665086,175.6,310.1,420.0400000000023,0.875,101.39597341211024,0.8629533999774139,nan,2399.8978392740605
3009,high,Price-x0.5,1687,1577,422.506027413662,949.4491926271922,15.056312981624185,17.522222222222222,239.36495565770863,9.484256238337949,0.3965091822583008,0.9460852501104822,5.868405453467694,0.0,80.14226437462952,13.989330171902786,166.7,256.95000000000005,388.60000000000036,0.78125,101.17725646770062,0.7721596999908797,nan,2682.087656250982
3009,high,Price-x2,1687,1577,422.506027413662,949.4491926271922,15.056312981624185,17.522222222222222,239.36495565770863,37.937024953351795,0.4306817747222364,0.9460852501104822,5.868405453467694,0.0,80.14226437462952,13.989330171902786,184.6,323.0,472.3000000000005,0.890625,99.9337646006709,0.8912153000128455,nan,2323.7931395142673
3009,high,LHS-0.30,1687,1665,431.1932963584287,1006.3651667491715,12.388855957320688,18.5,215.2514764507166,17.78041973348445,0.3770144433530894,0.9543369112167294,0.6520450503852994,0.0,91.52341434499111,7.824540604623592,168.9,258.25,360.5700000000016,0.78125,98.86000651172984,0.7902589000004809,nan,2620.660140618144
3009,high,LHS-0.70,1687,1272,435.07306874349445,999.3955726883048,31.06105512744517,14.133333333333333,332.15157741794457,23.184457843959766,0.5376263807876476,0.9487241400797607,24.007113218731476,0.0,41.96799051570836,34.024896265560166,145.1,221.3,348.3900000000004,0.671875,99.46717424256967,0.6754740999895148,nan,3065.994684373757
3010,high,Reference,1658,1624,435.8108463825645,982.2346895643357,11.64053075995175,18.044444444444444,223.2065777354061,19.466774499861614,0.38875009760743334,0.9341568298049476,1.4475271411338964,0.0,86.06755126658625,12.484921592279855,153.8,312.75999999999993,526.408,0.78125,96.37662145698357,0.8106218999892008,nan,2507.9509942022096
3010,high,Refresh-2s,1658,1626,441.6579299468797,1044.5041409677237,12.18335343787696,18.066666666666666,217.93226535347586,19.218445641337805,0.3887293990268677,0.9401088515187068,1.2062726176115801,0.0,86.36911942098915,12.424607961399277,142.8,265.81999999999994,377.0360000000005,0.671875,95.63589991480812,0.7025342999841087,nan,2893.808885980352
3010,high,Refresh-5s,1658,1629,441.75105867743343,1049.1228622679928,11.218335343787697,18.1,214.86866095104617,19.04421112364964,0.3854948222314278,0.9370325730037229,1.0253317249698433,0.0,86.97225572979494,12.002412545235224,147.7,288.97999999999996,466.25200000000086,0.734375,97.79214466965738,0.7509549999958836,nan,2707.219473884779
3010,high,Refresh-15s,1658,1614,433.21098092453155,975.5844673591661,11.64053075995175,17.933333333333334,226.08908673892643,19.549870472169314,0.3916678679971558,0.933338415587665,1.9300361881785284,0.0,84.01688781664656,14.05307599517491,185.9,326.15999999999985,479.57600000000053,0.90625,100.8924514834002,0.8982337000197731,nan,2263.33080127727
3010,high,Refresh-30s,1658,1626,445.49982922876916,1017.3535435901144,13.329312424607961,18.066666666666666,223.11652607768113,19.433251841320544,0.38876704783922067,0.9379258493719631,1.2062726176115801,0.0,84.49939686369119,14.294330518697226,179.4,316.9,483.7480000000001,0.796875,93.34104542818868,0.8537240999867208,nan,2381.3313926965657
3010,high,Latency-dominant,1658,1623,365.26778687822093,706.1093227069083,8.323281061519904,18.033333333333335,295.93587981786595,23.28101293134544,0.45292485765456925,0.849281582728512,1.5681544028950543,0.0,82.32810615199035,16.103739445114595,188.6,320.54,485.2320000000005,0.890625,101.47572045509999,0.8776730000099633,nan,2316.352445588416
3010,high,Energy-dominant,1658,1622,454.4254115909237,1008.4316227835565,12.665862484921592,18.022222222222222,204.03202428935887,18.524302216244614,0.22129634438770182,0.971599854493943,1.3872135102533172,0.0,86.36911942098915,12.243667068757539,183.0,336.85999999999996,456.70000000000033,0.890625,100.842291432182,0.8831859999918379,nan,2301.8933724252743
3010,high,Cost-dominant,1658,1611,475.7349966328322,1075.67108911041,15.741857659831123,17.9,209.69573680829123,18.515780333210493,0.250756691675811,0.9297561502941949,2.1712907117008444,0.0,84.31845597104946,13.510253317249699,186.1,298.19999999999993,444.2240000000003,0.828125,94.04966708296095,0.8805187999969348,nan,2308.8660912260784
3010,high,Accuracy-dominant,1658,1625,444.739060648,993.1124710015915,12.726176115802172,18.055555555555557,216.46729492042346,19.053729132475056,0.2582481310910902,0.9350102508080929,1.3268998793727382,0.0,85.8866103739445,12.78648974668275,182.8,281.5999999999999,427.1240000000009,0.84375,98.29761921086256,0.858362600003602,nan,2368.4629316229166
3010,high,Price-x0.5,1658,1624,435.8108463825645,982.2346895643357,11.64053075995175,18.044444444444444,223.2065777354061,9.733387249930807,0.3757084899254365,0.9341568298049476,1.4475271411338964,0.0,86.06755126658625,12.484921592279855,188.9,328.95999999999975,454.9800000000001,0.859375,96.18434533392801,0.8934666000131983,nan,2275.406825470553
3010,high,Price-x2,1658,1624,435.8108463825645,982.2346895643357,11.64053075995175,18.044444444444444,223.2065777354061,38.93354899972323,0.411936582639219,0.9341568298049476,1.4475271411338964,0.0,86.06755126658625,12.484921592279855,167.6,265.0199999999999,367.1040000000008,0.78125,99.59882549128199,0.7843968000088353,nan,2591.8004764643365
3010,high,LHS-0.30,1658,1641,449.1868869844426,1034.6876809372511,13.027744270205066,18.233333333333334,198.5066078262833,18.197401664456706,0.3853856585935545,0.9412472167869914,0.3618817852834741,0.0,90.71170084439083,8.926417370325694,168.0,265.21999999999986,377.84400000000005,0.796875,100.04868879417273,0.7964871999865863,nan,2552.4578424289025
3010,high,LHS-0.70,1658,1277,427.315674231025,888.8892192502276,29.37273823884198,14.188888888888888,385.10906441894633,26.58532268544522,0.5362334200928922,0.8857172856542869,22.436670687575393,0.0,29.73462002412545,47.82870928829916,156.6,275.19999999999993,451.93200000000013,0.734375,95.9986143498865,0.7649850000161678,nan,2657.5684489983896
3011,high,Reference,1571,1543,392.2935274693264,901.0593321677685,9.484404837683005,17.144444444444446,212.83383848692395,16.534230799551548,0.35954866634602345,0.9087246558391938,1.336728198599618,0.0,87.39656269891789,11.266709102482496,176.7,274.5,380.7450000000012,0.75,98.26701532863869,0.7632265999855008,nan,2536.599222349927
3011,high,Refresh-2s,1571,1541,397.6326183700401,910.5386122058518,9.866327180140038,17.122222222222224,207.97145934467434,16.241862375564786,0.36058355650400276,0.9064580743856965,1.400381922342457,0.0,88.09675366008912,10.502864417568428,183.0,280.825,396.7050000000005,0.796875,99.9016497631787,0.7976595000072848,nan,2427.100786717038
3011,high,Refresh-5s,1571,1544,397.26948852169494,912.9892039102539,10.37555697008275,17.155555555555555,200.6001676328799,15.80655913017604,0.3571914464272673,0.9099480600911561,1.1457670273711011,0.0,90.26098026734564,8.593252705283259,172.3,289.775,420.98500000000007,0.75,98.44687583553268,0.7618321999907494,nan,2541.2420215678835
3011,high,Refresh-15s,1571,1551,401.42075268604094,910.4161161304474,9.739019732654361,17.233333333333334,201.5962540745997,15.882202486941852,0.356156034752914,0.9097482359090513,0.7001909611712285,0.0,90.7065563335455,8.593252705283259,169.9,292.75,425.8200000000003,0.765625,100.79757293265271,0.759566900000209,nan,2548.8209136015107
3011,high,Refresh-30s,1571,1540,400.25590361048586,911.5009762078848,9.548058561425844,17.11111111111111,216.14935548660344,16.711754508702267,0.36165735411117966,0.9164888411121985,1.336728198599618,0.0,86.69637173774666,11.966900063653723,165.1,244.75,354.59000000000003,0.71875,99.91391069915905,0.7193693000008352,nan,2691.246345927957
3011,high,Latency-dominant,1571,1536,341.5934053498292,680.2963576857867,7.32017823042648,17.066666666666666,281.04862603665543,20.3640379967321,0.42441729301140185,0.8100883086048882,1.7823042647994907,0.0,83.19541693189052,15.022278803309993,176.5,351.975,556.870000000002,0.84375,98.22457694706378,0.8590009000035934,nan,2253.78110778685
3011,high,Energy-dominant,1571,1542,432.7747959788373,1027.243364589254,13.239974538510502,17.133333333333333,198.8589950877693,16.438268659993845,0.21097819985270386,0.9403131115459883,1.336728198599618,0.0,87.20560152768937,11.457670273711011,172.5,276.6,417.7600000000004,0.75,96.10318252900265,0.7804111999867018,nan,2480.7434850153218
3011,high,Cost-dominant,1571,1543,410.9602827464698,939.18710461097,11.075747931253979,17.144444444444446,203.5271631850129,16.119404143604665,0.22333469907831108,0.9169716963536324,1.336728198599618,0.0,87.71483131763208,10.9484404837683,167.7,289.95000000000005,447.1450000000005,0.765625,99.05190908568977,0.7729533000092488,nan,2504.679131296593
3011,high,Accuracy-dominant,1571,1542,398.03554377027575,920.9934617121332,9.67536600891152,17.133333333333333,208.1786795983788,16.36136145889781,0.2273416797977928,0.9213826569195865,1.400381922342457,0.0,87.33290897517504,11.266709102482496,220.1,352.35,496.2300000000002,0.984375,98.57639413830658,0.9985910000104923,nan,1938.7316729067838
3011,high,Price-x0.5,1571,1543,392.2935274693264,901.0593321677685,9.484404837683005,17.144444444444446,212.83383848692395,8.267115399775774,0.34700805410616115,0.9087246558391938,1.336728198599618,0.0,87.39656269891789,11.266709102482496,185.95,303.4,387.52500000000003,0.796875,98.9670540771116,0.8051922000013292,nan,2404.3948761510655
3011,high,Price-x2,1571,1543,392.2935274693264,901.0593321677685,9.484404837683005,17.144444444444446,212.83383848692395,33.068461599103095,0.3830913075831861,0.9087246558391938,1.336728198599618,0.0,87.39656269891789,11.266709102482496,164.8,274.8,354.43,0.734375,100.18779028933601,0.7329984999960288,nan,2641.205950640402
3011,high,LHS-0.30,1571,1560,408.07075857256115,945.4617590313655,10.884786760025461,17.333333333333332,180.36335991280575,14.712605131346631,0.35107758145566514,0.9163298131600325,0.1273074474856779,0.0,96.18077657542966,3.6919159770846592,173.5,296.7,402.4600000000002,0.765625,99.12953746256696,0.7723479999986012,nan,2506.6420836248767
3011,high,LHS-0.70,1571,1321,395.3669345047972,889.8623905894777,20.814767663908338,14.677777777777777,329.13957531145957,22.859863756764074,0.4690039912277553,0.9378679532972851,15.340547422024189,0.0,46.4035646085296,38.25588796944621,154.8,231.125,348.46000000000043,0.6875,99.76126946648006,0.6891452000127174,nan,2809.2773481760787
3012,high,Reference,1559,1545,427.8182721240336,977.1163511165057,10.198845413726747,17.166666666666668,195.37324103208883,16.668210139358035,0.3708992082720992,0.9193622804821345,0.38486209108402825,0.0,92.49518922386144,7.119948685054522,167.3,263.5,383.3250000000004,0.6875,93.40446292549193,0.7360462000069674,nan,2630.2696759818527
3012,high,Refresh-2s,1559,1544,424.34124316202855,988.4525553516502,9.81398332264272,17.155555555555555,197.10922116096313,16.734054292646327,0.36928759597189886,0.9088307917439588,0.4490057729313663,0.0,92.17447081462475,7.376523412443874,166.2,253.6,386.8650000000005,0.75,101.37321508831582,0.7398403999977745,nan,2616.7805921463923
3012,high,Refresh-5s,1559,1547,433.1222303723434,1033.455860382305,11.225144323284157,17.18888888888889,192.21864636216992,16.450613393560534,0.37118084006821217,0.9205452842899012,0.25657472738935216,0.0,93.20076972418217,6.542655548428479,168.7,262.15000000000003,355.6150000000003,0.734375,98.89823827683828,0.7425561999843922,nan,2607.2100671177386
3012,high,Refresh-15s,1559,1546,442.976908877107,1052.3990108314456,12.572161642078255,17.177777777777777,183.70337871999453,15.988909790120063,0.3732772814846602,0.9268107931584885,0.25657472738935216,0.0,94.03463758819757,5.708787684413085,176.3,301.3,455.37500000000034,0.8125,100.27770444540518,0.8102499000087846,nan,2389.3862868468236
3012,high,Refresh-30s,1559,1548,439.64924699448375,1049.92218034414,11.994868505452214,17.2,189.17329956424197,16.301117399177443,0.37193573677965136,0.9257366953451224,0.19243104554201412,0.0,93.7780628608082,6.0295060936497755,164.55,250.775,366.05000000000064,0.71875,99.37758865751087,0.7232515999930911,nan,2676.800161960919
3012,high,Latency-dominant,1559,1548,351.4798705436924,683.728751091234,5.837075048107762,17.2,273.89702481419704,20.822291607851422,0.4269971455204655,0.8233300043421624,0.19243104554201412,0.0,88.7107119948685,11.09685695958948,171.45,249.225,380.99000000000007,0.75,100.58475955725592,0.7456398000067566,nan,2596.4279267046327
3012,high,Energy-dominant,1559,1546,448.6687113918185,1084.7335429472337,10.711994868505451,17.177777777777777,179.89200517393897,16.936202923671452,0.2040575509921198,0.939508955046851,0.3207184092366902,0.0,91.85375240538806,7.825529185375241,161.0,253.75,353.79500000000024,0.734375,101.36587715724102,0.7244795000005979,nan,2672.263328359743
3012,high,Cost-dominant,1559,1538,490.9638535947139,1321.55817095321,17.960230917254652,17.08888888888889,199.13673544527782,16.454463924762525,0.23498181720269598,0.8675463930408703,0.7697241821680565,0.0,91.27645926876203,7.953816549069916,148.0,265.85,395.93500000000034,0.65625,96.13512621247934,0.6826329000177793,nan,2836.0777805312
3012,high,Accuracy-dominant,1559,1546,445.8030243832165,1115.8329079446157,12.315586914688904,17.177777777777777,196.7778489212002,16.79714069352292,0.24231781860563845,0.9365992453476127,0.3207184092366902,0.0,91.53303399615137,8.14624759461193,157.8,342.675,672.4650000000028,0.765625,95.99924667638142,0.7975322999991477,nan,2427.487889834768
3012,high,Price-x0.5,1559,1545,427.8182721240336,977.1163511165057,10.198845413726747,17.166666666666668,195.37324103208883,8.334105069679017,0.3586961062272444,0.9193622804821345,0.38486209108402825,0.0,92.49518922386144,7.119948685054522,152.3,273.425,367.63500000000016,0.703125,100.25326916860351,0.7013486999785528,nan,2760.395791792589
3012,high,Price-x2,1559,1545,427.8182721240336,977.1163511165057,10.198845413726747,17.166666666666668,195.37324103208883,33.33642027871607,0.3928979532025438,0.9193622804821345,0.38486209108402825,0.0,92.49518922386144,7.119948685054522,175.4,310.125,442.4350000000009,0.796875,99.47346937043244,0.801093000016408,nan,2416.6981860537376
3012,high,LHS-0.30,1559,1549,432.6890001790679,990.2908143292972,11.930724823604875,17.211111111111112,189.18888858657013,16.251219026126915,0.37020470839168035,0.9089480273282894,0.19243104554201412,0.0,94.29121231558692,5.516356638871072,192.45,345.42499999999995,506.43500000000125,0.859375,98.86032380750306,0.8692819999996573,nan,2227.125374735429
3012,high,LHS-0.70,1559,1330,408.3543721569374,903.5692148507319,19.435535599743424,14.777777777777779,348.0881411994113,24.4836345206833,0.47167180100886735,0.9296126644982244,14.175753688261706,0.0,45.67030147530468,40.15394483643361,163.9,301.775,443.6350000000004,0.75,99.291732216887,0.7553498999914154,nan,2563.0505809585766
3013,high,Reference,1591,1572,431.27562500568183,1004.9691901703994,10.49654305468259,17.466666666666665,206.3982107402115,17.571900737337877,0.37323512350757254,0.9446870655957259,0.6285355122564424,0.0,91.20050282840981,8.170961659333752,174.7,289.33,405.093999999999,0.796875,101.40459118311534,0.7858371999755036,nan,2467.432185776447
3013,high,Refresh-2s,1591,1564,433.5175742350558,1011.6806240415045,10.81081081081081,17.377777777777776,204.25581327095284,17.399539821959664,0.37849516686380824,0.9485596935612435,1.1942174732872408,0.0,90.57196731615336,8.233815210559397,183.5,288.5,380.7259999999998,0.796875,98.37774709258123,0.810015499999281,nan,2393.7813535688156
3013,high,Refresh-5s,1591,1568,430.8221870542285,955.4234203249798,11.062225015713388,17.42222222222222,206.19567486291368,17.542233223038654,0.3758998216694621,0.9465977893744751,0.9428032683846638,0.0,90.76052796983029,8.29666876178504,176.3,313.05999999999995,481.6319999999996,0.78125,97.31640893360708,0.8027937000151724,nan,2415.315416604981
3013,high,Refresh-15s,1591,1567,427.7890224729404,1005.0681508325328,10.370835952231301,17.41111111111111,217.35364961196177,18.142672665148655,0.3748772649590618,0.9458071788695095,0.9428032683846638,0.0,88.4978001257071,10.559396605908233,179.9,312.42999999999995,434.73199999999963,0.8125,100.1221922056081,0.8115083999873605,nan,2389.3776084513734
3013,high,Refresh-30s,1591,1577,431.1709819370088,1004.949415531317,10.81081081081081,17.522222222222222,207.7185186877363,17.612847055323478,0.37260023929587316,0.9430404230400682,0.3771213073538655,0.0,92.08045254556882,7.54242614707731,174.2,344.72999999999996,465.76999999999964,0.828125,100.5496247393474,0.8235982999904081,nan,2354.3030625762367
3013,high,Latency-dominant,1591,1575,355.1978907248086,683.9544037225645,6.536769327467002,17.5,291.2104938274648,22.165744573236744,0.4332228305822133,0.8413098473536647,0.5656819610307983,0.0,86.48648648648648,12.947831552482715,183.8,319.64,502.41999999999666,0.78125,96.27273854438987,0.8114965999848209,nan,2389.412352480921
3013,high,Energy-dominant,1591,1573,474.6520519364275,1153.3104556749433,13.89063482086738,17.477777777777778,183.22859808470426,16.638881994783922,0.20931783066080892,0.966624539377442,0.502828409805154,0.0,91.38906348208674,8.108108108108109,176.3,314.69999999999993,442.00999999999993,0.78125,96.69511266673027,0.807951900002081,nan,2399.895340298112
3013,high,Cost-dominant,1591,1575,488.67562885789283,1213.2815327278474,16.341923318667504,17.5,192.93972035797262,16.615344293778524,0.23040320348728463,0.9569467053644268,0.43997485857950974,0.0,90.1948460087995,9.365179132620993,178.3,341.7199999999998,489.0819999999999,0.796875,95.55152851765193,0.8339741000090726,nan,2325.0122515542225
3013,high,Accuracy-dominant,1591,1575,445.0809108285699,1114.2211185850838,11.502199874292897,17.5,196.8416526689458,16.94909721662575,0.24505127439837976,0.9661533989184001,0.43997485857950974,0.0,91.45191703331238,8.108108108108109,177.3,291.8,419.04799999999994,0.765625,95.59275121868697,0.8009237000078429,nan,2420.9547051498325
3013,high,Price-x0.5,1591,1572,431.27562500568183,1004.9691901703994,10.49654305468259,17.466666666666665,206.3982107402115,8.785950368668939,0.36085420997056067,0.9446870655957259,0.6285355122564424,0.0,91.20050282840981,8.170961659333752,173.4,281.54999999999995,387.0179999999996,0.765625,99.03192213895328,0.7731092999747489,nan,2508.054165256234
3013,high,Price-x2,1591,1572,431.27562500568183,1004.9691901703994,10.49654305468259,17.466666666666665,206.3982107402115,35.143801474675755,0.39578398038007606,0.9446870655957259,0.6285355122564424,0.0,91.20050282840981,8.170961659333752,180.7,296.35999999999996,500.2919999999987,0.78125,97.194587857793,0.8037998999934644,nan,2412.291914960136
3013,high,LHS-0.30,1591,1579,458.37625459034604,1121.1392443945742,13.639220615964803,17.544444444444444,187.3062535292169,16.47502887596269,0.3747665060910878,0.9482668619116381,0.251414204902577,0.0,94.46888749214331,5.279698302954117,180.7,294.05999999999983,413.9639999999992,0.796875,97.40912210104808,0.81807020000997,nan,2370.2122384807185
3013,high,LHS-0.70,1591,1336,422.0288198048355,943.0679149263857,21.99874292897549,14.844444444444445,365.4267565265544,25.510376362174828,0.48697959201871194,0.946147863107909,15.587680703959773,0.0,40.72910119421747,43.68321810182275,158.6,284.03999999999985,444.6199999999999,0.6875,93.98768631337636,0.7314788000076078,nan,2650.794527441989
3014,high,Reference,1583,1569,418.0572086702472,1009.3332365108735,9.475679090334808,17.433333333333334,173.55858325041402,17.49081270450641,0.3696882655681705,0.9657969712384765,0.2526847757422615,0.0,92.3562855337966,7.39102969046115,183.3,310.91999999999996,452.4159999999992,0.84375,100.40531020670886,0.8403439999965485,nan,2338.328113258464
3014,high,Refresh-2s,1583,1568,411.71356488686865,932.8752082615524,9.096651926721416,17.42222222222222,180.66937513859364,17.859637047535372,0.3705239020003028,0.9676230182317076,0.5685407454200885,0.0,91.2192040429564,8.2122552116235,176.2,313.73999999999995,468.16399999999976,0.8125,100.37187625948283,0.8094896999828052,nan,2427.4552227678
3014,high,Refresh-5s,1583,1570,405.7930510176357,883.6254983385725,8.464939987365762,17.444444444444443,184.90545052736158,18.068607017523952,0.36933893437223725,0.9617101177974614,0.4421983575489577,0.0,90.1452937460518,9.412507896399243,170.6,284.48,400.41599999999994,0.765625,98.65698925153087,0.77604739999515,nan,2532.0618302596986
3014,high,Refresh-15s,1583,1572,411.1358629662855,929.2342026859009,9.096651926721416,17.466666666666665,186.56912430267053,18.171433184695648,0.3687295376560827,0.9597471380239956,0.3158559696778269,0.0,89.89260897030954,9.791535060012635,177.4,283.1199999999999,420.20799999999997,0.8125,98.97743217024659,0.8208942000055686,nan,2393.731128794271
3014,high,Refresh-30s,1583,1574,419.77260244974326,979.5650457552512,9.602021478205938,17.488888888888887,172.55240453878352,17.493509264289507,0.3688100937505405,0.9576904928721564,0.12634238787113075,0.0,92.79848389134554,7.075173720783323,180.2,326.2199999999999,499.17999999999995,0.828125,99.32526585344736,0.8337505999952555,nan,2356.819893156517
3014,high,Latency-dominant,1583,1573,347.60720397855016,665.5079444931015,5.306380290587492,17.477777777777778,261.06047217841285,22.100058341001418,0.4310850986807231,0.8764226364708202,0.18951358180669614,0.0,87.11307643714466,12.697409981048642,180.9,285.1599999999999,401.1879999999994,0.78125,99.16909940517732,0.7877957999880891,nan,2494.30118823902
3014,high,Energy-dominant,1583,1570,454.657662716974,1067.7861444184293,12.065698041692988,17.444444444444443,169.3551584621211,17.181369615751958,0.20231508467943798,0.9624238904693903,0.18951358180669614,0.0,91.34554643082754,8.464939987365762,182.7,340.43999999999994,573.6159999999999,0.84375,95.86039862968346,0.8801861999963876,nan,2232.4821725312945
3014,high,Cost-dominant,1583,1565,476.97839253064,1200.118853780295,14.339861023373341,17.38888888888889,170.93450726387434,16.955283438904715,0.230697006473077,0.9373386795142887,0.3790271636133923,0.0,90.58749210360075,9.033480732785849,182.3,357.6599999999999,520.7959999999966,0.859375,99.50516911586489,0.8636486000032164,nan,2275.230921456576
3014,high,Accuracy-dominant,1583,1569,439.71868752163465,1062.2892330045938,10.612760581174983,17.433333333333334,170.75964967372667,17.126184826899213,0.24661292609745517,0.9500568000381726,0.3158559696778269,0.0,91.40871762476311,8.275426405559065,173.1,279.96,425.0079999999992,0.796875,100.60759094175589,0.7920624999969732,nan,2480.864830752004
3014,high,Price-x0.5,1583,1569,418.0572086702472,1009.3332365108735,9.475679090334808,17.433333333333334,173.55858325041402,8.745406352253205,0.3570932048788925,0.9657969712384765,0.2526847757422615,0.0,92.3562855337966,7.39102969046115,181.0,315.73999999999995,447.3879999999999,0.828125,98.87838922388819,0.8375186999910511,nan,2346.216269584185
3014,high,Price-x2,1583,1569,418.0572086702472,1009.3332365108735,9.475679090334808,17.433333333333334,173.55858325041402,34.98162540901282,0.3930147568920846,0.9657969712384765,0.2526847757422615,0.0,92.3562855337966,7.39102969046115,174.5,279.88,439.4239999999999,0.765625,97.43829396151865,0.7857536999799777,nan,2500.783642571548
3014,high,LHS-0.30,1583,1569,425.84579049758935,1002.0712000579211,10.612760581174983,17.433333333333334,162.77754505104255,16.939987002808625,0.3695643505672198,0.9534834048719141,0.3158559696778269,0.0,94.94630448515477,4.737839545167404,178.8,328.65999999999997,501.6599999999999,0.828125,101.06835583287106,0.8193711999920197,nan,2398.180458404125
3014,high,LHS-0.70,1583,1213,429.5513202021904,940.207560731892,29.437776373973467,13.477777777777778,380.8947083788857,26.590849093827128,0.5403527856072954,0.9433962264150944,22.86797220467467,0.0,25.268477574226154,51.86355022109918,154.1,302.67999999999995,770.947999999982,0.6875,79.33705380899721,0.8665559999935795,nan,2267.597247049884
3015,high,Reference,1654,1619,434.30329208751994,997.4524109230347,13.54292623941959,17.988888888888887,212.75280780193737,18.913947645287102,0.3892219541402083,0.9115001791578473,1.5719467956469166,0.0,85.48972188633616,12.938331318016928,173.1,307.3,457.47999999999985,0.796875,97.92358378425756,0.8137722999963444,nan,2446.6303412010266
3015,high,Refresh-2s,1654,1618,432.43040032340025,969.7881451834907,13.422007255139057,17.977777777777778,220.05149550747478,19.255765668908055,0.3876026706847325,0.8973674248658613,1.5719467956469166,0.0,85.24788391777508,13.180169286577993,179.9,337.85,494.75999999999885,0.859375,101.10842482114813,0.8499539000040386,nan,2342.47998625636
3015,high,Refresh-5s,1654,1627,433.58845817446,1011.0038366585525,12.75695284159613,18.07777777777778,217.91484291834726,19.18965287265755,0.38483653144461305,0.9086278274602116,1.0278113663845223,0.0,85.00604594921403,13.96614268440145,174.9,307.04999999999995,539.1799999999996,0.828125,95.59859177182535,0.8662523000093643,nan,2298.406595836429
3015,high,Refresh-15s,1654,1626,433.3901154450088,967.8874954977541,13.180169286577993,18.066666666666666,215.10444597502814,19.032934509412897,0.3855020110822975,0.9120963932043246,1.0882708585247884,0.0,86.21523579201934,12.696493349455865,176.5,325.0,457.66999999999956,0.828125,96.73029695193654,0.8561174999922514,nan,2325.615350717653
3015,high,Refresh-30s,1654,1623,435.133440899923,983.1710887572668,12.938331318016928,18.033333333333335,209.9270207942415,18.743771267604817,0.38779776512247593,0.9220124753775443,1.2696493349455864,0.0,86.51753325272068,12.212817412333736,161.3,290.6,518.2699999999995,0.78125,95.60055134682953,0.8172023999795783,nan,2436.3609309636813
3015,high,Latency-dominant,1654,1612,363.90673126977515,706.6469750023147,10.580411124546554,17.91111111111111,290.2564635727536,22.804873385501512,0.45601013831938464,0.7732680492854961,1.9347037484885128,0.0,82.10399032648125,15.96130592503023,180.3,333.1,550.6499999999999,0.828125,98.99118346411912,0.8365644000004977,nan,2379.972181458852
3015,high,Energy-dominant,1654,1629,445.45868074923186,1010.0196935759661,12.4546553808948,18.1,192.83960299059922,18.271161104627687,0.2129641018410409,0.9670565155059232,0.9068923821039904,0.0,87.12212817412333,11.970979443772672,174.9,294.45,412.02,0.8125,97.59893408526275,0.8324886000191327,nan,2391.6243417077926
3015,high,Cost-dominant,1654,1625,459.65634797702296,1082.3073991267208,16.142684401451028,18.055555555555557,206.51259585920513,18.47010786759594,0.23954092690338172,0.9063329623891714,1.1487303506650544,0.0,85.79201934703748,13.05925030229746,171.8,325.6,480.8199999999999,0.828125,99.92310219450567,0.8287623000214808,nan,2402.3776177420173
3015,high,Accuracy-dominant,1654,1623,453.5158486434645,1075.2358677788156,15.114873035066505,18.033333333333335,208.8684527633975,18.66472699167108,0.2524928882726179,0.9176934055691484,1.2091898428053205,0.0,86.27569528415961,12.515114873035067,175.3,336.5,541.1199999999989,0.828125,97.13667189959462,0.8525358999904711,nan,2335.3855245535747
3015,high,Price-x0.5,1654,1619,434.30329208751994,997.4524109230347,13.54292623941959,17.988888888888887,212.75280780193737,9.456973822643551,0.37621183246125867,0.9115001791578473,1.5719467956469166,0.0,85.48972188633616,12.938331318016928,178.0,330.5,485.41999999999905,0.84375,99.22816657233942,0.8503129999735393,nan,2341.4907217247737
3015,high,Price-x2,1654,1619,434.30329208751994,997.4524109230347,13.54292623941959,17.988888888888887,212.75280780193737,37.827895290574205,0.4129510968790554,0.9115001791578473,1.5719467956469166,0.0,85.48972188633616,12.938331318016928,172.5,304.7,502.90999999999997,0.734375,91.48174326619682,0.8027557999885175,nan,2480.2063093514603
3015,high,LHS-0.30,1654,1625,443.90601450674325,1025.2056880725163,14.752116082224909,18.055555555555557,203.5941589962003,18.4140818841883,0.3880545762536639,0.9020786274220804,1.1487303506650544,0.0,88.2708585247884,10.580411124546554,178.6,284.20000000000005,451.2299999999995,0.828125,100.16217049068652,0.8267842000059318,nan,2408.125360868913
3015,high,LHS-0.70,1654,1310,421.6582209153429,974.028154063071,26.723095525997582,14.555555555555555,362.57250454462763,25.568394984612016,0.5180537897926164,0.853798677822539,20.253929866989118,0.0,34.76420798065296,44.98186215235792,160.4,287.15,455.17999999999864,0.765625,99.59992215574842,0.7687003999890294,nan,2590.0858124028746
3016,high,Reference,1589,1555,427.899040689137,907.7734107635819,12.460667086217747,17.27777777777778,230.12680168567547,19.53576967008484,0.39623592313264555,0.8959381264899621,1.5103838892385149,0.0,84.45563247325362,14.033983637507866,179.3,303.725,426.9399999999994,0.828125,99.9953632337099,0.8281634000013582,nan,2349.777833694182
3016,high,Refresh-2s,1589,1557,426.9165728721674,899.0971695014792,11.95720578980491,17.3,231.11090082845766,19.61195837474746,0.3956085690819821,0.907225765930373,1.3845185651353051,0.0,84.51856513530522,14.09691629955947,176.75,364.15000000000003,512.4849999999996,0.8125,95.89146667457416,0.8473120999988168,nan,2296.674389522724
3016,high,Refresh-5s,1589,1566,427.86066864258345,922.9466950824623,12.146003775959723,17.4,225.53224685734514,19.36715357133313,0.39164223796710074,0.9025773863113845,0.8181246066708622,0.0,86.59534298300818,12.586532410320956,176.5,315.52500000000003,489.4699999999997,0.8125,98.7662785048331,0.8226492000103462,nan,2365.528344251141
3016,high,Refresh-15s,1589,1566,424.0415936241433,910.9368109484386,11.390811831340466,17.4,233.64969822158548,19.783598154469704,0.3904990403818019,0.886391990796755,0.8181246066708622,0.0,84.70736312146003,14.4745122718691,180.85000000000002,350.59999999999997,554.8249999999995,0.859375,97.96983139028006,0.8771833000064362,nan,2218.4644873947345
3016,high,Refresh-30s,1589,1564,411.6066916959447,847.8063436712599,9.439899307740717,17.377777777777776,244.70170630268862,20.31855724827693,0.3895550265657661,0.8881000775926051,1.0069225928256764,0.0,82.19005663939585,16.803020767778477,167.0,307.425,468.46999999999895,0.765625,97.60671210512012,0.7843978999881074,nan,2480.883745391853
3016,high,Latency-dominant,1589,1557,375.9904194514612,726.0755110801525,9.691629955947137,17.3,295.2250540905146,22.852577626211072,0.4650284783530401,0.7919291307110911,1.5103838892385149,0.0,79.67275015733165,18.81686595342983,195.55,374.75,538.7149999999999,0.890625,98.86394024138097,0.9008592999889515,nan,2160.1597497232547
3016,high,Energy-dominant,1589,1559,451.4574480957435,971.286107129103,11.894273127753303,17.322222222222223,197.58529344598486,18.632653190614416,0.22089176532014754,0.9799379136761718,1.1327879169288861,0.0,85.71428571428571,13.1529263687854,174.14999999999998,332.15,537.5299999999994,0.796875,95.78773186101577,0.8319176000077277,nan,2339.1739758624212
3016,high,Cost-dominant,1589,1554,455.57778898274586,1038.3102526099447,14.60037759597231,17.266666666666666,224.6158406299354,19.048652654262302,0.2490728374517807,0.8942415049285473,1.3215859030837005,0.0,84.078036500944,14.60037759597231,173.6,314.775,427.11499999999995,0.8125,100.55418038531123,0.8080221000127494,nan,2408.349969597731
3016,high,Accuracy-dominant,1589,1561,428.3626637147793,941.1772249106489,11.202013845185652,17.344444444444445,219.63033638734362,19.04686962955532,0.2575995009776346,0.9350485618229362,1.1957205789804908,0.0,84.58149779735683,14.22278162366268,178.1,327.85,588.9949999999997,0.796875,94.95816954938388,0.8391852999920957,nan,2318.915738893817
3016,high,Price-x0.5,1589,1555,427.899040689137,907.7734107635819,12.460667086217747,17.27777777777778,230.12680168567547,9.76788483504242,0.3824570032644574,0.8959381264899621,1.5103838892385149,0.0,84.45563247325362,14.033983637507866,178.8,340.4,509.35499999999917,0.84375,100.53461178767219,0.8392632000031881,nan,2318.7004982377493
3016,high,Price-x2,1589,1555,427.899040689137,907.7734107635819,12.460667086217747,17.27777777777778,230.12680168567547,39.07153934016968,0.4201446026742772,0.8959381264899621,1.5103838892385149,0.0,84.45563247325362,14.033983637507866,183.7,339.675,508.9299999999999,0.875,100.14225923295366,0.8737569999939296,nan,2227.1638453408896
3016,high,LHS-0.30,1589,1564,434.7778416877496,929.6782251370912,14.159848961611075,17.377777777777776,224.477364446105,19.22793324086892,0.39428038702813395,0.8983202383140354,0.9439899307740718,0.0,86.78414096916299,12.271869100062933,175.3,290.65,495.24999999999994,0.75,94.8124924937699,0.7910350000020117,nan,2460.068138571683
3016,high,LHS-0.70,1589,1281,421.1157000457832,891.3687022509764,26.17998741346759,14.233333333333333,370.3520664078003,25.921458752526974,0.5164294691904037,0.9014367974812891,19.005663939584643,0.0,32.53618628067967,48.458149779735685,152.0,273.1,326.0899999999999,0.671875,97.52484661197506,0.6889269999810494,nan,2824.6824410329823
3017,high,Reference,1638,1610,431.8575758367646,966.0004409432271,11.538461538461538,17.88888888888889,206.39665388612926,20.171240696448073,0.3796315843228346,0.9454323881674441,1.098901098901099,0.0,85.77533577533578,13.125763125763125,181.25,348.38999999999993,480.05099999999936,0.796875,91.39888728256909,0.8718650999944657,nan,2291.6389244307206
3017,high,Refresh-2s,1638,1612,431.1297070321671,964.6663154744175,10.683760683760683,17.91111111111111,204.98835550796989,20.08626613949257,0.3795578725752701,0.9485950009915581,1.037851037851038,0.0,85.77533577533578,13.186813186813186,179.5,321.7,428.5549999999998,0.859375,99.94168929333308,0.8598764000053052,nan,2323.5897624212885
3017,high,Refresh-5s,1638,1613,435.665160199304,1029.2696515545385,11.782661782661783,17.92222222222222,214.33191794225755,20.514237147698296,0.3813498969906549,0.9410996434752785,0.9768009768009768,0.0,84.43223443223444,14.59096459096459,184.5,329.4299999999997,476.318,0.859375,99.0113325991153,0.8679562000033911,nan,2301.959476748013
3017,high,Refresh-15s,1638,1617,436.8620222909489,1008.3061164796145,12.087912087912088,17.966666666666665,193.43521209761286,19.495704237164446,0.3779663842848657,0.9264264383518125,0.7326007326007326,0.0,89.01098901098901,10.256410256410257,177.7,299.4349999999999,471.2199999999999,0.765625,92.31887654271192,0.8293266000109725,nan,2409.1835471978898
3017,high,Refresh-30s,1638,1616,437.4280761564065,990.8304594405479,11.965811965811966,17.955555555555556,193.3226177722746,19.511642831034536,0.37732063503398244,0.9425141162226738,0.7936507936507936,0.0,89.1941391941392,10.012210012210012,179.6,301.1599999999997,487.9999999999997,0.828125,99.39567430262547,0.8331599999801256,nan,2398.0988046085517
3017,high,Latency-dominant,1638,1607,364.41566367681764,715.7037026012106,8.241758241758241,17.855555555555554,279.71810582645634,23.691364946298066,0.4461967504561024,0.844217281739104,1.343101343101343,0.0,81.92918192918192,16.72771672771673,185.45,349.9749999999999,523.9449999999999,0.890625,99.7367118780032,0.8929761000035796,nan,2237.461898467373
3017,high,Energy-dominant,1638,1612,450.6031692478681,970.2292104760204,12.21001221001221,17.91111111111111,188.0396491497202,19.630886892647446,0.2126204894535718,0.9542279061446256,1.037851037851038,0.0,86.08058608058609,12.881562881562882,175.7,310.1049999999999,432.8429999999998,0.828125,98.60017223856565,0.8398818999994546,nan,2378.9058914131824
3017,high,Cost-dominant,1638,1606,459.5785505015299,1078.1200248989571,14.407814407814408,17.844444444444445,196.82922902272358,19.539222621917084,0.24356426935170264,0.9407781440899835,1.2820512820512822,0.0,85.65323565323565,13.064713064713064,179.35000000000002,329.4199999999999,532.621,0.859375,98.16256806540494,0.875460999988718,nan,2282.22616430172
3017,high,Accuracy-dominant,1638,1609,445.26193015954385,965.8001159434021,12.026862026862027,17.877777777777776,195.22976056905028,19.595494980442407,0.24402067884216883,0.9493503350135235,1.15995115995116,0.0,86.38583638583638,12.454212454212454,176.6,298.7049999999999,465.47699999999986,0.78125,94.41627297815573,0.8274527000030503,nan,2414.639531652546
3017,high,Price-x0.5,1638,1610,431.8575758367646,966.0004409432271,11.538461538461538,17.88888888888889,206.39665388612926,10.085620348224037,0.3653344733503909,0.9454323881674441,1.098901098901099,0.0,85.77533577533578,13.125763125763125,179.0,325.8799999999998,500.2899999999999,0.84375,96.9666309532792,0.870144699991215,nan,2296.1698209736514
3017,high,Price-x2,1638,1610,431.8575758367646,966.0004409432271,11.538461538461538,17.88888888888889,206.39665388612926,40.34248139289615,0.40512998923634885,0.9454323881674441,1.098901098901099,0.0,85.77533577533578,13.125763125763125,179.4,330.42999999999995,506.5329999999997,0.84375,99.54676285106213,0.8475916000024881,nan,2357.267344313151
3017,high,LHS-0.30,1638,1624,444.50285039364627,982.3562152040207,12.637362637362637,18.044444444444444,187.4421715278586,19.18401029660648,0.37697799153863476,0.9282342522716772,0.3052503052503053,0.0,90.41514041514041,9.27960927960928,183.7,302.3049999999999,451.37399999999985,0.8125,95.05169642253284,0.8547980000148527,nan,2337.394331719638
3017,high,LHS-0.70,1638,1221,425.01853375619277,937.9919611982963,31.44078144078144,13.566666666666666,380.7223715174056,26.76295237511935,0.5521912659784353,0.9494218396800557,24.90842490842491,0.0,25.641025641025642,49.45054945054945,156.6,251.415,364.227,0.6875,96.82720829073628,0.7100276999990456,nan,2813.974722398416
3018,high,Reference,1646,1617,434.6903801225947,1043.2814852932022,12.454434993924666,17.966666666666665,216.46388645022805,20.152668950061717,0.38935808839180863,0.8988015493155569,1.336573511543135,0.0,86.2089914945322,12.454434993924666,171.3,256.37,383.64599999999933,0.75,95.39206711712632,0.7862289000186138,nan,2561.5949756518985
3018,high,Refresh-2s,1646,1622,442.6774784618129,1064.6249252260677,12.75820170109356,18.022222222222222,220.62842739889268,20.34890806967139,0.38813980498881484,0.8938562216514564,1.0328068043742407,0.0,85.47995139732686,13.487241798298907,170.0,280.30499999999995,392.19699999999966,0.78125,99.15493973084145,0.7879083000007086,nan,2556.1350223093077
3018,high,Refresh-5s,1646,1616,436.29673286285055,1002.6221307682068,11.907654921020656,17.955555555555556,217.46177371623133,20.19945361697429,0.3900519005559598,0.9020844102422226,1.3973268529769138,0.0,85.90522478736331,12.69744835965978,171.64999999999998,319.835,444.8699999999999,0.796875,95.78086995700559,0.8319771999958903,nan,2420.739414505528
3018,high,Refresh-15s,1646,1621,442.56062575628215,1091.5060272120065,12.636695018226002,18.011111111111113,209.9119679408666,19.842697990979893,0.38863764921079774,0.9063528166269299,1.0935601458080195,0.0,87.6670716889429,11.239368165249088,174.0,329.40999999999997,473.34299999999905,0.859375,100.2797974100079,0.8569771999900695,nan,2350.120866720069
3018,high,Refresh-30s,1646,1631,458.04851839949504,1092.7460623772106,14.459295261239369,18.122222222222224,200.29563131780324,19.407892235421556,0.3893127078767638,0.9225193576139948,0.48602673147023084,0.0,90.21871202916161,9.295261239368164,178.8,325.6499999999999,497.3929999999996,0.796875,94.37622511583372,0.8443598999874666,nan,2385.23880637853
3018,high,Latency-dominant,1646,1619,365.55616225249065,697.7464658772981,8.201701093560146,17.988888888888887,299.1387121167688,24.23926440461411,0.45013161399026747,0.8084181524825593,1.2150668286755772,0.0,82.26002430133657,16.52490886998785,183.8,301.5749999999996,477.20499999999765,0.84375,100.37486368498942,0.8405988999875262,nan,2395.9108202852585
3018,high,Energy-dominant,1646,1620,444.1025752295397,1003.3984661778384,11.421628189550425,18.0,203.05563241757045,19.974533329166526,0.22012381165390985,0.9874463902787706,1.2150668286755772,0.0,86.93803159173754,11.846901579586877,177.2,306.84,474.5629999999995,0.84375,99.76473849016531,0.8457396999874618,nan,2381.3473578571015
3018,high,Cost-dominant,1646,1608,472.5910106811555,1169.6679205792223,18.226002430133658,17.866666666666667,225.12570148011284,20.27170409794681,0.25506104946833713,0.86178786143716,1.8226002430133657,0.0,84.7509113001215,13.426488456865128,162.6,243.71999999999989,373.50899999999996,0.734375,98.7832194107921,0.7434207999904174,nan,2709.098265781587
3018,high,Accuracy-dominant,1646,1613,441.99812000002476,1032.2423265761022,13.001215066828676,17.92222222222222,215.3302779873338,20.043750050768974,0.25792679845241007,0.9126815232214845,1.5795868772782502,0.0,85.17618469015795,13.24422843256379,172.6,307.99499999999983,481.7019999999995,0.796875,97.16846667735165,0.8200963000126649,nan,2455.8091531066502
3018,high,Price-x0.5,1646,1617,434.6903801225947,1043.2814852932022,12.454434993924666,17.966666666666665,216.46388645022805,10.076334475030858,0.37549578593840954,0.8988015493155569,1.336573511543135,0.0,86.2089914945322,12.454434993924666,185.5,354.1649999999998,490.57499999999754,0.859375,96.14505728546999,0.8938316999992821,nan,2253.2206007032614
3018,high,Price-x2,1646,1617,434.6903801225947,1043.2814852932022,12.454434993924666,17.966666666666665,216.46388645022805,40.30533790012343,0.41406172380800027,0.8988015493155569,1.336573511543135,0.0,86.2089914945322,12.454434993924666,180.0,305.0449999999998,447.9359999999997,0.84375,99.2232772455905,0.8503549000015482,nan,2368.422878490302
3018,high,LHS-0.30,1646,1629,453.0298603315322,1075.4982949497894,14.39854191980559,18.1,204.1692113307925,19.560875280735647,0.3896715908536244,0.9099935908866108,0.6075334143377886,0.0,89.73268529769138,9.659781287970839,178.75,318.6549999999997,522.8549999999993,0.84375,100.2038993485785,0.8420330999942962,nan,2391.8299648952548
3018,high,LHS-0.70,1646,1325,427.5383167090224,935.274790080797,25.94167679222357,14.722222222222221,367.344453796239,26.496883800015727,0.5153088198280206,0.8685093052438098,19.13730255164034,0.0,38.15309842041312,42.70959902794654,162.1,266.1499999999999,413.00299999999925,0.734375,97.52812761103553,0.7529878999921493,nan,2674.6777737344755
3019,high,Reference,1649,1626,416.1187521528147,924.0213667467821,11.097634930260764,18.066666666666666,207.66833805700992,18.647312731369947,0.3830115637276051,0.9435255693726422,0.7883565797453002,0.0,89.75136446331109,9.460278956943602,184.0,315.41499999999996,487.34299999999985,0.828125,94.67855366367367,0.8746700999909081,nan,2275.143508416128
3019,high,Refresh-2s,1649,1624,419.12258505516485,969.2772704902223,11.218920557913886,18.044444444444444,207.26854365776566,18.633601859301795,0.38243988338111035,0.9405812384592113,0.9096422073984233,0.0,89.81200727713765,9.278350515463918,169.85000000000002,269.055,403.633,0.796875,101.53292903107845,0.7848439000081271,nan,2535.536047332971
3019,high,Refresh-5s,1649,1632,423.861647104884,957.9544395914041,12.067919951485749,18.133333333333333,212.9385511877171,18.981850160372883,0.3819602638408012,0.9431878373155054,0.4851425106124924,0.0,88.59915100060643,10.91570648878108,173.85000000000002,298.695,439.3959999999996,0.8125,99.71255784321977,0.8148421999940183,nan,2442.190647483167
3019,high,Refresh-15s,1649,1631,416.9250573091527,954.9408829742897,11.34020618556701,18.122222222222224,199.4684303356819,18.26692179653878,0.3804283977892644,0.9511828132191534,0.5457853244390539,0.0,91.81322013341419,7.640994542146756,179.5,325.575,504.78499999999866,0.84375,98.03037657725493,0.8607026000099722,nan,2312.0645853479978
3019,high,Refresh-30s,1649,1630,411.0144362710254,946.3104268324824,10.127349909035779,18.11111111111111,207.44310470235905,18.682400438174753,0.3787187609777078,0.9444082232826545,0.6064281382656155,0.0,90.05457853244391,9.33899332929048,176.3,278.71999999999997,407.5059999999995,0.8125,100.6268838101411,0.8074383000202943,nan,2464.5846003960714
3019,high,Latency-dominant,1649,1633,353.80040108893394,668.2839300773066,8.065494238932686,18.144444444444446,286.67525681897274,22.775095092070995,0.43845090840034234,0.851659367096416,0.42449969678593086,0.0,86.05215281989085,13.523347483323226,179.7,330.275,499.9679999999991,0.828125,97.59242363413574,0.84855460000108,nan,2345.1643535931184
3019,high,Energy-dominant,1649,1629,447.38703566273693,1045.3834754450218,12.734990903577925,18.1,187.79118187776226,17.77396933594639,0.21556754647724277,0.9822940009420362,0.6064281382656155,0.0,90.60036385688296,8.793208004851426,180.6,311.40999999999997,444.4979999999998,0.859375,101.6185897672778,0.8456867999921087,nan,2353.1170168655453
3019,high,Cost-dominant,1649,1629,463.99584902865644,1148.255012167778,16.07034566403881,18.1,191.11371911065515,17.765415622596265,0.2396573916887099,0.964310315442628,0.6064281382656155,0.0,89.99393571861734,9.399636143117041,174.7,312.88499999999993,427.08599999999973,0.8125,97.35613100433069,0.8345647999958601,nan,2384.4763162906843
3019,high,Accuracy-dominant,1649,1628,424.661619518148,972.5561663214548,10.855063674954518,18.08888888888889,203.05800586978333,18.428219294083753,0.27113887273344783,0.9677545357026258,0.6064281382656155,0.0,89.69072164948453,9.702850212249848,172.9,362.665,550.5859999999997,0.828125,95.27777736406551,0.869169099983992,nan,2289.5429669976197
3019,high,Price-x0.5,1649,1626,416.1187521528147,924.0213667467821,11.097634930260764,18.066666666666666,207.66833805700992,9.323656365684974,0.369825893743245,0.9435255693726422,0.7883565797453002,0.0,89.75136446331109,9.460278956943602,175.7,302.46500000000003,449.19499999999954,0.828125,100.8787060602097,0.8209116000216454,nan,2424.1343403449637
3019,high,Price-x2,1649,1626,416.1187521528147,924.0213667467821,11.097634930260764,18.066666666666666,207.66833805700992,37.294625462739894,0.40711230025167106,0.9435255693726422,0.7883565797453002,0.0,89.75136446331109,9.460278956943602,171.0,276.865,383.95699999999914,0.78125,99.80957929238227,0.7827404999989085,nan,2542.3496037355612
3019,high,LHS-0.30,1649,1634,430.1592696771909,970.4516569373517,14.06913280776228,18.155555555555555,188.16861037453515,17.627032682622964,0.38142630524459764,0.9394890063344755,0.3638568829593693,0.0,94.05700424499697,5.5791388720436625,176.2,326.3,404.91099999999994,0.796875,97.25641410105132,0.8193547000118997,nan,2428.7405686097836
3019,high,LHS-0.70,1649,1355,408.61031609468523,929.2841766546743,23.953911461491813,15.055555555555555,376.08426015035843,26.50763893572112,0.4989420224321448,0.8889721868206012,17.28320194057004,0.0,37.71983020012129,44.99696785930867,160.7,303.01,450.74499999999904,0.765625,99.36801617250745,0.770494399999734,nan,2582.757253006235
