load,model,signal,segments,observations_per_segment,mae_mean,mae_sd,mae_ci95,rmse_mean,rmse_sd,rmse_ci95,mape_mean,mape_sd,mape_ci95
low,kalman,aggregate,24,119,0.004917028357792656,0.0006089646945545476,0.0002571425176700799,0.006448686526924801,0.0008631930472135896,0.0003644934351377711,0.014049791094056087,0.0024560456429265467,0.0010370942121640375
low,kalman,cpu_util_percent,24,119,0.014476736159904373,0.0019144113617410921,0.0008083827548892742,0.018921911928693753,0.00274270182515028,0.0011581381627605877,0.041488747582748474,0.007690721645015629,0.0032474978339190963
low,kalman,net_in,24,119,0.0001454518877697456,0.0001882056190690623,7.947204026741763e-05,0.000227275696901446,0.0002567002830850262,0.00010839471921667076,0.0003122804685043044,0.0004022221232266648,0.00016984303089158018
low,kalman,net_out,24,119,0.0001288970257038481,0.00016547835545717914,6.987518541331779e-05,0.00019687195517920517,0.00021985163498458333,9.283494337085128e-05,0.000348345230915482,0.00044528071206078733,0.0001880250273835546
low,ema,aggregate,24,119,0.004958340801471392,0.0006894133644505507,0.00029111291645551293,0.006519723572997991,0.0009710599158048675,0.00041004149138927247,0.014148339096593339,0.0025691712625957575,0.001084862838021744
low,ema,cpu_util_percent,24,119,0.014596998983052237,0.0021738787122159335,0.0009179459009154833,0.019128323130759694,0.0030734428165340405,0.0012977974434736181,0.041776575772889984,0.00806777970694667,0.0034067150434219768
low,ema,net_in,24,119,0.00014924973810651637,0.00019185038838309695,8.101108705636669e-05,0.00023443693439348517,0.00026034179659133324,0.00010993239120244386,0.00032042827876988444,0.0004099435043218696,0.0001731034750396001
low,ema,net_out,24,119,0.00012877368325542145,0.0001655803121798457,6.991823784081368e-05,0.00019641065384079352,0.00021974472293715368,9.278979849908587e-05,0.00034801323812015043,0.0004455612000115343,0.00018814346672573018
low,last_value,aggregate,24,119,0.004926017111664398,0.0006068444586057618,0.00025624722305809226,0.006462897458363343,0.0008564787105376204,0.0003616582273617173,0.01407284051494296,0.002447379243790129,0.0010334347230130246
low,last_value,cpu_util_percent,24,119,0.014479901417761445,0.001904963956501087,0.0008043934767084734,0.018924417770885372,0.002730118620901638,0.0011528247564994588,0.04150022424292207,0.007678916570716547,0.0032425130021978272
low,last_value,net_in,24,119,0.0001573798633134257,0.00019940676211767865,8.42018549020917e-05,0.00024818573982241925,0.00027083956252218534,0.00011436519656129164,0.00033788105915717124,0.0004260063700220021,0.0001798862093492629
low,last_value,net_out,24,119,0.0001407700539183238,0.0001791320523915454,7.564061982454491e-05,0.00021608886438223728,0.00023433364187663765,9.895014142163866e-05,0.000380416242749642,0.00048188215382629664,0.00020348041744163095
medium,kalman,aggregate,24,119,0.00477964845023926,0.0008967665219941857,0.00037867023045811473,0.006330311544236141,0.001172580741704164,0.0004951360346330388,0.011347494221750506,0.0019990205158171765,0.0008441099671424818
medium,kalman,cpu_util_percent,24,119,0.01409123640636349,0.0026211357390368327,0.0011068054504932933,0.018563310730900093,0.0034285228483729156,0.0014477341708042726,0.033448403050331206,0.005831623248116247,0.002462471630183577
medium,kalman,net_in,24,119,0.00013306954091306386,0.0001491201569686946,6.296774335388486e-05,0.0002372249068666964,0.0002247803391757333,9.491614679018984e-05,0.00028505891101648456,0.00031883872886603355,0.00013463341012127578
medium,kalman,net_out,24,119,0.00011463940344122708,0.00013757588012007726,5.809303642903543e-05,0.00019039899494163729,0.00018786501490574716,7.93282161461394e-05,0.00030902070390382105,0.00037017843391960747,0.00015631220551280862
medium,ema,aggregate,24,119,0.004850110783043684,0.0009736371254542025,0.00041112974853081067,0.006457651103553549,0.00128691324922491,0.0005434142831067433,0.011489815413294408,0.0021551079653510594,0.0009100197318772071
medium,ema,cpu_util_percent,24,119,0.014302255749502467,0.002845162883182508,0.0012014035518071891,0.018944453845783065,0.0037705940425250837,0.001592177763139362,0.0338744507561365,0.0062853957231037835,0.0026540824045208837
medium,ema,net_in,24,119,0.00013324157740684936,0.0001498890318295254,6.329240982347697e-05,0.00023804175703932005,0.00021902819692811676,9.248723694898711e-05,0.0002854508290692525,0.0003204847662146119,0.0001353284687868722
medium,ema,net_out,24,119,0.00011483502222173576,0.0001385225419264585,5.84927755312391e-05,0.00019045770783826388,0.000188646623035348,7.965825938850501e-05,0.00030954465467747334,0.00037272542405447043,0.0001573877021082863
medium,last_value,aggregate,24,119,0.004783528844658494,0.0008953767014007032,0.0003780833623363442,0.0063346975065038365,0.0011697486548821535,0.000493940152602136,0.011358351180626015,0.0019975486648008242,0.0008434884607080948
medium,last_value,cpu_util_percent,24,119,0.014092076758802653,0.0026118857973591062,0.0011028995536283659,0.01855651021835945,0.003414139377453157,0.0014416605807288305,0.033454409316381155,0.0058138453115618985,0.0024549646869971445
medium,last_value,net_in,24,119,0.00013790803263833174,0.00015250454715762306,6.439684198922624e-05,0.00024687234650397946,0.0002203159702349064,9.303101440153457e-05,0.0002954690259143948,0.0003261092659371834,0.00013770348006787047
medium,last_value,net_out,24,119,0.00012060174253449527,0.0001377259679318153,5.815641277601748e-05,0.00020070995464808238,0.00018931951652850199,7.99423965946529e-05,0.0003251751995824936,0.00037067430950353856,0.00015652159482099572
high,kalman,aggregate,24,119,0.0042619594109641855,0.0005919747148198311,0.00024996829853518506,0.005689172067338224,0.0009111399769662468,0.0003847395911816242,0.008729545437076257,0.0014589959582193494,0.0006160782346198702
high,kalman,cpu_util_percent,24,119,0.01260731761866507,0.0017934368343142063,0.0007572998352476805,0.01678567166712894,0.002748940706514515,0.0011607726039290006,0.02576203137232203,0.004375416570513943,0.0018475712021701804
high,kalman,net_in,24,119,9.497801840155583e-05,4.331183403416926e-05,1.8288932261667134e-05,0.00015023902011927784,8.321361480955128e-05,3.513792935435861e-05,0.00020240657047200443,9.09051002721738e-05,3.838574971926223e-05
high,kalman,net_out,24,119,8.358259582593082e-05,3.731814057972312e-05,1.575802457719725e-05,0.00013160551476645204,7.302190448706197e-05,3.083435958237687e-05,0.0002241983684347415,9.837892556136546e-05,4.1541660511257926e-05
high,ema,aggregate,24,119,0.0043556518858232345,0.0006606025410183426,0.0002789472067850609,0.005823543575120992,0.0010461515130197605,0.0004417498031130411,0.008898488334252618,0.0015383793068688718,0.0006495987889563606
high,ema,cpu_util_percent,24,119,0.012886852235183523,0.0020006254074224562,0.0008447876515331525,0.017185581639723127,0.00315454099590643,0.0013320421052885867,0.02626559940205259,0.004620269299154583,0.0019509631519236863
high,ema,net_in,24,119,9.665499133518315e-05,3.690515801062363e-05,1.5583637821246183e-05,0.00015401399554702716,7.83655835213077e-05,3.309079101883626e-05,0.00020603535637546896,7.726971746915334e-05,3.26280486657902e-05
high,ema,net_out,24,119,8.3448430950997e-05,3.80534630907764e-05,1.6068523171750485e-05,0.0001310350900928202,7.35855610791652e-05,3.107237021992423e-05,0.00022383024432979698,0.00010034354933395147,4.237124604827629e-05
high,last_value,aggregate,24,119,0.004264630656229302,0.0005898383730568507,0.0002490662030533799,0.005694533114940327,0.0009045148140971142,0.0003819420380962368,0.008737820212386312,0.0014557365072796929,0.0006147018930546856
high,last_value,cpu_util_percent,24,119,0.012601800337033571,0.0017841677725973586,0.000753385864720944,0.01677839828348539,0.0027313906764087174,0.0011533618969258766,0.02575408223465828,0.004365958023412929,0.0018435772192072846
high,last_value,net_in,24,119,0.00010175643678675151,3.368211806191133e-05,1.4222671226016272e-05,0.00016282858105310264,7.614151969465487e-05,3.2151653862021606e-05,0.00021695310174901975,7.036085739754192e-05,2.9710701093868997e-05
high,last_value,net_out,24,119,9.033519486758292e-05,2.870562724139511e-05,1.212128933936084e-05,0.00014237248028248645,6.571630953097978e-05,2.7749486030784563e-05,0.00024242530075163605,7.526474968173251e-05,3.178142739313673e-05
