segment,load,signal,model,mae,rmse,mape,n
0,low,cpu_util_percent,kalman,0.0153011364789056,0.019619275301915123,0.05040354495984771,119
0,low,cpu_util_percent,ema,0.014854437109040101,0.019304569638039625,0.04847075469817743,119
0,low,cpu_util_percent,last_value,0.01532804054309541,0.01964353399987879,0.05050604417149422,119
0,low,net_in,kalman,0.0001737931990593624,0.0005131040091936031,0.0003807548345733117,119
0,low,net_in,ema,0.0001546100947732023,0.0004876747236953585,0.0003386693681295551,119
0,low,net_in,last_value,0.00014413964901793715,0.00048193437722213975,0.00031566980314418443,119
0,low,net_out,kalman,0.00014667328264060707,0.0003998380326693166,0.00040416614016049364,119
0,low,net_out,ema,0.0001486463311712969,0.0004027234698145513,0.00040961411429263095,119
0,low,net_out,last_value,0.00012633738839188185,0.00037730923900760417,0.0003479905850190825,119
1,low,cpu_util_percent,kalman,0.014229067485057138,0.018773603669944777,0.04498629212343213,119
1,low,cpu_util_percent,ema,0.014168805782572022,0.018375271192735118,0.045031994426559,119
1,low,cpu_util_percent,last_value,0.01424275451936367,0.01880783764755234,0.04501725234448592,119
1,low,net_in,kalman,7.443264959648734e-05,0.00011732567747844569,0.0001626331358173809,119
1,low,net_in,ema,7.90299869384701e-05,0.00012584989124709366,0.00017267948576968082,119
1,low,net_in,last_value,8.460843415121827e-05,0.00013780928992639994,0.00018486996566144457,119
1,low,net_out,kalman,7.081268362029709e-05,0.00011262326836342853,0.00019463991192064244,119
1,low,net_out,ema,7.031428236362537e-05,0.00011194532403213328,0.00019326990784637507,119
1,low,net_out,last_value,8.036907607562323e-05,0.00013261349095647818,0.00022091062293178734,119
2,low,cpu_util_percent,kalman,0.014107105509696306,0.018775576404025406,0.05029127789104591,119
2,low,cpu_util_percent,ema,0.014091547455186723,0.018777823060300097,0.050176159210337426,119
2,low,cpu_util_percent,last_value,0.014109335757888388,0.018782119069771615,0.05031017420795853,119
2,low,net_in,kalman,7.233062024996251e-05,0.00011951207106001935,0.0001579791364929908,119
2,low,net_in,ema,7.647345915993357e-05,0.0001286559884250171,0.00016702999816890142,119
2,low,net_in,last_value,8.43894735741937e-05,0.0001423366712365693,0.00018432265080992237,119
2,low,net_out,kalman,6.992268642218384e-05,0.00011696302200060725,0.00019210702984737534,119
2,low,net_out,ema,6.95821719396468e-05,0.00011609966393597843,0.0001911710979272222,119
2,low,net_out,last_value,8.012596754281663e-05,0.000138846940419665,0.00022014764164996037,119
3,low,cpu_util_percent,kalman,0.017360856866602336,0.022763861064055455,0.05137044031778129,119
3,low,cpu_util_percent,ema,0.017233524935842563,0.022990802947302033,0.05078360523194985,119
3,low,cpu_util_percent,last_value,0.01738039240069392,0.022769152344227495,0.05143813179226701,119
3,low,net_in,kalman,6.475837850039625e-05,0.00010034236335269758,0.00014138381828785948,119
3,low,net_in,ema,7.096485462337643e-05,0.00010946701752442366,0.00015493532542436568,119
3,low,net_in,last_value,7.887824435218672e-05,0.00012180964021189145,0.00017221369147131524,119
3,low,net_out,kalman,5.735535143542774e-05,8.428186497371538e-05,0.00015753369129931194,119
3,low,net_out,ema,5.744725718057367e-05,8.379366142591182e-05,0.00015778622812646513,119
3,low,net_out,last_value,6.80488908022096e-05,0.00010136208074617782,0.00018690613754212242,119
4,low,cpu_util_percent,kalman,0.012908540074154852,0.017145418369581927,0.0376251576644568,119
4,low,cpu_util_percent,ema,0.012810560938570529,0.017087206721212483,0.03738742441735274,119
4,low,cpu_util_percent,last_value,0.012921522257572787,0.017155897863784245,0.03766297266358253,119
4,low,net_in,kalman,6.0551591347379284e-05,9.860046947427395e-05,0.00013213617545718801,119
4,low,net_in,ema,6.467612630292957e-05,0.0001069441033194524,0.0001411370017634865,119
4,low,net_in,last_value,7.10373752799236e-05,0.0001183699204660196,0.00015501928388560716,119
4,low,net_out,kalman,5.2518373516575275e-05,8.318432842808336e-05,0.000144182869543574,119
4,low,net_out,ema,5.238060543390969e-05,8.255042709977548e-05,0.00014380492853433255,119
4,low,net_out,last_value,6.298264526365478e-05,0.00010073359139302198,0.00017291074400684227,119
5,low,cpu_util_percent,kalman,0.01590827911672001,0.020189723347300004,0.0424173386988939,119
5,low,cpu_util_percent,ema,0.01635202847745361,0.021007623423466074,0.04352122598483679,119
5,low,cpu_util_percent,last_value,0.015902030181987915,0.02016574873995509,0.042396006014183876,119
5,low,net_in,kalman,6.955886595927851e-05,0.00011388217311237558,0.00015174382247763187,119
5,low,net_in,ema,7.344441736484391e-05,0.00012231580654985713,0.00016021896701534348,119
5,low,net_in,last_value,7.784129452697337e-05,0.00013397122039809174,0.00016980941218558353,119
5,low,net_out,kalman,5.924346972108989e-05,8.835045357335956e-05,0.000162595603976187,119
5,low,net_out,ema,5.892706419880307e-05,8.778908014765991e-05,0.0001617272321131735,119
5,low,net_out,last_value,6.749382665519078e-05,0.00010174544699550903,0.0001852346109032312,119
6,low,cpu_util_percent,kalman,0.017011879876843987,0.021833075699715033,0.050227965949953816,119
6,low,cpu_util_percent,ema,0.017153581686243227,0.021758760110897387,0.050736298275405725,119
6,low,cpu_util_percent,last_value,0.017013699293358726,0.02184709832508332,0.050231532387170985,119
6,low,net_in,kalman,5.780597908355647e-05,8.838108261228915e-05,0.00012599932192297296,119
6,low,net_in,ema,6.298284202819454e-05,9.496334801459805e-05,0.00013728433534428473,119
6,low,net_in,last_value,6.976063401795806e-05,0.0001038281540741682,0.00015205861318575323,119
6,low,net_out,kalman,5.494883469779458e-05,8.339059297106509e-05,0.00015070973693420234,119
6,low,net_out,ema,5.49754584804838e-05,8.303561029619374e-05,0.00015078272175342563,119
6,low,net_out,last_value,6.677340819683664e-05,9.928847214619305e-05,0.0001831433190929969,119
7,low,cpu_util_percent,kalman,0.01659689445479184,0.021555318743368117,0.05481190496592469,119
7,low,cpu_util_percent,ema,0.016966233979956207,0.02245155163647796,0.05587165537380473,119
7,low,cpu_util_percent,last_value,0.016588076774163157,0.021530072949817344,0.054780864902824404,119
7,low,net_in,kalman,7.358981465652846e-05,0.00011036674916109356,0.00016034213270041162,119
7,low,net_in,ema,7.772474009292422e-05,0.00011571980709006437,0.0001693510105403189,119
7,low,net_in,last_value,8.533451755311701e-05,0.00012363862350206467,0.00018593345095845734,119
7,low,net_out,kalman,6.69471693058562e-05,0.00010315554023702928,0.0001835596258917164,119
7,low,net_out,ema,6.644686532792847e-05,0.00010252937280192184,0.00018218803968889956,119
7,low,net_out,last_value,7.708578928497313e-05,0.00011478676479911681,0.00021136094097674678,119
8,low,cpu_util_percent,kalman,0.01571480809360789,0.021261441513143114,0.047221897799808635,119
8,low,cpu_util_percent,ema,0.01584823258571896,0.02142336607826142,0.04786765009408833,119
8,low,cpu_util_percent,last_value,0.015729343906434882,0.021269523441917477,0.04725621466826918,119
8,low,net_in,kalman,5.6972982266527356e-05,7.964570939878925e-05,0.0001240753030528815,119
8,low,net_in,ema,6.113812421394192e-05,8.42873444288538e-05,0.00013314575986651163,119
8,low,net_in,last_value,6.730788091780986e-05,9.152475431068625e-05,0.00014658268017076072,119
8,low,net_out,kalman,5.445076564934179e-05,7.31787363284481e-05,0.0001492257373663566,119
8,low,net_out,ema,5.409261686709007e-05,7.283236342058832e-05,0.0001482442699901703,119
8,low,net_out,last_value,6.368910817112267e-05,8.43725379249888e-05,0.00017454348043804009,119
9,low,cpu_util_percent,kalman,0.01548637561922658,0.021308281256471873,0.042008216774077484,119
9,low,cpu_util_percent,ema,0.016239033978238903,0.02168059443001808,0.044136097081225116,119
9,low,cpu_util_percent,last_value,0.01545682832298294,0.021309008774500645,0.0419294457354033,119
9,low,net_in,kalman,5.8832848899269064e-05,9.173075262270894e-05,0.0001280384803595366,119
9,low,net_in,ema,6.221065528456796e-05,9.880156636472494e-05,0.00013538981714126947,119
9,low,net_in,last_value,6.789089855643229e-05,0.00010893884029402283,0.00014775227858420916,119
9,low,net_out,kalman,5.750246820417024e-05,8.839085594975789e-05,0.00015753492018991252,119
9,low,net_out,ema,5.713703137607803e-05,8.779745665199057e-05,0.00015653371565637117,119
9,low,net_out,last_value,6.662400862803965e-05,0.00010496312747569133,0.00018252595568557265,119
10,low,cpu_util_percent,kalman,0.015660874601966,0.02103874741936071,0.047846072410467066,119
10,low,cpu_util_percent,ema,0.01610832858527284,0.021750258299668968,0.049013135884522725,119
10,low,cpu_util_percent,last_value,0.01563854479275376,0.021002601502870814,0.047784858656368195,119
10,low,net_in,kalman,6.378766236135393e-05,9.459429073481102e-05,0.00013875537190559284,119
10,low,net_in,ema,6.772963195783296e-05,0.00010052003287598216,0.0001473302433500428,119
10,low,net_in,last_value,7.365576652306324e-05,0.00010910448866347662,0.0001602210764969714,119
10,low,net_out,kalman,5.672610003093772e-05,8.436460012226111e-05,0.0001553350523731516,119
10,low,net_out,ema,5.63545236584269e-05,8.381407583803902e-05,0.0001543173945405915,119
10,low,net_out,last_value,6.574402753229734e-05,9.721229081229043e-05,0.00018003058950553363,119
11,medium,cpu_util_percent,kalman,0.015071186150253914,0.019322321739099046,0.03540567368993316,119
11,medium,cpu_util_percent,ema,0.015860043447065375,0.02019659356238898,0.03720988665296232,119
11,medium,cpu_util_percent,last_value,0.015037497218905222,0.019292542565497808,0.035329055083745634,119
11,medium,net_in,kalman,6.142538211088598e-05,9.118232440537242e-05,0.000133542702648513,119
11,medium,net_in,ema,6.699025453786577e-05,9.835684584592594e-05,0.00014564144881052874,119
11,medium,net_in,last_value,7.231986115606285e-05,0.0001081375222258299,0.00015722919425832177,119
11,medium,net_out,kalman,5.2603044262822436e-05,7.69961757371942e-05,0.00014398681025915898,119
11,medium,net_out,ema,5.201304879781421e-05,7.639777723731649e-05,0.00014237191147495034,119
11,medium,net_out,last_value,6.174802444659054e-05,9.100991076152691e-05,0.00016902017479217062,119
12,medium,cpu_util_percent,kalman,0.015186060385317923,0.020650032980935294,0.03798612942281406,119
12,medium,cpu_util_percent,ema,0.015525207777127027,0.020603035957481513,0.03887222690118145,119
12,medium,cpu_util_percent,last_value,0.015194039491863412,0.020654878376561627,0.0380083712044735,119
12,medium,net_in,kalman,0.00013353631383290543,0.00020394670590702182,0.0002900779509385724,119
12,medium,net_in,ema,0.0001397418068211164,0.00021208680769569234,0.00030355374691494355,119
12,medium,net_in,last_value,0.0001492454440098429,0.00022518441361214344,0.00032419457971730674,119
12,medium,net_out,kalman,0.0001287239638437509,0.00019313573781869762,0.00035207229597938243,119
12,medium,net_out,ema,0.00012806217495490651,0.00019241164848778176,0.0003502627024756056,119
12,medium,net_out,last_value,0.00014492609902504394,0.00021701579614493983,0.0003963831240437368,119
13,medium,cpu_util_percent,kalman,0.014518247953609275,0.018462355061069163,0.03395939639970079,119
13,medium,cpu_util_percent,ema,0.014833365900188128,0.018639878544198095,0.034685246525617504,119
13,medium,cpu_util_percent,last_value,0.014525587047224196,0.018469325278641355,0.033979147843732786,119
13,medium,net_in,kalman,0.00017878585504545058,0.0003199657939290514,0.0003884388243105111,119
13,medium,net_in,ema,0.00018815525773495273,0.00034438567805615707,0.0004087765842327272,119
13,medium,net_in,last_value,0.0002093730223043424,0.00037870426031783575,0.00045485154536474787,119
13,medium,net_out,kalman,0.00015847995965433302,0.00026886415746124544,0.0004335794312020488,119
13,medium,net_out,ema,0.00015866608174306201,0.0002676101549490766,0.000434092110636467,119
13,medium,net_out,last_value,0.00018582696851408316,0.00031903452899469093,0.0005083557870294647,119
14,medium,cpu_util_percent,kalman,0.017409769957728045,0.023647219068075608,0.039731731847010836,119
14,medium,cpu_util_percent,ema,0.018010343280466277,0.024954791056432685,0.04121737298239753,119
14,medium,cpu_util_percent,last_value,0.017400233979285352,0.023603112370048362,0.039710574347198976,119
14,medium,net_in,kalman,0.00010035665650343644,0.00015963274115367589,0.0002178234115255896,119
14,medium,net_in,ema,0.00010458394958676573,0.00017006273041103912,0.00022699826316645554,119
14,medium,net_in,last_value,0.00010996548991205622,0.00018506354566360603,0.0002386789825894151,119
14,medium,net_out,kalman,8.640274310689057e-05,0.00013971864395354234,0.00023620277423873473,119
14,medium,net_out,ema,8.621633332219088e-05,0.0001389568973714107,0.00023569362544443323,119
14,medium,net_out,last_value,9.599795973575245e-05,0.00016273724765553807,0.000262430370093998,119
15,medium,cpu_util_percent,kalman,0.015477361206657068,0.01987085189694776,0.03476953241438539,119
15,medium,cpu_util_percent,ema,0.015478080218292747,0.01989957634564588,0.034686206396012546,119
15,medium,cpu_util_percent,last_value,0.015482876846298708,0.019879201236116622,0.03478548262939078,119
15,medium,net_in,kalman,7.39090848329711e-05,0.00012892190066688528,0.00016035137307466964,119
15,medium,net_in,ema,7.879778094534408e-05,0.00013804074428594266,0.00017095538658150428,119
15,medium,net_in,last_value,8.44445921390913e-05,0.00015107829247913894,0.00018320321242879583,119
15,medium,net_out,kalman,6.296128488334944e-05,0.00010371475725988615,0.00017203233834507114,119
15,medium,net_out,ema,6.239731021528784e-05,0.00010304500500405991,0.00017049157135610413,119
15,medium,net_out,last_value,7.265306177933003e-05,0.00012163255753411419,0.00019850781761836375,119
16,medium,cpu_util_percent,kalman,0.014498780463835317,0.020790672197293376,0.034762007771637994,119
16,medium,cpu_util_percent,ema,0.014981631456132379,0.022192378821386735,0.03561693729981255,119
16,medium,cpu_util_percent,last_value,0.014496396497764335,0.020740440669498574,0.03476891125909172,119
16,medium,net_in,kalman,8.584246373911511e-05,0.00012757920366657848,0.00018608648202059295,119
16,medium,net_in,ema,9.092688347445657e-05,0.00013568969317597065,0.0001971077011669843,119
16,medium,net_in,last_value,9.649583375032638e-05,0.0001473724300075113,0.00020917954658738834,119
16,medium,net_out,kalman,7.008221404768553e-05,9.817931638428056e-05,0.0001913791997725766,119
16,medium,net_out,ema,7.004315375458238e-05,9.843283224835387e-05,0.00019127329920590042,119
16,medium,net_out,last_value,7.83891753024522e-05,0.00011185517493380596,0.00021406290363470043,119
17,high,cpu_util_percent,kalman,0.014017078529755008,0.0222552425355415,0.025325590579795255,119
17,high,cpu_util_percent,ema,0.01457727673261045,0.02439621515261796,0.026105149736792028,119
17,high,cpu_util_percent,last_value,0.013995015189091456,0.022168431746995138,0.02529669300463574,119
17,high,net_in,kalman,5.467811795623896e-05,7.213220390236286e-05,0.00011844267458105654,119
17,high,net_in,ema,5.829010653972528e-05,7.631635806837308e-05,0.00012626632468576069,119
17,high,net_in,last_value,6.357667081068414e-05,8.328259314540938e-05,0.00013771699041570344,119
17,high,net_out,kalman,5.152999193655458e-05,7.187947959475481e-05,0.0001406328508881535,119
17,high,net_out,ema,5.093467021809452e-05,7.145190119122407e-05,0.0001390080576366169,119
17,high,net_out,last_value,5.9566159636101415e-05,8.194472180336762e-05,0.00016256304853986756,119
18,high,cpu_util_percent,kalman,0.009866906245236971,0.012810246601155812,0.016842445997308997,119
18,high,cpu_util_percent,ema,0.010152656525172934,0.012667793615422057,0.017288858468056372,119
18,high,cpu_util_percent,last_value,0.009858462485383078,0.012829091356574451,0.016829079936899884,119
18,high,net_in,kalman,6.65131246673428e-05,0.00010051921901248894,0.0001439438825685014,119
18,high,net_in,ema,7.12193318957425e-05,0.00010696196663676409,0.00015412814119475512,119
18,high,net_in,last_value,7.626062465384572e-05,0.00011530996635163508,0.00016503687757117157,119
18,high,net_out,kalman,6.870427828793024e-05,0.00010263698094141917,0.00018739069369138478,119
18,high,net_out,ema,6.845628983042496e-05,0.00010219619221192503,0.00018671454452148114,119
18,high,net_out,last_value,7.770415685010211e-05,0.00011787029329575871,0.0002119362306339876,119
19,high,cpu_util_percent,kalman,0.012219840196994229,0.015420761433514832,0.021502083330043907,119
19,high,cpu_util_percent,ema,0.012857476532797714,0.01585334830880469,0.022570151330024803,119
19,high,cpu_util_percent,last_value,0.0121907818689265,0.015407673604276724,0.021454120384576513,119
19,high,net_in,kalman,5.65833805814873e-05,8.108931681302075e-05,0.00012236084827167096,119
19,high,net_in,ema,6.0651992797631485e-05,8.74473046906386e-05,0.00013115986223686895,119
19,high,net_in,last_value,6.651324016492536e-05,9.615987509435763e-05,0.0001438353733236165,119
19,high,net_out,kalman,5.4541410260088195e-05,7.530598030486927e-05,0.00014866736101208763,119
19,high,net_out,ema,5.427977089402717e-05,7.488995219103516e-05,0.00014795406851867562,119
19,high,net_out,last_value,6.454535655681058e-05,8.912601620341316e-05,0.0001759363236635473,119
20,high,cpu_util_percent,kalman,0.010811619155095153,0.0143999817749644,0.020186999694725986,119
20,high,cpu_util_percent,ema,0.010723213178106558,0.01416724013687188,0.01999160832568179,119
20,high,cpu_util_percent,last_value,0.010819578970931793,0.014420740603751434,0.020203820050506676,119
20,high,net_in,kalman,6.752907803446859e-05,0.00010696221906632961,0.00014592376063559645,119
20,high,net_in,ema,7.221024034908116e-05,0.00011471893218569807,0.00015603936145988347,119
20,high,net_in,last_value,7.770659150946418e-05,0.0001257327969619451,0.00016791609471308432,119
20,high,net_out,kalman,5.675837331789703e-05,8.686480632962578e-05,0.0001545994100543401,119
20,high,net_out,ema,5.62888141066962e-05,8.626984711339408e-05,0.00015332036570102342,119
20,high,net_out,last_value,6.60259293855628e-05,0.00010184961322888489,0.00017984220284483464,119
21,high,cpu_util_percent,kalman,0.01302930017103273,0.01666912754620348,0.02352485791339323,119
21,high,cpu_util_percent,ema,0.0133450481711489,0.016943872401887883,0.024029524897507374,119
21,high,cpu_util_percent,last_value,0.013018414713507604,0.016660692510143134,0.02350764539674016,119
21,high,net_in,kalman,6.962686552053017e-05,0.0001192553790341366,0.00015036604785429694,119
21,high,net_in,ema,7.457113157630161e-05,0.00012808387184628096,0.00016104170071753725,119
21,high,net_in,last_value,8.233938439451891e-05,0.00014044271126319982,0.00017781516355666808,119
21,high,net_out,kalman,6.321823097896826e-05,0.00010712378735544588,0.00017211762981275873,119
21,high,net_out,ema,6.263432852062552e-05,0.00010643883930887392,0.00017052793403253135,119
21,high,net_out,last_value,7.350635190873048e-05,0.00012516863470397855,0.00020012166758119,119
22,high,cpu_util_percent,kalman,0.013750579950357276,0.017693970573255727,0.024473266413934987,119
22,high,cpu_util_percent,ema,0.014431249713776233,0.018427308395031195,0.025765623736966167,119
22,high,cpu_util_percent,last_value,0.013721177562750753,0.017668444642979404,0.024417989954960376,119
22,high,net_in,kalman,6.937716662087981e-05,0.00010319542614823937,0.00014969900115947455,119
22,high,net_in,ema,7.267968032059291e-05,0.00010938747948608422,0.00015682664085444692,119
22,high,net_in,last_value,7.844254653095704e-05,0.00011943844642945967,0.00016926423598887034,119
22,high,net_out,kalman,6.646137785722069e-05,0.00010110443236391717,0.0001807549387133387,119
22,high,net_out,ema,6.613347429254451e-05,0.00010063005769608367,0.00017986243623760724,119
22,high,net_out,last_value,7.392203310990681e-05,0.00011402697410834167,0.0002010551620736214,119
23,high,cpu_util_percent,kalman,0.014368002165832602,0.019653922075026444,0.029563645063915064,119
23,high,cpu_util_percent,ema,0.014987877655068902,0.02030591158811269,0.03068458350817266,119
23,high,cpu_util_percent,last_value,0.014361362851070534,0.019659472356792832,0.029553929161012165,119
23,high,net_in,kalman,5.969351359534484e-05,7.717285129193113e-05,0.00012873299385534874,119
23,high,net_in,ema,6.374963418890677e-05,8.185454515845017e-05,0.0001374802919202269,119
23,high,net_in,last_value,6.826008682575453e-05,8.856761378008434e-05,0.00014720718277091955,119
23,high,net_out,kalman,4.9820033029417343e-05,6.663113748740601e-05,0.00013541644367945013,119
23,high,net_out,ema,4.954093070878373e-05,6.628708100541311e-05,0.0001346577189225894,119
23,high,net_out,last_value,5.6507357476005136e-05,7.56626417013744e-05,0.00015359450761149167,119
24,high,cpu_util_percent,kalman,0.015817261960767652,0.020418874692731598,0.033118919771427356,119
24,high,cpu_util_percent,ema,0.016101863025685705,0.02070409143845262,0.03369103525680568,119
24,high,cpu_util_percent,last_value,0.015809341140509525,0.02041075438285816,0.03310283170040354,119
24,high,net_in,kalman,7.220158770205885e-05,9.657041049023961e-05,0.00015559411622092904,119
24,high,net_in,ema,7.529224690435868e-05,9.98237201325716e-05,0.00016225485886094788,119
24,high,net_in,last_value,8.172085261682809e-05,0.00010684023410005436,0.00017610891622729942,119
24,high,net_out,kalman,6.626420091533788e-05,8.749413873994613e-05,0.00017996565338938231,119
24,high,net_out,ema,6.510873093605304e-05,8.618581921573337e-05,0.00017682701068437865,119
24,high,net_out,last_value,7.62134256322741e-05,9.687076945499793e-05,0.00020698637146641203,119
25,medium,cpu_util_percent,kalman,0.013053146620718352,0.016545693746654586,0.030755635153122195,119
25,medium,cpu_util_percent,ema,0.013310222126688835,0.01686087327465786,0.031403744175790546,119
25,medium,cpu_util_percent,last_value,0.013051880237968364,0.016542099253261666,0.030752065847784532,119
25,medium,net_in,kalman,4.7660367369610245e-05,6.581123663349226e-05,0.00010266248249321635,119
25,medium,net_in,ema,5.106169834297985e-05,7.015259198209422e-05,0.00010998900118547955,119
25,medium,net_in,last_value,5.52713527780566e-05,7.60187205991962e-05,0.00011905669928581876,119
25,medium,net_out,kalman,4.338228418666237e-05,5.7411607353995726e-05,0.00011776759788466364,119
25,medium,net_out,ema,4.3013709852440374e-05,5.700947280355866e-05,0.0001167668073705169,119
25,medium,net_out,last_value,4.974737951826657e-05,6.401227677053669e-05,0.0001350456548241222,119
26,low,cpu_util_percent,kalman,0.01445463632522314,0.018862591652316674,0.036433107291930666,119
26,low,cpu_util_percent,ema,0.014734559029000933,0.019065066427193838,0.0372363430416091,119
26,low,cpu_util_percent,last_value,0.014446733290547126,0.018864033506070355,0.03640974273957404,119
26,low,net_in,kalman,6.380582636215225e-05,9.842312611997315e-05,0.00013734344677651937,119
26,low,net_in,ema,6.976914029045909e-05,0.00010691147796168948,0.00015017941339779995,119
26,low,net_in,last_value,7.755339626497187e-05,0.00011879630202723607,0.00016693529558547317,119
26,low,net_out,kalman,6.043242347561134e-05,8.898497811785295e-05,0.00016389474736968539,119
26,low,net_out,ema,6.005371099161308e-05,8.833228957196456e-05,0.00016286785488660166,119
26,low,net_out,last_value,7.116950671718013e-05,0.00010594891406783153,0.00019301514661594155,119
27,high,cpu_util_percent,kalman,0.015254094100604175,0.019908802167304538,0.03111443844220843,119
27,high,cpu_util_percent,ema,0.016117981060651636,0.02138599502904163,0.03267641071350687,119
27,high,cpu_util_percent,last_value,0.015227441014083862,0.019862861424763165,0.031070858552793023,119
27,high,net_in,kalman,8.250284470606203e-05,0.00012764726863514846,0.00017746070159604287,119
27,high,net_in,ema,8.816104078491817e-05,0.00013574311840989608,0.0001896320696248992,119
27,high,net_in,last_value,9.669078198374818e-05,0.0001481511870013622,0.0002079783862696491,119
27,high,net_out,kalman,7.005274408128416e-05,0.00010855691154516838,0.00018985152124487443,119
27,high,net_out,ema,6.960085368616723e-05,0.00010781121611700457,0.0001886267471533404,119
27,high,net_out,last_value,8.166321764838557e-05,0.0001264631750427188,0.00022131569377303924,119
28,medium,cpu_util_percent,kalman,0.018461511254132333,0.023738505872529417,0.041580245538075926,119
28,medium,cpu_util_percent,ema,0.01950754316325903,0.02499067423708591,0.043799381081296135,119
28,medium,cpu_util_percent,last_value,0.018413439410872867,0.02368985973910979,0.04147580643123203,119
28,medium,net_in,kalman,9.702749988044866e-05,0.00016724569881652798,0.00020863798167242273,119
28,medium,net_in,ema,0.00010196975331088573,0.00017920170312092152,0.00021926539916039257,119
28,medium,net_in,last_value,0.00011102978133101028,0.00019774669742012943,0.0002387475673322668,119
28,medium,net_out,kalman,8.323210559147518e-05,0.00014590253941708408,0.00022552129268371487,119
28,medium,net_out,ema,8.264215084078309e-05,0.0001449795849036737,0.00022392244098673393,119
28,medium,net_out,last_value,0.00010018189213348224,0.0001729981688104071,0.0002714522723610328,119
29,low,cpu_util_percent,kalman,0.012720795913292945,0.01629900137039512,0.03239941436230824,119
29,low,cpu_util_percent,ema,0.012531906196419348,0.016282335367542197,0.03195543429148202,119
29,low,cpu_util_percent,last_value,0.012743233772119148,0.016315821780368008,0.03245617177664644,119
29,low,net_in,kalman,7.917325710323887e-05,0.00011640952418115558,0.00017020533024681423,119
29,low,net_in,ema,8.32463835337663e-05,0.0001228705702714524,0.000178961546672258,119
29,low,net_in,last_value,9.053823231584345e-05,0.00013276955821764935,0.00019463623369037669,119
29,low,net_out,kalman,6.847299993882092e-05,0.00010208594630574327,0.00018547662706784184,119
29,low,net_out,ema,6.815658172372417e-05,0.00010156814491501297,0.00018461966779514214,119
29,low,net_out,last_value,7.706652162520107e-05,0.00011660442894184158,0.0002087521111176529,119
30,medium,cpu_util_percent,kalman,0.01778031992862141,0.023158477442677964,0.04204828697360103,119
30,medium,cpu_util_percent,ema,0.017689756120012078,0.023674121195784787,0.04172228656173804,119
30,medium,cpu_util_percent,last_value,0.017786225315057403,0.023144383300809986,0.04206874123884945,119
30,medium,net_in,kalman,6.54612213189917e-05,8.765340873812411e-05,0.00014062648437810987,119
30,medium,net_in,ema,6.980186146212159e-05,9.382329008213873e-05,0.00014995221204601835,119
30,medium,net_in,last_value,7.586979390250594e-05,0.00010215437679392192,0.0001629890654976969,119
30,medium,net_out,kalman,6.233681272274382e-05,8.289354842563049e-05,0.0001687187327395856,119
30,medium,net_out,ema,6.235371492556558e-05,8.347130747834295e-05,0.0001687639592795594,119
30,medium,net_out,last_value,7.244798377523703e-05,9.516426563914939e-05,0.00019608847849268723,119
31,medium,cpu_util_percent,kalman,0.01599163223804429,0.02230513934318021,0.038489960247645824,119
31,medium,cpu_util_percent,ema,0.016156087162406258,0.022493555529638786,0.03902358712081381,119
31,medium,cpu_util_percent,last_value,0.015982883448494096,0.022304030624771973,0.03846364849269017,119
31,medium,net_in,kalman,0.0001475198925731389,0.00037343347388438085,0.0003172004423386565,119
31,medium,net_in,ema,0.00013371300531803061,0.00035416109276360043,0.0002874693055931797,119
31,medium,net_in,last_value,0.00013080246943848004,0.00035017694234348173,0.0002811615573706395,119
31,medium,net_out,kalman,0.00011047212918223318,0.0002407224309070923,0.0002991248700122244,119
31,medium,net_out,ema,0.00011041744624108833,0.00024171935686693717,0.00029898127675922483,119
31,medium,net_out,last_value,0.00010666004069287696,0.00023280373651190063,0.0002887323666214049,119
32,medium,cpu_util_percent,kalman,0.016060678124039836,0.02097761320932176,0.03671296474258903,119
32,medium,cpu_util_percent,ema,0.016095894420305113,0.021294301767909057,0.036677433718526324,119
32,medium,cpu_util_percent,last_value,0.01606626282157079,0.020974279123823138,0.036729083055267196,119
32,medium,net_in,kalman,0.00020089903430833155,0.0006258920071233186,0.00043242637930763686,119
32,medium,net_in,ema,0.00017512087825398648,0.0005950912146413838,0.00037682981963105527,119
32,medium,net_in,last_value,0.00016493015831965956,0.0005867031439047349,0.000354803384034427,119
32,medium,net_out,kalman,0.00013558276605639023,0.0003797917416365303,0.00036730791298348936,119
32,medium,net_out,ema,0.00013744933155481446,0.00038234329148983996,0.00037237425578532914,119
32,medium,net_out,last_value,0.00011937326948764147,0.00035911833814723375,0.000323245293566129,119
33,high,cpu_util_percent,kalman,0.011508641142499386,0.015202218946897094,0.02385092660585627,119
33,high,cpu_util_percent,ema,0.01165880869372291,0.01528389546805805,0.02408412352009637,119
33,high,cpu_util_percent,last_value,0.011515794123836005,0.015213353347247547,0.023871906978264513,119
33,high,net_in,kalman,8.383386032697354e-05,0.00012652707567890816,0.00017976222698139893,119
33,high,net_in,ema,8.779288237445938e-05,0.0001312733996093311,0.000188250799192877,119
33,high,net_in,last_value,9.338971297037902e-05,0.00014107298694992338,0.00020025010564211944,119
33,high,net_out,kalman,6.911439509978752e-05,0.00010231095400831728,0.00018666925419958533,119
33,high,net_out,ema,6.92601854140175e-05,0.0001019928921719891,0.00018706395623516116,119
33,high,net_out,last_value,8.06637054348067e-05,0.00011871332523208542,0.00021785814768819373,119
34,high,cpu_util_percent,kalman,0.013995764875232351,0.01828263026749856,0.030211471846988962,119
34,high,cpu_util_percent,ema,0.014213605652679432,0.01842817819888847,0.030651837301531464,119
34,high,cpu_util_percent,last_value,0.013988145418534466,0.018291524777379685,0.03019590679467825,119
34,high,net_in,kalman,6.382766762647788e-05,9.199967863642085e-05,0.00013678905363920493,119
34,high,net_in,ema,6.869784538246563e-05,0.00010087886232823869,0.00014722647727311296,119
34,high,net_in,last_value,7.49781519671588e-05,0.00011445620251186327,0.00016068579826148768,119
34,high,net_out,kalman,5.993755429361531e-05,7.938128437350771e-05,0.00016178141316504856,119
34,high,net_out,ema,5.956831868896741e-05,7.883793079365593e-05,0.00016078471551483846,119
34,high,net_out,last_value,6.920769630668801e-05,9.715326045135735e-05,0.00018680389338871506,119
35,high,cpu_util_percent,kalman,0.01345895210394276,0.017841105157937954,0.029420468345369637,119
35,high,cpu_util_percent,ema,0.013882361896362161,0.01847085382883405,0.03033895532842602,119
35,high,cpu_util_percent,last_value,0.013448937408081882,0.017819999809562115,0.02939679217506837,119
35,high,net_in,kalman,0.00010541476964332314,0.00019805533861226937,0.00022590923539471654,119
35,high,net_in,ema,0.00010399538281645506,0.0001982404472618699,0.00022285180123121057,119
35,high,net_in,last_value,0.00010957571824413404,0.00020583838702798612,0.00023479959993615428,119
35,high,net_out,kalman,0.00010116673344315015,0.00020915380667571793,0.0002730847267114376,119
35,high,net_out,ema,0.00010167500522565786,0.00020999411219411226,0.00027445988204171165,119
35,high,net_out,last_value,0.00010481012994491943,0.00020880675758284056,0.00028287826503694684,119
36,medium,cpu_util_percent,kalman,0.01396312320708339,0.018287453545757067,0.03205268700032313,119
36,medium,cpu_util_percent,ema,0.01401230499149902,0.01865481135385965,0.03204499685374784,119
36,medium,cpu_util_percent,last_value,0.013964720497083964,0.018276480581824562,0.03206256512314524,119
36,medium,net_in,kalman,0.00011683192453158319,0.00023458585863792646,0.00025033448194857985,119
36,medium,net_in,ema,0.00011285591497576363,0.00022813232789602078,0.00024179305783847494,119
36,medium,net_in,last_value,0.00011386035360764941,0.00023193878737145756,0.00024392615912830062,119
36,medium,net_out,kalman,0.00010017403807452581,0.000205614953036546,0.0002703026708029841,119
36,medium,net_out,ema,0.00010060960933935755,0.00020666685346108817,0.0002714813458640402,119
36,medium,net_out,last_value,9.791508397513521e-05,0.00020275382783574596,0.000264156219675137,119
37,low,cpu_util_percent,kalman,0.01470854429602441,0.01862222674877077,0.03758675940947985,119
37,low,cpu_util_percent,ema,0.014674925782430572,0.01877091142926379,0.03749894993267798,119
37,low,cpu_util_percent,last_value,0.014705373018732598,0.018629350404930967,0.037579915192166406,119
37,low,net_in,kalman,0.0002031341987675806,0.0004470013305346745,0.0004340394241018232,119
37,low,net_in,ema,0.00021215798019157955,0.0004661821731113175,0.0004533321350985913,119
37,low,net_in,last_value,0.000226798823079584,0.0004992532904730636,0.00048463880320510536,119
37,low,net_out,kalman,0.00016816535901986775,0.0003626433219405699,0.0004523160442518508,119
37,low,net_out,ema,0.00016651303027210814,0.0003610319843188785,0.00044786604809960763,119
37,low,net_out,last_value,0.00019105405143223105,0.00040698018406824777,0.0005139306803195764,119
38,low,cpu_util_percent,kalman,0.0131675926962957,0.01625001575972948,0.033495737469562054,119
38,low,cpu_util_percent,ema,0.012936863430014836,0.016260907092491953,0.03287620661370347,119
38,low,cpu_util_percent,last_value,0.013183404091420681,0.01626080700252639,0.03353772612266776,119
38,low,net_in,kalman,0.00039185020174061614,0.0005389772489938706,0.0008386173971812054,119
38,low,net_in,ema,0.0004079257285342786,0.0005612259159748393,0.000873028022962819,119
38,low,net_in,last_value,0.0004369316744503148,0.0005976431715378483,0.0009351130184027221,119
38,low,net_out,kalman,0.0003649087060879961,0.0004984753915102582,0.0009834511490146012,119
38,low,net_out,ema,0.0003654620203731568,0.0004973109097373421,0.0009849412914632878,119
38,low,net_out,last_value,0.0003986266421737152,0.0005473936122184083,0.0010743187637827093,119
39,medium,cpu_util_percent,kalman,0.01636732363292798,0.020555407422570983,0.03814447617013984,119
39,medium,cpu_util_percent,ema,0.017133269235057296,0.02156515352194541,0.03966108812396194,119
39,medium,cpu_util_percent,last_value,0.016346516261760476,0.02052143961051714,0.03810839431300557,119
39,medium,net_in,kalman,0.000807510982095566,0.0010997703858698536,0.0017262863235823522,119
39,medium,net_in,ema,0.0008180351496534851,0.0010962360088745931,0.0017486614106151926,119
39,medium,net_in,last_value,0.0008358815173673539,0.0011228144417200646,0.0017867210412017677,119
39,medium,net_out,kalman,0.0007450135485687597,0.0009919383959241838,0.0020043958421563863,119
39,medium,net_out,ema,0.0007491961679440159,0.000994505416306701,0.0020156811715132724,119
39,medium,net_out,last_value,0.0007526740932222575,0.0010186252005198978,0.0020248399664299747,119
40,low,cpu_util_percent,kalman,0.013316672257952064,0.01675508691377805,0.03352052798351805,119
40,low,cpu_util_percent,ema,0.01293033627410916,0.016758150889077103,0.03249280094997147,119
40,low,cpu_util_percent,last_value,0.013343114437243321,0.01677355970171313,0.033589328218170456,119
40,low,net_in,kalman,0.0009094813548950419,0.001189913379438593,0.0019458797044558027,119
40,low,net_in,ema,0.0009361068450260846,0.0012208452086221123,0.0020027273277518037,119
40,low,net_in,last_value,0.000977863874038502,0.001279860759039004,0.0020918075198360616,119
40,low,net_out,kalman,0.0007959807542321138,0.001030165668894409,0.0021442220597346754,119
40,low,net_out,ema,0.0007953297641555293,0.0010282821043748824,0.0021424676939408465,119
40,low,net_out,last_value,0.0008784919007619025,0.0011170397569843812,0.0023660633518207434,119
41,low,cpu_util_percent,kalman,0.011469831303458453,0.01449268485879548,0.02953786167390382,119
41,low,cpu_util_percent,ema,0.011239971068491077,0.01413798359725448,0.028961608951186733,119
41,low,cpu_util_percent,last_value,0.011485858664256972,0.014518765644747704,0.02957948192026454,119
41,low,net_in,kalman,0.0003949110920780433,0.0005457554069490788,0.0008437081035851176,119
41,low,net_in,ema,0.00038056097057333123,0.0005484483889682932,0.0008130287888522645,119
41,low,net_in,last_value,0.00038119799470732655,0.0005677254734564164,0.0008144057360937682,119
41,low,net_out,kalman,0.00035128709371976105,0.0004718858304836229,0.0009445512985467523,119
41,low,net_out,ema,0.00035306864448801363,0.00047225428166151797,0.0009493440612660519,119
41,low,net_out,last_value,0.00034164425871083845,0.0004977010197988539,0.0009185730286649591,119
42,medium,cpu_util_percent,kalman,0.01446986966773608,0.019178622905902276,0.03587808817744145,119
42,medium,cpu_util_percent,ema,0.014376909338237156,0.019592014435835418,0.03539797834357228,119
42,medium,cpu_util_percent,last_value,0.014480160173455464,0.019171588953427736,0.03591667730856339,119
42,medium,net_in,kalman,9.226386161495864e-05,0.00013661848622297602,0.00019703190015917505,119
42,medium,net_in,ema,9.854945619939718e-05,0.00014553846761602973,0.0002104557153796481,119
42,medium,net_in,last_value,0.00010621085006378094,0.00015880065812893293,0.0002268183907677464,119
42,medium,net_out,kalman,7.738904211790027e-05,0.00011783423206176282,0.00020796614381920255,119
42,medium,net_out,ema,7.663312080390758e-05,0.00011702520512992727,0.00020593410538009678,119
42,medium,net_out,last_value,9.107422769044217e-05,0.00013595226620844667,0.0002447460594697981,119
43,medium,cpu_util_percent,kalman,0.013548059456865843,0.017887675051071382,0.034124651581026524,119
43,medium,cpu_util_percent,ema,0.013313453095917228,0.01776496841306468,0.03350266061248564,119
43,medium,cpu_util_percent,last_value,0.013566827673460104,0.01790395905059001,0.03417290190932535,119
43,medium,net_in,kalman,8.620533168652444e-05,0.00013512695942191182,0.0001840078396499484,119
43,medium,net_in,ema,9.144594199204085e-05,0.00014474866902799456,0.00019519524324101775,119
43,medium,net_in,last_value,9.83689272227691e-05,0.000158499574446135,0.00020997437857917057,119
43,medium,net_out,kalman,7.840250449947983e-05,0.0001220595355986201,0.0002105812074487948,119
43,medium,net_out,ema,7.764577066708818e-05,0.0001212113760341877,0.000208548348876637,119
43,medium,net_out,last_value,8.968037420576676e-05,0.00014158191856846906,0.00024087415842002772,119
44,medium,cpu_util_percent,kalman,0.012201121352560839,0.016129105083963723,0.030233317384035795,119
44,medium,cpu_util_percent,ema,0.012555363077482552,0.016314773163532602,0.03110215645072536,119
44,medium,cpu_util_percent,last_value,0.012200533012823962,0.016130128365983532,0.03023556317601277,119
44,medium,net_in,kalman,6.467564574866092e-05,8.826528701469102e-05,0.0001379804592355254,119
44,medium,net_in,ema,6.941417586552909e-05,9.436697936567665e-05,0.0001480906169618338,119
44,medium,net_in,last_value,7.594154250418957e-05,0.00010300373161512172,0.00016201648684645759,119
44,medium,net_out,kalman,5.4224014310985646e-05,7.31770849930624e-05,0.0001455396607573629,119
44,medium,net_out,ema,5.438747854370634e-05,7.321049381967847e-05,0.00014597858246780308,119
44,medium,net_out,last_value,6.428730744767557e-05,8.47991628883979e-05,0.00017255051632370774,119
45,medium,cpu_util_percent,kalman,0.014268727610082662,0.018442620507774808,0.03408101561674397,119
45,medium,cpu_util_percent,ema,0.014343874343954139,0.018656390356717675,0.03414248469782043,119
45,medium,cpu_util_percent,last_value,0.014286434316730016,0.018445191643488554,0.03412444522931751,119
45,medium,net_in,kalman,0.00013558447817291208,0.00038490154911216247,0.0002898871740727297,119
45,medium,net_in,ema,0.0001184043780112806,0.0003616403740561033,0.00025308729602768114,119
45,medium,net_in,last_value,0.00010972077768181986,0.0003526324270699283,0.00023447328101740855,119
45,medium,net_out,kalman,8.839775625030011e-05,0.0001825585191510132,0.00023739957458733456,119
45,medium,net_out,ema,8.942743553169381e-05,0.00018412676113360932,0.00024016922449147062,119
45,medium,net_out,last_value,8.045868015502927e-05,0.00016837563784608214,0.0002160317690460434,119
46,low,cpu_util_percent,kalman,0.01567038465234668,0.020321270090635463,0.04411007644980523,119
46,low,cpu_util_percent,ema,0.015829039043330304,0.02093044524491828,0.04435071794628943,119
46,low,cpu_util_percent,last_value,0.01568818821761528,0.02031649632980954,0.04417275254575288,119
46,low,net_in,kalman,7.247423943985054e-05,0.00011675499163041305,0.00015445859414899918,119
46,low,net_in,ema,7.803859785318962e-05,0.000126054234088941,0.0001663188468751569,119
46,low,net_in,last_value,8.673297189786397e-05,0.0001390651957938081,0.00018485031851578942,119
46,low,net_out,kalman,6.38422920752251e-05,0.00010454705158045748,0.00017114554879346853,119
46,low,net_out,ema,6.360955052486001e-05,0.00010388076569969892,0.00017052157413457493,119
46,low,net_out,last_value,7.433259711339049e-05,0.00012356309670977044,0.00019927162163535416,119
47,low,cpu_util_percent,kalman,0.014226445419038317,0.01792313946810004,0.04535358422614739,119
47,low,cpu_util_percent,ema,0.014478675280189264,0.01813239476823805,0.04616328625469469,119
47,low,cpu_util_percent,last_value,0.014214023134016833,0.017915044528866175,0.04531325488948009,119
47,low,net_in,kalman,7.12113966852734e-05,0.0001109579025987376,0.0001516984719973027,119
47,low,net_in,ema,7.35352081166275e-05,0.00011616107664218476,0.0001566478217132155,119
47,low,net_in,last_value,7.923948000595174e-05,0.00012428002292156655,0.00016879873507526146,119
47,low,net_out,kalman,6.870493315858888e-05,0.00010660434982244458,0.00018408620224543755,119
47,low,net_out,ema,6.84814980904095e-05,0.00010602300635945594,0.00018348754591100255,119
47,low,net_out,last_value,7.595821271710412e-05,0.00012005121215349762,0.00020351678155854856,119
48,low,cpu_util_percent,kalman,0.01651810034165953,0.023597253987620224,0.04186499800827476,119
48,low,cpu_util_percent,ema,0.017690701779512426,0.02486100173762483,0.04471944478032241,119
48,low,cpu_util_percent,last_value,0.016471577669576278,0.023555283123304453,0.04174807901912166,119
48,low,net_in,kalman,7.374530659490907e-05,9.979058091476844e-05,0.00015706607607588334,119
48,low,net_in,ema,7.843418511471185e-05,0.0001066401448144663,0.00016705265260733156,119
48,low,net_in,last_value,8.455473772228241e-05,0.0001166041079829763,0.00018008832512627303,119
48,low,net_out,kalman,6.96378998388753e-05,9.101312026249884e-05,0.00018654103615957658,119
48,low,net_out,ema,6.906153988819022e-05,9.039119407372357e-05,0.00018499696074769295,119
48,low,net_out,last_value,8.043694183606178e-05,0.00010600923938858226,0.0002154680888919715,119
49,low,cpu_util_percent,kalman,0.012610746873855374,0.016551981358012776,0.03848577430345112,119
49,low,cpu_util_percent,ema,0.012378492828704684,0.016291454151362697,0.037816476598927375,119
49,low,cpu_util_percent,last_value,0.012636637092817702,0.016572486675180582,0.038561276707935674,119
49,low,net_in,kalman,7.629983048286131e-05,0.00011768745341633048,0.00016239755660143833,119
49,low,net_in,ema,7.933085419973872e-05,0.000121162602035135,0.00016884968463421246,119
49,low,net_in,last_value,8.383260984210243e-05,0.00012748319870623542,0.00017843334392570373,119
49,low,net_out,kalman,6.733551365522602e-05,0.00010441740839183901,0.00018023445520722707,119
49,low,net_out,ema,6.702658971294318e-05,0.00010386723094760982,0.00017940688109014898,119
49,low,net_out,last_value,7.398254817179598e-05,0.00011324235960390487,0.00019803110928960044,119
50,low,cpu_util_percent,kalman,0.014803808054379456,0.019788646569754438,0.040821569242384205,119
50,low,cpu_util_percent,ema,0.015609383703417572,0.020504312373387186,0.04275165542242381,119
50,low,cpu_util_percent,last_value,0.014779802234236306,0.019770092225651736,0.04077610223492887,119
50,low,net_in,kalman,9.48760425709594e-05,0.00018801523796506528,0.0002019668587294649,119
50,low,net_in,ema,9.30893627089231e-05,0.00018357039279457985,0.0001981484254317261,119
50,low,net_in,last_value,9.488004095145352e-05,0.00018587014625289844,0.0002019502653400469,119
50,low,net_out,kalman,7.952330253233216e-05,0.00016230667935365566,0.000212879993268559,119
50,low,net_out,ema,7.956746670874429e-05,0.00016297358451852005,0.0002130005136614733,119
50,low,net_out,last_value,8.32469735193048e-05,0.0001605863991135697,0.00022282041170709603,119
51,medium,cpu_util_percent,kalman,0.014295699604568455,0.018987668494923456,0.0333440548214183,119
51,medium,cpu_util_percent,ema,0.014618905943707728,0.019505392970380682,0.03408659488485278,119
51,medium,cpu_util_percent,last_value,0.014320820426858881,0.01898625076700576,0.033401627739206026,119
51,medium,net_in,kalman,9.28028243759514e-05,0.00018557304840568955,0.00019748143345889928,119
51,medium,net_in,ema,9.216946972049222e-05,0.00018097452518126006,0.00019611889374428285,119
51,medium,net_in,last_value,9.485948426337812e-05,0.00018406815089669752,0.00020183577408966046,119
51,medium,net_out,kalman,8.214280630690993e-05,0.00016140929685823022,0.00021982378725177705,119
51,medium,net_out,ema,8.2361111990054e-05,0.0001621430829011315,0.00022040955938854143,119
51,medium,net_out,last_value,8.407337883157266e-05,0.0001603852242409514,0.00022496702627732755,119
52,low,cpu_util_percent,kalman,0.014598737196329214,0.018704032702195367,0.03932795770533903,119
52,low,cpu_util_percent,ema,0.015029305686501746,0.019301849164638944,0.04042481393739338,119
52,low,cpu_util_percent,last_value,0.014593556040663936,0.018688928352013502,0.039316423799150964,119
52,low,net_in,kalman,7.714843526072876e-05,0.00010378039592801231,0.00016398120242394414,119
52,low,net_in,ema,8.139993860510888e-05,0.00010863703011730574,0.0001730200534434485,119
52,low,net_in,last_value,8.710996186654184e-05,0.00011426468656703618,0.00018515921809416911,119
52,low,net_out,kalman,6.556426380288357e-05,8.940145496696664e-05,0.0001752399271572505,119
52,low,net_out,ema,6.53910079185879e-05,8.902090782613078e-05,0.00017477666706151903,119
52,low,net_out,last_value,7.2807155648894e-05,9.795395701833352e-05,0.00019460070440035165,119
53,medium,cpu_util_percent,kalman,0.013171179101378338,0.016759654904420173,0.03416032765091182,119
53,medium,cpu_util_percent,ema,0.013050124490868282,0.016661350815889757,0.033880586605307426,119
53,medium,cpu_util_percent,last_value,0.013182792251881827,0.016776678049812293,0.03418885139636733,119
53,medium,net_in,kalman,0.00011592562481549058,0.0002313714756792661,0.000246295028350534,119
53,medium,net_in,ema,0.00011706096219477933,0.000232398096978846,0.00024870237333115446,119
53,medium,net_in,last_value,0.0001221900038630416,0.00024092637105662084,0.0002595928125006234,119
53,medium,net_out,kalman,0.00010351546843287779,0.00021530851953768468,0.00027661599617071717,119
53,medium,net_out,ema,0.00010392548434561455,0.00021584055294930732,0.0002777122997899599,119
53,medium,net_out,last_value,0.00010669765917596931,0.00021998313809983843,0.00028510115271472537,119
54,high,cpu_util_percent,kalman,0.014752605853884711,0.019019026180934564,0.03259682912455872,119
54,high,cpu_util_percent,ema,0.014977458777834185,0.019397643482075722,0.03307987419978474,119
54,high,cpu_util_percent,last_value,0.014742378695799679,0.019005691645401095,0.032572745398459516,119
54,high,net_in,kalman,9.609844203337407e-05,0.00014405173436350774,0.00020410312757812823,119
54,high,net_in,ema,9.671828184219088e-05,0.00014656153346499163,0.00020541729297003327,119
54,high,net_in,last_value,0.0001020228734501604,0.00015372243048041148,0.00021668442442422217,119
54,high,net_out,kalman,9.090886079003328e-05,0.00014361860021441865,0.00024283979668100967,119
54,high,net_out,ema,9.116819182086966e-05,0.00014376584899818083,0.00024353335252527282,119
54,high,net_out,last_value,9.907973884031017e-05,0.0001515880024014777,0.0002646563710580474,119
55,high,cpu_util_percent,kalman,0.011453574716712852,0.01482489875770411,0.023129538057533428,119
55,high,cpu_util_percent,ema,0.011861755422626333,0.015641725876105662,0.023804052192333638,119
55,high,cpu_util_percent,last_value,0.011453377075291562,0.01479853729720321,0.0231363036959983,119
55,high,net_in,kalman,0.00010569707434394867,0.00014523852800090792,0.00022433043618327685,119
55,high,net_in,ema,0.00011173175188725701,0.00015103453561894119,0.00023713940737850398,119
55,high,net_in,last_value,0.00012038664339747383,0.00016131871483608705,0.00025550833845674803,119
55,high,net_out,kalman,9.655501470260705e-05,0.00013213757496928412,0.0002577107399856599,119
55,high,net_out,ema,9.63968162888367e-05,0.0001318454641977101,0.00025728841595490127,119
55,high,net_out,last_value,0.00010972326701414603,0.00014715345222230837,0.0002928575092657608,119
56,high,cpu_util_percent,kalman,0.011921487435737524,0.015609572722088495,0.025302243569537038,119
56,high,cpu_util_percent,ema,0.011770360976846634,0.015903260614575497,0.025017231864690005,119
56,high,cpu_util_percent,last_value,0.011939046997100775,0.01560619789935178,0.025338982185792273,119
56,high,net_in,kalman,0.00012245083546990324,0.00018818563237449562,0.0002597671419473302,119
56,high,net_in,ema,0.00013007230790327778,0.00019353616889796184,0.00027593603260734224,119
56,high,net_in,last_value,0.00014110275386968317,0.0002113061127549558,0.0002993354404080154,119
56,high,net_out,kalman,0.00011257133110588889,0.00016718696680097545,0.0003003382431488392,119
56,high,net_out,ema,0.0001108287895126152,0.0001592485488686908,0.00029569341495331534,119
56,high,net_out,last_value,0.00012961837644996678,0.00018522414146132112,0.00034581099910238145,119
57,high,cpu_util_percent,kalman,0.0114012144215683,0.015113859595336263,0.02374102557990693,119
57,high,cpu_util_percent,ema,0.011094565377010913,0.014754216952581533,0.0231074312441917,119
57,high,cpu_util_percent,last_value,0.011428820525479316,0.015146581318497804,0.023798710581181444,119
57,high,net_in,kalman,0.00017455319681036145,0.00029339776711071776,0.0003702823371190265,119
57,high,net_in,ema,0.0001716740003118498,0.00029731190655579747,0.00036415937402173873,119
57,high,net_in,last_value,0.00017704949857601623,0.0003046616885025772,0.000375547344801354,119
57,high,net_out,kalman,0.0001326773008914549,0.0002185231410578111,0.0003538321032702016,119
57,high,net_out,ema,0.00013269759454811244,0.00021836236462336188,0.0003538874229553831,119
57,high,net_out,last_value,0.0001380955537053277,0.00022706904937374922,0.0003682604492514492,119
58,high,cpu_util_percent,kalman,0.011260347215186555,0.014264290063576098,0.02618990218102545,119
58,high,cpu_util_percent,ema,0.011094092938773335,0.01418755332244921,0.025778688233440518,119
58,high,cpu_util_percent,last_value,0.011276288340948444,0.014285860937458518,0.02622671817773306,119
58,high,net_in,kalman,8.95175330869912e-05,0.0001224291650979958,0.0001897579066391948,119
58,high,net_in,ema,9.36273273638498e-05,0.0001270740475523949,0.00019846872535214481,119
58,high,net_in,last_value,0.00010146756118261792,0.00013917958117372827,0.00021508965217163198,119
58,high,net_out,kalman,7.195219873179458e-05,9.440858998433054e-05,0.00019176455475222737,119
58,high,net_out,ema,7.109515533393527e-05,9.305257697176292e-05,0.00018947945194428855,119
58,high,net_out,last_value,8.377472292608273e-05,0.00010851328912635247,0.00022327465314237176,119
59,high,cpu_util_percent,kalman,0.01577255179717832,0.022630468143659887,0.0326998076602161,119
59,high,cpu_util_percent,ema,0.016658339566190842,0.02339045264015175,0.0344001860461878,119
59,high,cpu_util_percent,last_value,0.015735707441365605,0.02259541396305333,0.03263199433268092,119
59,high,net_in,kalman,8.95495496140715e-05,0.00013310844806023778,0.0001897118072897375,119
59,high,net_in,ema,9.44408437704163e-05,0.0001403366118333459,0.0002000717635138102,119
59,high,net_in,last_value,0.00010126686515017927,0.00014973054353645648,0.0002145312294323911,119
59,high,net_out,kalman,7.656306963925755e-05,0.00012180444624009135,0.00020394609330809082,119
59,high,net_out,ema,7.625415909744173e-05,0.00012124560160870363,0.00020312333308271496,119
59,high,net_out,last_value,8.741919324199697e-05,0.00013609233380103844,0.00023285892649962684,119
60,medium,cpu_util_percent,kalman,0.014207352505216648,0.018583307260007714,0.03304593482167923,119
60,medium,cpu_util_percent,ema,0.014643762430120423,0.019146005414315142,0.033862603039450455,119
60,medium,cpu_util_percent,last_value,0.014191884304534427,0.01856467866286259,0.03301851867641381,119
60,medium,net_in,kalman,7.366171356616911e-05,0.00013605761325615777,0.00015598527366193535,119
60,medium,net_in,ema,7.2871910972863e-05,0.0001324953940516377,0.00015431087624880293,119
60,medium,net_in,last_value,7.57535583276974e-05,0.00013327391015559902,0.00016041088462708802,119
60,medium,net_out,kalman,6.395779111691671e-05,0.00011507376323646225,0.00017024370212764765,119
60,medium,net_out,ema,6.384335835544142e-05,0.00011537662136453361,0.00016993889548124792,119
60,medium,net_out,last_value,6.91882573407189e-05,0.00011636930596268085,0.00018416349486762894,119
61,medium,cpu_util_percent,kalman,0.01193310727483308,0.015877291796265465,0.02796697520736534,119
61,medium,cpu_util_percent,ema,0.012291215429539645,0.016329628418897506,0.02880013248262729,119
61,medium,cpu_util_percent,last_value,0.011921346984005047,0.01586587774897506,0.027940382466896018,119
61,medium,net_in,kalman,8.308503599841435e-05,0.00012447207090311228,0.0001758122892592472,119
61,medium,net_in,ema,8.983649525448262e-05,0.0001328458338135345,0.00019009839022865503,119
61,medium,net_in,last_value,9.925950237898015e-05,0.0001479793503673209,0.00021003811909732267,119
61,medium,net_out,kalman,8.49072402778677e-05,0.00012355789752329,0.00022589908910314988,119
61,medium,net_out,ema,8.355588893939255e-05,0.0001208175456139234,0.00022230298497726765,119
61,medium,net_out,last_value,9.724440211024153e-05,0.00014266610466259582,0.0002587251326034472,119
62,high,cpu_util_percent,kalman,0.0125405419778703,0.015768371009720557,0.028323774612841184,119
62,high,cpu_util_percent,ema,0.012625370473403263,0.01579791029799616,0.02848320543560517,119
62,high,cpu_util_percent,last_value,0.012540302185992594,0.015774882732532244,0.028326496687044164,119
62,high,net_in,kalman,7.241989926771075e-05,0.00010672068851951729,0.00015316315974307245,119
62,high,net_in,ema,7.773935787655063e-05,0.00011444770904811673,0.00016441425123461394,119
62,high,net_in,last_value,8.586667561158142e-05,0.00012533620084877073,0.00018160469808174975,119
62,high,net_out,kalman,6.342453527574443e-05,9.509499222732586e-05,0.00016864284812704103,119
62,high,net_out,ema,6.291897002438252e-05,9.442355075435117e-05,0.00016729822216839538,119
62,high,net_out,last_value,7.398796606233089e-05,0.00011102075245530944,0.00019673485222409853,119
63,high,cpu_util_percent,kalman,0.0115935257446253,0.015434009316775233,0.025249638984189936,119
63,high,cpu_util_percent,ema,0.011506562344926531,0.015455546150399206,0.02505416447006329,119
63,high,cpu_util_percent,last_value,0.01160727247147221,0.015438921887146172,0.0252778609405558,119
63,high,net_in,kalman,9.233635270537802e-05,0.00016687873341776803,0.00019520779459693068,119
63,high,net_in,ema,9.493282308463401e-05,0.00016618639664975384,0.00020069332895156238,119
63,high,net_in,last_value,9.917419938509266e-05,0.00016903384789286184,0.00020966478072006082,119
63,high,net_out,kalman,7.815344626311427e-05,0.00013557922098260606,0.00020771549181901783,119
63,high,net_out,ema,7.930695803643991e-05,0.00013628984059043124,0.0002107833900086232,119
63,high,net_out,last_value,8.515582244435368e-05,0.0001400580712299729,0.0002263274487743617,119
64,high,cpu_util_percent,kalman,0.009709095028386244,0.01264648413298152,0.020020969224864675,119
64,high,cpu_util_percent,ema,0.009986518218028855,0.012870501432355581,0.02060608012572959,119
64,high,cpu_util_percent,last_value,0.00970278586657652,0.012646064412680083,0.02000768971479178,119
64,high,net_in,kalman,0.00010784043796962373,0.00017732283923479748,0.00022789364092354474,119
64,high,net_in,ema,0.00010864126142526835,0.0001832665762351275,0.00022958110204707288,119
64,high,net_in,last_value,0.00011507779441379929,0.0001972763799623702,0.00024317903244908552,119
64,high,net_out,kalman,8.66792157596775e-05,0.0001353178262824528,0.00023025314537976742,119
64,high,net_out,ema,8.612380620112644e-05,0.00013413927333961223,0.0002287784258533658,119
64,high,net_out,last_value,9.483122942427667e-05,0.0001536516554386495,0.0002519028535169895,119
65,high,cpu_util_percent,kalman,0.011879905929429406,0.015448208768723642,0.024725191884405865,119
65,high,cpu_util_percent,ema,0.012217577799688654,0.015830986908954407,0.025411936349461876,119
65,high,cpu_util_percent,last_value,0.011874393631732975,0.015439322504376397,0.02471655862372454,119
65,high,net_in,kalman,0.00012915504794648044,0.00021385612298688322,0.0002727931152163587,119
65,high,net_in,ema,0.00013182528568315405,0.0002174486089779049,0.00027842618472461795,119
65,high,net_in,last_value,0.00013932842808017233,0.00022628379423753745,0.0002942620606688505,119
65,high,net_out,kalman,0.00010968522559324798,0.00017241825371796623,0.0002911928518771683,119
65,high,net_out,ema,0.00010948833190594043,0.00017223311733745292,0.00029067061080005467,119
65,high,net_out,last_value,0.0001205255485165265,0.00018417534435148972,0.00031995694000443837,119
66,high,cpu_util_percent,kalman,0.010343809779374618,0.014146635065357521,0.02093764889071517,119
66,high,cpu_util_percent,ema,0.010416185329856135,0.014179010959529977,0.021160485532321513,119
66,high,cpu_util_percent,last_value,0.01034845714727173,0.014156842330160424,0.020943392944191046,119
66,high,net_in,kalman,9.513397271300706e-05,0.00015355828509168958,0.00020087785548203384,119
66,high,net_in,ema,9.197308753545471e-05,0.0001499590910871357,0.00019419813741320053,119
66,high,net_in,last_value,9.160296473193782e-05,0.000151797827524366,0.00019341142618609908,119
66,high,net_out,kalman,8.068266621185831e-05,0.00012649875721531108,0.00021413883074133757,119
66,high,net_out,ema,8.061790613606479e-05,0.00012688368393499628,0.0002139676161512913,119
66,high,net_out,last_value,8.05064806463162e-05,0.00012676851123759553,0.00021366244821467356,119
67,medium,cpu_util_percent,kalman,0.00799864922845221,0.010798305373787946,0.019001370295567137,119
67,medium,cpu_util_percent,ema,0.007766100259551491,0.010532657334498565,0.018439141189354996,119
67,medium,cpu_util_percent,last_value,0.008015269532472122,0.010818805094870132,0.019041537198290676,119
67,medium,net_in,kalman,7.63551079480356e-05,0.00011717446076582904,0.00016115089509195158,119
67,medium,net_in,ema,7.723152260691267e-05,0.00011600718235311559,0.00016299731487929772,119
67,medium,net_in,last_value,8.324141556244766e-05,0.00012267092267054797,0.0001756826086111588,119
67,medium,net_out,kalman,6.34427508551133e-05,9.137162346211072e-05,0.0001682734377423948,119
67,medium,net_out,ema,6.274078262041289e-05,8.949248774388009e-05,0.0001664100113781847,119
67,medium,net_out,last_value,7.203455827161428e-05,0.0001002435960495416,0.00019106070405094732,119
68,medium,cpu_util_percent,kalman,0.009375439628888932,0.012741752492191245,0.02270785111767262,119
68,medium,cpu_util_percent,ema,0.009000090253810855,0.012411961129390473,0.02180826977923842,119
68,medium,cpu_util_percent,last_value,0.00939891970842925,0.012762303671631479,0.02276509287176111,119
68,medium,net_in,kalman,8.04161264090784e-05,0.0001154367291957619,0.00016968316419771083,119
68,medium,net_in,ema,8.341300372165834e-05,0.00012098296330821759,0.00017600779187984896,119
68,medium,net_in,last_value,8.894353563246467e-05,0.00012975942672858266,0.00018767938557910803,119
68,medium,net_out,kalman,7.116867630590025e-05,9.989371064694826e-05,0.00018870487438174497,119
68,medium,net_out,ema,7.081138455890968e-05,9.948618349226549e-05,0.0001877572563214182,119
68,medium,net_out,last_value,8.047885057724783e-05,0.00011232751143900239,0.00021339394520792187,119
69,high,cpu_util_percent,kalman,0.011848922350657246,0.01739341248220475,0.026237069160966114,119
69,high,cpu_util_percent,ema,0.012026247581435327,0.018010447154157165,0.026593187831884708,119
69,high,cpu_util_percent,last_value,0.011839924963066841,0.017374201312464553,0.026218946259106746,119
69,high,net_in,kalman,0.0002529381226953016,0.00045986215128265454,0.0005348848258512344,119
69,high,net_in,ema,0.0002190319474298533,0.00043844270139298394,0.0004631846235440866,119
69,high,net_in,last_value,0.0001983538623609239,0.00043294582290706097,0.00041944128949952147,119
69,high,net_out,kalman,0.0002285601113564096,0.00041750028498218017,0.0006074542467815938,119
69,high,net_out,ema,0.00023238429139610338,0.0004203664497919863,0.0006176147703175656,119
69,high,net_out,last_value,0.00018099125766006237,0.00039196874087129126,0.0004810122526832189,119
70,medium,cpu_util_percent,kalman,0.00888132719917153,0.01182171014518181,0.02181935916310765,119
70,medium,cpu_util_percent,ema,0.008700590026370128,0.011732004677855717,0.02134381566798246,119
70,medium,cpu_util_percent,last_value,0.008896294752463386,0.011838710501497044,0.02185837875138615,119
70,medium,net_in,kalman,0.00017592655343490193,0.000352779345390946,0.0003716030870185494,119
70,medium,net_in,ema,0.0001556463468071945,0.00033558295435978484,0.00032876204879690095,119
70,medium,net_in,last_value,0.0001458135158029552,0.0003302282185009685,0.0003079919654328376,119
70,medium,net_out,kalman,0.00014435073793357597,0.00028244769021420113,0.00038305765124155717,119
70,medium,net_out,ema,0.00014762848347952767,0.0002847050793277475,0.00039175396555459494,119
70,medium,net_out,last_value,0.00012068309341345862,0.00026559401532848405,0.0003202704018153483,119
71,low,cpu_util_percent,kalman,0.00888955433027717,0.011693632019664656,0.023582464304169437,119
71,low,cpu_util_percent,ema,0.008437499977036099,0.011175115356860048,0.022394079150417804,119
71,low,cpu_util_percent,last_value,0.008915563612732927,0.011722762566707243,0.0236516291202617,119
71,low,net_in,kalman,0.00015631953251253733,0.00025366479876292415,0.00032952754473123135,119
71,low,net_in,ema,0.00015741358706837643,0.00026257758050590144,0.00033181265852283887,119
71,low,net_in,last_value,0.00016503875390866537,0.0002795758624567932,0.0003478757003271487,119
71,low,net_out,kalman,0.00012257189011077068,0.00019467442705353307,0.000324656133651718,119
71,low,net_out,ema,0.00012254278528437207,0.0001940087827095629,0.000324581304356004,119
71,low,net_out,last_value,0.00013438984706750523,0.00021982458242973536,0.00035592339843498825,119
